battery_id,cycle,soh,freq_Hz,z_real_ohm,z_imag_ohm
SIM-LCO-37-01,181,0.9502,10.0,0.186622,-0.012104
SIM-LCO-37-01,181,0.9502,20.0,0.187214,-0.013926
SIM-LCO-37-01,181,0.9502,50.0,0.185105,-0.013261
SIM-LCO-37-01,181,0.9502,100.0,0.186372,-0.015632
SIM-LCO-37-01,181,0.9502,200.0,0.184926,-0.015186
SIM-LCO-37-01,181,0.9502,500.0,0.186593,-0.017982
SIM-LCO-37-01,181,0.9502,1000.0,0.188617,-0.019813
SIM-LCO-37-01,181,0.9502,2000.0,0.184104,-0.020226
SIM-LCO-37-01,181,0.9502,5000.0,0.190487,-0.02158
SIM-LCO-37-01,181,0.9502,10000.0,0.18537,-0.026873
SIM-LCO-37-01,395,0.9001,10.0,0.22029,-0.012623
SIM-LCO-37-01,395,0.9001,20.0,0.222541,-0.013476
SIM-LCO-37-01,395,0.9001,50.0,0.219611,-0.015007
SIM-LCO-37-01,395,0.9001,100.0,0.221244,-0.015806
SIM-LCO-37-01,395,0.9001,200.0,0.221644,-0.016269
SIM-LCO-37-01,395,0.9001,500.0,0.22756,-0.019168
SIM-LCO-37-01,395,0.9001,1000.0,0.223833,-0.019811
SIM-LCO-37-01,395,0.9001,2000.0,0.224355,-0.022593
SIM-LCO-37-01,395,0.9001,5000.0,0.220882,-0.024299
SIM-LCO-37-01,395,0.9001,10000.0,0.219656,-0.024123
SIM-LCO-37-01,597,0.8499,10.0,0.260813,-0.012774
SIM-LCO-37-01,597,0.8499,20.0,0.256536,-0.013694
SIM-LCO-37-01,597,0.8499,50.0,0.265274,-0.016163
SIM-LCO-37-01,597,0.8499,100.0,0.262844,-0.017077
SIM-LCO-37-01,597,0.8499,200.0,0.263341,-0.018317
SIM-LCO-37-01,597,0.8499,500.0,0.264741,-0.019852
SIM-LCO-37-01,597,0.8499,1000.0,0.260559,-0.022595
SIM-LCO-37-01,597,0.8499,2000.0,0.262264,-0.023077
SIM-LCO-37-01,597,0.8499,5000.0,0.257156,-0.023063
SIM-LCO-37-01,597,0.8499,10000.0,0.262762,-0.023716
SIM-LCO-37-01,710,0.7999,10.0,0.299418,-0.011552
SIM-LCO-37-01,710,0.7999,20.0,0.305544,-0.014712
SIM-LCO-37-01,710,0.7999,50.0,0.303694,-0.016717
SIM-LCO-37-01,710,0.7999,100.0,0.299265,-0.015387
SIM-LCO-37-01,710,0.7999,200.0,0.301685,-0.018445
SIM-LCO-37-01,710,0.7999,500.0,0.302954,-0.021116
SIM-LCO-37-01,710,0.7999,1000.0,0.30318,-0.022655
SIM-LCO-37-01,710,0.7999,2000.0,0.30684,-0.023715
SIM-LCO-37-01,710,0.7999,5000.0,0.304879,-0.025174
SIM-LCO-37-01,710,0.7999,10000.0,0.303661,-0.025732
SIM-LCO-37-01,801,0.7501,10.0,0.341305,-0.013707
SIM-LCO-37-01,801,0.7501,20.0,0.33896,-0.014026
SIM-LCO-37-01,801,0.7501,50.0,0.346334,-0.01409
SIM-LCO-37-01,801,0.7501,100.0,0.342172,-0.017452
SIM-LCO-37-01,801,0.7501,200.0,0.345006,-0.019269
SIM-LCO-37-01,801,0.7501,500.0,0.344957,-0.018747
SIM-LCO-37-01,801,0.7501,1000.0,0.345642,-0.021497
SIM-LCO-37-01,801,0.7501,2000.0,0.334208,-0.02406
SIM-LCO-37-01,801,0.7501,5000.0,0.340566,-0.022955
SIM-LCO-37-01,801,0.7501,10000.0,0.343783,-0.026703
SIM-LCO-37-01,891,0.7001,10.0,0.369022,-0.013125
SIM-LCO-37-01,891,0.7001,20.0,0.38121,-0.014726
SIM-LCO-37-01,891,0.7001,50.0,0.377153,-0.015217
SIM-LCO-37-01,891,0.7001,100.0,0.371123,-0.016571
SIM-LCO-37-01,891,0.7001,200.0,0.375501,-0.019406
SIM-LCO-37-01,891,0.7001,500.0,0.371645,-0.019127
SIM-LCO-37-01,891,0.7001,1000.0,0.372772,-0.021605
SIM-LCO-37-01,891,0.7001,2000.0,0.37073,-0.024259
SIM-LCO-37-01,891,0.7001,5000.0,0.377144,-0.025356
SIM-LCO-37-01,891,0.7001,10000.0,0.378784,-0.027061
SIM-LCO-37-02,179,0.9499,10.0,0.190553,-0.011266
SIM-LCO-37-02,179,0.9499,20.0,0.190253,-0.013392
SIM-LCO-37-02,179,0.9499,50.0,0.187967,-0.015707
SIM-LCO-37-02,179,0.9499,100.0,0.190078,-0.01729
SIM-LCO-37-02,179,0.9499,200.0,0.192581,-0.017185
SIM-LCO-37-02,179,0.9499,500.0,0.190168,-0.019351
SIM-LCO-37-02,179,0.9499,1000.0,0.190684,-0.020897
SIM-LCO-37-02,179,0.9499,2000.0,0.189626,-0.022599
SIM-LCO-37-02,179,0.9499,5000.0,0.185034,-0.022295
SIM-LCO-37-02,179,0.9499,10000.0,0.186122,-0.024277
SIM-LCO-37-02,382,0.8999,10.0,0.228233,-0.013606
SIM-LCO-37-02,382,0.8999,20.0,0.230147,-0.012341
SIM-LCO-37-02,382,0.8999,50.0,0.232683,-0.016117
SIM-LCO-37-02,382,0.8999,100.0,0.230506,-0.017317
SIM-LCO-37-02,382,0.8999,200.0,0.227522,-0.01598
SIM-LCO-37-02,382,0.8999,500.0,0.229407,-0.018879
SIM-LCO-37-02,382,0.8999,1000.0,0.228131,-0.019578
SIM-LCO-37-02,382,0.8999,2000.0,0.226494,-0.022828
SIM-LCO-37-02,382,0.8999,5000.0,0.228114,-0.022192
SIM-LCO-37-02,382,0.8999,10000.0,0.227574,-0.024617
SIM-LCO-37-02,576,0.85,10.0,0.25541,-0.014495
SIM-LCO-37-02,576,0.85,20.0,0.262225,-0.012119
SIM-LCO-37-02,576,0.85,50.0,0.258906,-0.014704
SIM-LCO-37-02,576,0.85,100.0,0.259302,-0.01645
SIM-LCO-37-02,576,0.85,200.0,0.259627,-0.016218
SIM-LCO-37-02,576,0.85,500.0,0.255592,-0.018751
SIM-LCO-37-02,576,0.85,1000.0,0.256341,-0.022635
SIM-LCO-37-02,576,0.85,2000.0,0.256109,-0.022889
SIM-LCO-37-02,576,0.85,5000.0,0.259883,-0.023614
SIM-LCO-37-02,576,0.85,10000.0,0.25336,-0.025459
SIM-LCO-37-02,732,0.7999,10.0,0.305168,-0.013603
SIM-LCO-37-02,732,0.7999,20.0,0.303622,-0.015283
SIM-LCO-37-02,732,0.7999,50.0,0.30301,-0.013401
SIM-LCO-37-02,732,0.7999,100.0,0.297083,-0.015165
SIM-LCO-37-02,732,0.7999,200.0,0.302733,-0.017165
SIM-LCO-37-02,732,0.7999,500.0,0.30174,-0.019801
SIM-LCO-37-02,732,0.7999,1000.0,0.299188,-0.020134
SIM-LCO-37-02,732,0.7999,2000.0,0.296622,-0.022171
SIM-LCO-37-02,732,0.7999,5000.0,0.30411,-0.023691
SIM-LCO-37-02,732,0.7999,10000.0,0.302998,-0.025543
SIM-LCO-37-02,824,0.7499,10.0,0.342901,-0.011644
SIM-LCO-37-02,824,0.7499,20.0,0.341989,-0.014162
SIM-LCO-37-02,824,0.7499,50.0,0.344148,-0.016027
SIM-LCO-37-02,824,0.7499,100.0,0.339409,-0.016308
SIM-LCO-37-02,824,0.7499,200.0,0.346738,-0.017516
SIM-LCO-37-02,824,0.7499,500.0,0.341165,-0.020274
SIM-LCO-37-02,824,0.7499,1000.0,0.339502,-0.021237
SIM-LCO-37-02,824,0.7499,2000.0,0.33924,-0.023513
SIM-LCO-37-02,824,0.7499,5000.0,0.348607,-0.02391
SIM-LCO-37-02,824,0.7499,10000.0,0.339391,-0.026638
SIM-LCO-37-02,914,0.7003,10.0,0.377319,-0.013006
SIM-LCO-37-02,914,0.7003,20.0,0.38295,-0.01506
SIM-LCO-37-02,914,0.7003,50.0,0.379767,-0.014839
SIM-LCO-37-02,914,0.7003,100.0,0.372543,-0.017295
SIM-LCO-37-02,914,0.7003,200.0,0.37639,-0.018159
SIM-LCO-37-02,914,0.7003,500.0,0.377543,-0.021693
SIM-LCO-37-02,914,0.7003,1000.0,0.382825,-0.022074
SIM-LCO-37-02,914,0.7003,2000.0,0.374624,-0.023098
SIM-LCO-37-02,914,0.7003,5000.0,0.383758,-0.023406
SIM-LCO-37-02,914,0.7003,10000.0,0.379299,-0.026303
SIM-LCO-37-03,184,0.9497,10.0,0.189251,-0.01296
SIM-LCO-37-03,184,0.9497,20.0,0.186181,-0.013267
SIM-LCO-37-03,184,0.9497,50.0,0.185311,-0.01461
SIM-LCO-37-03,184,0.9497,100.0,0.185915,-0.015425
SIM-LCO-37-03,184,0.9497,200.0,0.183327,-0.017785
SIM-LCO-37-03,184,0.9497,500.0,0.18832,-0.020137
SIM-LCO-37-03,184,0.9497,1000.0,0.181953,-0.021942
SIM-LCO-37-03,184,0.9497,2000.0,0.187049,-0.022383
SIM-LCO-37-03,184,0.9497,5000.0,0.190088,-0.025197
SIM-LCO-37-03,184,0.9497,10000.0,0.186073,-0.025316
SIM-LCO-37-03,381,0.9,10.0,0.228279,-0.011177
SIM-LCO-37-03,381,0.9,20.0,0.228479,-0.013221
SIM-LCO-37-03,381,0.9,50.0,0.228669,-0.0163
SIM-LCO-37-03,381,0.9,100.0,0.224402,-0.01484
SIM-LCO-37-03,381,0.9,200.0,0.227686,-0.016397
SIM-LCO-37-03,381,0.9,500.0,0.230224,-0.019764
SIM-LCO-37-03,381,0.9,1000.0,0.226137,-0.022375
SIM-LCO-37-03,381,0.9,2000.0,0.225976,-0.021885
SIM-LCO-37-03,381,0.9,5000.0,0.227218,-0.021832
SIM-LCO-37-03,381,0.9,10000.0,0.227327,-0.024915
SIM-LCO-37-03,585,0.85,10.0,0.274766,-0.012128
SIM-LCO-37-03,585,0.85,20.0,0.268836,-0.013365
SIM-LCO-37-03,585,0.85,50.0,0.267384,-0.015872
SIM-LCO-37-03,585,0.85,100.0,0.267357,-0.018396
SIM-LCO-37-03,585,0.85,200.0,0.271938,-0.018482
SIM-LCO-37-03,585,0.85,500.0,0.26884,-0.019789
SIM-LCO-37-03,585,0.85,1000.0,0.270442,-0.022518
SIM-LCO-37-03,585,0.85,2000.0,0.266516,-0.022665
SIM-LCO-37-03,585,0.85,5000.0,0.269535,-0.023838
SIM-LCO-37-03,585,0.85,10000.0,0.267925,-0.024175
SIM-LCO-37-03,710,0.7998,10.0,0.302347,-0.011469
SIM-LCO-37-03,710,0.7998,20.0,0.302278,-0.014731
SIM-LCO-37-03,710,0.7998,50.0,0.305723,-0.015986
SIM-LCO-37-03,710,0.7998,100.0,0.302704,-0.018148
SIM-LCO-37-03,710,0.7998,200.0,0.296893,-0.017466
SIM-LCO-37-03,710,0.7998,500.0,0.304169,-0.020374
SIM-LCO-37-03,710,0.7998,1000.0,0.301946,-0.021325
SIM-LCO-37-03,710,0.7998,2000.0,0.300362,-0.023502
SIM-LCO-37-03,710,0.7998,5000.0,0.308445,-0.023485
SIM-LCO-37-03,710,0.7998,10000.0,0.30023,-0.028116
SIM-LCO-37-03,803,0.7497,10.0,0.350463,-0.013302
SIM-LCO-37-03,803,0.7497,20.0,0.354331,-0.013665
SIM-LCO-37-03,803,0.7497,50.0,0.348642,-0.014238
SIM-LCO-37-03,803,0.7497,100.0,0.347319,-0.016486
SIM-LCO-37-03,803,0.7497,200.0,0.347822,-0.018721
SIM-LCO-37-03,803,0.7497,500.0,0.345406,-0.020009
SIM-LCO-37-03,803,0.7497,1000.0,0.352114,-0.021916
SIM-LCO-37-03,803,0.7497,2000.0,0.350593,-0.023706
SIM-LCO-37-03,803,0.7497,5000.0,0.351245,-0.024794
SIM-LCO-37-03,803,0.7497,10000.0,0.351686,-0.025208
SIM-LCO-37-03,894,0.7001,10.0,0.374795,-0.013514
SIM-LCO-37-03,894,0.7001,20.0,0.379836,-0.014424
SIM-LCO-37-03,894,0.7001,50.0,0.377753,-0.015287
SIM-LCO-37-03,894,0.7001,100.0,0.378932,-0.018625
SIM-LCO-37-03,894,0.7001,200.0,0.372695,-0.017833
SIM-LCO-37-03,894,0.7001,500.0,0.378163,-0.020343
SIM-LCO-37-03,894,0.7001,1000.0,0.381705,-0.020706
SIM-LCO-37-03,894,0.7001,2000.0,0.380503,-0.02255
SIM-LCO-37-03,894,0.7001,5000.0,0.380982,-0.024998
SIM-LCO-37-03,894,0.7001,10000.0,0.388441,-0.026633
SIM-LCO-38-01,126,0.9499,10.0,0.191519,-0.014005
SIM-LCO-38-01,126,0.9499,20.0,0.190646,-0.012272
SIM-LCO-38-01,126,0.9499,50.0,0.187694,-0.013934
SIM-LCO-38-01,126,0.9499,100.0,0.190046,-0.01731
SIM-LCO-38-01,126,0.9499,200.0,0.18886,-0.018
SIM-LCO-38-01,126,0.9499,500.0,0.189894,-0.019995
SIM-LCO-38-01,126,0.9499,1000.0,0.191143,-0.02139
SIM-LCO-38-01,126,0.9499,2000.0,0.18916,-0.021057
SIM-LCO-38-01,126,0.9499,5000.0,0.191633,-0.024337
SIM-LCO-38-01,126,0.9499,10000.0,0.190281,-0.025228
SIM-LCO-38-01,268,0.8999,10.0,0.229997,-0.014064
SIM-LCO-38-01,268,0.8999,20.0,0.229372,-0.013833
SIM-LCO-38-01,268,0.8999,50.0,0.227556,-0.016531
SIM-LCO-38-01,268,0.8999,100.0,0.225844,-0.018103
SIM-LCO-38-01,268,0.8999,200.0,0.231893,-0.017795
SIM-LCO-38-01,268,0.8999,500.0,0.229168,-0.017892
SIM-LCO-38-01,268,0.8999,1000.0,0.229487,-0.020003
SIM-LCO-38-01,268,0.8999,2000.0,0.229302,-0.022149
SIM-LCO-38-01,268,0.8999,5000.0,0.227986,-0.022516
SIM-LCO-38-01,268,0.8999,10000.0,0.23076,-0.024245
SIM-LCO-38-01,409,0.85,10.0,0.26197,-0.011766
SIM-LCO-38-01,409,0.85,20.0,0.260852,-0.012816
SIM-LCO-38-01,409,0.85,50.0,0.261174,-0.017731
SIM-LCO-38-01,409,0.85,100.0,0.265065,-0.015795
SIM-LCO-38-01,409,0.85,200.0,0.262377,-0.019443
SIM-LCO-38-01,409,0.85,500.0,0.266938,-0.018736
SIM-LCO-38-01,409,0.85,1000.0,0.261281,-0.022236
SIM-LCO-38-01,409,0.85,2000.0,0.262484,-0.022677
SIM-LCO-38-01,409,0.85,5000.0,0.262203,-0.024504
SIM-LCO-38-01,409,0.85,10000.0,0.262943,-0.025471
SIM-LCO-38-01,509,0.8001,10.0,0.305284,-0.01261
SIM-LCO-38-01,509,0.8001,20.0,0.301666,-0.013814
SIM-LCO-38-01,509,0.8001,50.0,0.297885,-0.016459
SIM-LCO-38-01,509,0.8001,100.0,0.299932,-0.017809
SIM-LCO-38-01,509,0.8001,200.0,0.305142,-0.01744
SIM-LCO-38-01,509,0.8001,500.0,0.29715,-0.019755
SIM-LCO-38-01,509,0.8001,1000.0,0.305433,-0.019159
SIM-LCO-38-01,509,0.8001,2000.0,0.300066,-0.021907
SIM-LCO-38-01,509,0.8001,5000.0,0.304631,-0.022896
SIM-LCO-38-01,509,0.8001,10000.0,0.305034,-0.025229
SIM-LCO-38-01,574,0.7501,10.0,0.350787,-0.012814
SIM-LCO-38-01,574,0.7501,20.0,0.342219,-0.011988
SIM-LCO-38-01,574,0.7501,50.0,0.348663,-0.015986
SIM-LCO-38-01,574,0.7501,100.0,0.343721,-0.01699
SIM-LCO-38-01,574,0.7501,200.0,0.342377,-0.018177
SIM-LCO-38-01,574,0.7501,500.0,0.350187,-0.020121
SIM-LCO-38-01,574,0.7501,1000.0,0.344393,-0.021784
SIM-LCO-38-01,574,0.7501,2000.0,0.347538,-0.021036
SIM-LCO-38-01,574,0.7501,5000.0,0.348401,-0.023898
SIM-LCO-38-01,574,0.7501,10000.0,0.351979,-0.026189
SIM-LCO-38-01,640,0.6998,10.0,0.373359,-0.013233
SIM-LCO-38-01,640,0.6998,20.0,0.377934,-0.012738
SIM-LCO-38-01,640,0.6998,50.0,0.379881,-0.018012
SIM-LCO-38-01,640,0.6998,100.0,0.374888,-0.017379
SIM-LCO-38-01,640,0.6998,200.0,0.377667,-0.017653
SIM-LCO-38-01,640,0.6998,500.0,0.369421,-0.020571
SIM-LCO-38-01,640,0.6998,1000.0,0.377405,-0.020938
SIM-LCO-38-01,640,0.6998,2000.0,0.378951,-0.022071
SIM-LCO-38-01,640,0.6998,5000.0,0.373797,-0.024965
SIM-LCO-38-01,640,0.6998,10000.0,0.372987,-0.025796
SIM-LCO-38-02,123,0.9501,10.0,0.196259,-0.010808
SIM-LCO-38-02,123,0.9501,20.0,0.195884,-0.012742
SIM-LCO-38-02,123,0.9501,50.0,0.19708,-0.014819
SIM-LCO-38-02,123,0.9501,100.0,0.199122,-0.016239
SIM-LCO-38-02,123,0.9501,200.0,0.194939,-0.018202
SIM-LCO-38-02,123,0.9501,500.0,0.198032,-0.018706
SIM-LCO-38-02,123,0.9501,1000.0,0.196434,-0.020775
SIM-LCO-38-02,123,0.9501,2000.0,0.197752,-0.020959
SIM-LCO-38-02,123,0.9501,5000.0,0.197687,-0.023981
SIM-LCO-38-02,123,0.9501,10000.0,0.196565,-0.022806
SIM-LCO-38-02,266,0.9003,10.0,0.23439,-0.014481
SIM-LCO-38-02,266,0.9003,20.0,0.231574,-0.014033
SIM-LCO-38-02,266,0.9003,50.0,0.232284,-0.014361
SIM-LCO-38-02,266,0.9003,100.0,0.227215,-0.016947
SIM-LCO-38-02,266,0.9003,200.0,0.234554,-0.017971
SIM-LCO-38-02,266,0.9003,500.0,0.231941,-0.01765
SIM-LCO-38-02,266,0.9003,1000.0,0.22756,-0.020862
SIM-LCO-38-02,266,0.9003,2000.0,0.226842,-0.021134
SIM-LCO-38-02,266,0.9003,5000.0,0.23373,-0.023042
SIM-LCO-38-02,266,0.9003,10000.0,0.229089,-0.023964
SIM-LCO-38-02,408,0.8504,10.0,0.262974,-0.012352
SIM-LCO-38-02,408,0.8504,20.0,0.263759,-0.013284
SIM-LCO-38-02,408,0.8504,50.0,0.263844,-0.01653
SIM-LCO-38-02,408,0.8504,100.0,0.26343,-0.018701
SIM-LCO-38-02,408,0.8504,200.0,0.263196,-0.018073
SIM-LCO-38-02,408,0.8504,500.0,0.268431,-0.019797
SIM-LCO-38-02,408,0.8504,1000.0,0.267606,-0.020541
SIM-LCO-38-02,408,0.8504,2000.0,0.259509,-0.021596
SIM-LCO-38-02,408,0.8504,5000.0,0.264917,-0.02301
SIM-LCO-38-02,408,0.8504,10000.0,0.26024,-0.024848
SIM-LCO-38-02,492,0.7998,10.0,0.300611,-0.013478
SIM-LCO-38-02,492,0.7998,20.0,0.299464,-0.013997
SIM-LCO-38-02,492,0.7998,50.0,0.297469,-0.014932
SIM-LCO-38-02,492,0.7998,100.0,0.299178,-0.016898
SIM-LCO-38-02,492,0.7998,200.0,0.299346,-0.017588
SIM-LCO-38-02,492,0.7998,500.0,0.298473,-0.020687
SIM-LCO-38-02,492,0.7998,1000.0,0.297829,-0.021764
SIM-LCO-38-02,492,0.7998,2000.0,0.301635,-0.023142
SIM-LCO-38-02,492,0.7998,5000.0,0.300797,-0.02416
SIM-LCO-38-02,492,0.7998,10000.0,0.294004,-0.025411
SIM-LCO-38-02,557,0.7501,10.0,0.343188,-0.011451
SIM-LCO-38-02,557,0.7501,20.0,0.333218,-0.014081
SIM-LCO-38-02,557,0.7501,50.0,0.340778,-0.016834
SIM-LCO-38-02,557,0.7501,100.0,0.342575,-0.017101
SIM-LCO-38-02,557,0.7501,200.0,0.341216,-0.019327
SIM-LCO-38-02,557,0.7501,500.0,0.337768,-0.020283
SIM-LCO-38-02,557,0.7501,1000.0,0.342293,-0.023022
SIM-LCO-38-02,557,0.7501,2000.0,0.34066,-0.020634
SIM-LCO-38-02,557,0.7501,5000.0,0.339949,-0.026227
SIM-LCO-38-02,557,0.7501,10000.0,0.343206,-0.027189
SIM-LCO-38-02,621,0.6993,10.0,0.378011,-0.012869
SIM-LCO-38-02,621,0.6993,20.0,0.378548,-0.014384
SIM-LCO-38-02,621,0.6993,50.0,0.376684,-0.016458
SIM-LCO-38-02,621,0.6993,100.0,0.380758,-0.017379
SIM-LCO-38-02,621,0.6993,200.0,0.37459,-0.01983
SIM-LCO-38-02,621,0.6993,500.0,0.373881,-0.021144
SIM-LCO-38-02,621,0.6993,1000.0,0.377332,-0.022445
SIM-LCO-38-02,621,0.6993,2000.0,0.379914,-0.022686
SIM-LCO-38-02,621,0.6993,5000.0,0.382144,-0.025411
SIM-LCO-38-02,621,0.6993,10000.0,0.382342,-0.027761
SIM-LCO-38-03,119,0.9502,10.0,0.183486,-0.012114
SIM-LCO-38-03,119,0.9502,20.0,0.187345,-0.014117
SIM-LCO-38-03,119,0.9502,50.0,0.188174,-0.016418
SIM-LCO-38-03,119,0.9502,100.0,0.186179,-0.01593
SIM-LCO-38-03,119,0.9502,200.0,0.18786,-0.017617
SIM-LCO-38-03,119,0.9502,500.0,0.188401,-0.016929
SIM-LCO-38-03,119,0.9502,1000.0,0.188554,-0.018978
SIM-LCO-38-03,119,0.9502,2000.0,0.1891,-0.019814
SIM-LCO-38-03,119,0.9502,5000.0,0.187313,-0.024398
SIM-LCO-38-03,119,0.9502,10000.0,0.190818,-0.024865
SIM-LCO-38-03,266,0.8999,10.0,0.227771,-0.012672
SIM-LCO-38-03,266,0.8999,20.0,0.228386,-0.013291
SIM-LCO-38-03,266,0.8999,50.0,0.22662,-0.016175
SIM-LCO-38-03,266,0.8999,100.0,0.224828,-0.017133
SIM-LCO-38-03,266,0.8999,200.0,0.22627,-0.017816
SIM-LCO-38-03,266,0.8999,500.0,0.22611,-0.019237
SIM-LCO-38-03,266,0.8999,1000.0,0.225966,-0.022388
SIM-LCO-38-03,266,0.8999,2000.0,0.228317,-0.022603
SIM-LCO-38-03,266,0.8999,5000.0,0.229822,-0.0239
SIM-LCO-38-03,266,0.8999,10000.0,0.223955,-0.026527
SIM-LCO-38-03,403,0.8495,10.0,0.274643,-0.011257
SIM-LCO-38-03,403,0.8495,20.0,0.274994,-0.013463
SIM-LCO-38-03,403,0.8495,50.0,0.271156,-0.015523
SIM-LCO-38-03,403,0.8495,100.0,0.272579,-0.016719
SIM-LCO-38-03,403,0.8495,200.0,0.272589,-0.016382
SIM-LCO-38-03,403,0.8495,500.0,0.27248,-0.019455
SIM-LCO-38-03,403,0.8495,1000.0,0.269997,-0.021005
SIM-LCO-38-03,403,0.8495,2000.0,0.266758,-0.022439
SIM-LCO-38-03,403,0.8495,5000.0,0.273619,-0.023452
SIM-LCO-38-03,403,0.8495,10000.0,0.279949,-0.025751
SIM-LCO-38-03,500,0.8004,10.0,0.297571,-0.013027
SIM-LCO-38-03,500,0.8004,20.0,0.300681,-0.01392
SIM-LCO-38-03,500,0.8004,50.0,0.303709,-0.016808
SIM-LCO-38-03,500,0.8004,100.0,0.302281,-0.017983
SIM-LCO-38-03,500,0.8004,200.0,0.299863,-0.018629
SIM-LCO-38-03,500,0.8004,500.0,0.300773,-0.017773
SIM-LCO-38-03,500,0.8004,1000.0,0.300972,-0.021111
SIM-LCO-38-03,500,0.8004,2000.0,0.301377,-0.020621
SIM-LCO-38-03,500,0.8004,5000.0,0.304375,-0.025411
SIM-LCO-38-03,500,0.8004,10000.0,0.298614,-0.026097
SIM-LCO-38-03,565,0.7503,10.0,0.334589,-0.012304
SIM-LCO-38-03,565,0.7503,20.0,0.337387,-0.014743
SIM-LCO-38-03,565,0.7503,50.0,0.340989,-0.014239
SIM-LCO-38-03,565,0.7503,100.0,0.341479,-0.016456
SIM-LCO-38-03,565,0.7503,200.0,0.332387,-0.019893
SIM-LCO-38-03,565,0.7503,500.0,0.337243,-0.021785
SIM-LCO-38-03,565,0.7503,1000.0,0.332073,-0.020758
SIM-LCO-38-03,565,0.7503,2000.0,0.337477,-0.022074
SIM-LCO-38-03,565,0.7503,5000.0,0.334672,-0.0232
SIM-LCO-38-03,565,0.7503,10000.0,0.337773,-0.025115
SIM-LCO-38-03,629,0.7,10.0,0.369676,-0.013242
SIM-LCO-38-03,629,0.7,20.0,0.372244,-0.015208
SIM-LCO-38-03,629,0.7,50.0,0.362949,-0.015682
SIM-LCO-38-03,629,0.7,100.0,0.369672,-0.015887
SIM-LCO-38-03,629,0.7,200.0,0.372858,-0.018073
SIM-LCO-38-03,629,0.7,500.0,0.365714,-0.021654
SIM-LCO-38-03,629,0.7,1000.0,0.369991,-0.022517
SIM-LCO-38-03,629,0.7,2000.0,0.367582,-0.023178
SIM-LCO-38-03,629,0.7,5000.0,0.365649,-0.023864
SIM-LCO-38-03,629,0.7,10000.0,0.367249,-0.024613
SIM-LCO-39-01,70,0.9503,10.0,0.183687,-0.012949
SIM-LCO-39-01,70,0.9503,20.0,0.184147,-0.012674
SIM-LCO-39-01,70,0.9503,50.0,0.18723,-0.015064
SIM-LCO-39-01,70,0.9503,100.0,0.188379,-0.013028
SIM-LCO-39-01,70,0.9503,200.0,0.185522,-0.017056
SIM-LCO-39-01,70,0.9503,500.0,0.187169,-0.01885
SIM-LCO-39-01,70,0.9503,1000.0,0.186129,-0.020509
SIM-LCO-39-01,70,0.9503,2000.0,0.184235,-0.020963
SIM-LCO-39-01,70,0.9503,5000.0,0.184838,-0.022549
SIM-LCO-39-01,70,0.9503,10000.0,0.18802,-0.025128
SIM-LCO-39-01,153,0.9003,10.0,0.223225,-0.011404
SIM-LCO-39-01,153,0.9003,20.0,0.219044,-0.013052
SIM-LCO-39-01,153,0.9003,50.0,0.221496,-0.015675
SIM-LCO-39-01,153,0.9003,100.0,0.221319,-0.015656
SIM-LCO-39-01,153,0.9003,200.0,0.219986,-0.01726
SIM-LCO-39-01,153,0.9003,500.0,0.223276,-0.020311
SIM-LCO-39-01,153,0.9003,1000.0,0.220304,-0.021646
SIM-LCO-39-01,153,0.9003,2000.0,0.222401,-0.021699
SIM-LCO-39-01,153,0.9003,5000.0,0.221184,-0.023108
SIM-LCO-39-01,153,0.9003,10000.0,0.21677,-0.025183
SIM-LCO-39-01,241,0.8499,10.0,0.272133,-0.011244
SIM-LCO-39-01,241,0.8499,20.0,0.271734,-0.012977
SIM-LCO-39-01,241,0.8499,50.0,0.266792,-0.015208
SIM-LCO-39-01,241,0.8499,100.0,0.273633,-0.016467
SIM-LCO-39-01,241,0.8499,200.0,0.2732,-0.019349
SIM-LCO-39-01,241,0.8499,500.0,0.275622,-0.020121
SIM-LCO-39-01,241,0.8499,1000.0,0.273132,-0.021257
SIM-LCO-39-01,241,0.8499,2000.0,0.273402,-0.022281
SIM-LCO-39-01,241,0.8499,5000.0,0.268327,-0.024878
SIM-LCO-39-01,241,0.8499,10000.0,0.267058,-0.027622
SIM-LCO-39-01,290,0.7998,10.0,0.300653,-0.014206
SIM-LCO-39-01,290,0.7998,20.0,0.302629,-0.013858
SIM-LCO-39-01,290,0.7998,50.0,0.302885,-0.014503
SIM-LCO-39-01,290,0.7998,100.0,0.296868,-0.017538
SIM-LCO-39-01,290,0.7998,200.0,0.296341,-0.018923
SIM-LCO-39-01,290,0.7998,500.0,0.302826,-0.01916
SIM-LCO-39-01,290,0.7998,1000.0,0.301489,-0.022712
SIM-LCO-39-01,290,0.7998,2000.0,0.307759,-0.022463
SIM-LCO-39-01,290,0.7998,5000.0,0.302528,-0.02589
SIM-LCO-39-01,290,0.7998,10000.0,0.305761,-0.026066
SIM-LCO-39-01,330,0.7495,10.0,0.345912,-0.014178
SIM-LCO-39-01,330,0.7495,20.0,0.34855,-0.014358
SIM-LCO-39-01,330,0.7495,50.0,0.343878,-0.015645
SIM-LCO-39-01,330,0.7495,100.0,0.336887,-0.016198
SIM-LCO-39-01,330,0.7495,200.0,0.337914,-0.018724
SIM-LCO-39-01,330,0.7495,500.0,0.338256,-0.020839
SIM-LCO-39-01,330,0.7495,1000.0,0.34671,-0.022262
SIM-LCO-39-01,330,0.7495,2000.0,0.343843,-0.022823
SIM-LCO-39-01,330,0.7495,5000.0,0.340292,-0.025553
SIM-LCO-39-01,330,0.7495,10000.0,0.335262,-0.027244
SIM-LCO-39-01,370,0.6999,10.0,0.38404,-0.01369
SIM-LCO-39-01,370,0.6999,20.0,0.375985,-0.014252
SIM-LCO-39-01,370,0.6999,50.0,0.374962,-0.015643
SIM-LCO-39-01,370,0.6999,100.0,0.37209,-0.016695
SIM-LCO-39-01,370,0.6999,200.0,0.386304,-0.017524
SIM-LCO-39-01,370,0.6999,500.0,0.378733,-0.019578
SIM-LCO-39-01,370,0.6999,1000.0,0.374573,-0.021629
SIM-LCO-39-01,370,0.6999,2000.0,0.379678,-0.021891
SIM-LCO-39-01,370,0.6999,5000.0,0.376329,-0.024458
SIM-LCO-39-01,370,0.6999,10000.0,0.377817,-0.026652
SIM-LCO-39-02,68,0.9501,10.0,0.184616,-0.012521
SIM-LCO-39-02,68,0.9501,20.0,0.191464,-0.01181
SIM-LCO-39-02,68,0.9501,50.0,0.188407,-0.014801
SIM-LCO-39-02,68,0.9501,100.0,0.189389,-0.01482
SIM-LCO-39-02,68,0.9501,200.0,0.189908,-0.018529
SIM-LCO-39-02,68,0.9501,500.0,0.186842,-0.018508
SIM-LCO-39-02,68,0.9501,1000.0,0.189897,-0.019747
SIM-LCO-39-02,68,0.9501,2000.0,0.187819,-0.021593
SIM-LCO-39-02,68,0.9501,5000.0,0.191701,-0.021994
SIM-LCO-39-02,68,0.9501,10000.0,0.188991,-0.022759
SIM-LCO-39-02,156,0.9001,10.0,0.22823,-0.013685
SIM-LCO-39-02,156,0.9001,20.0,0.227255,-0.012862
SIM-LCO-39-02,156,0.9001,50.0,0.226077,-0.013293
SIM-LCO-39-02,156,0.9001,100.0,0.231163,-0.016709
SIM-LCO-39-02,156,0.9001,200.0,0.226006,-0.017713
SIM-LCO-39-02,156,0.9001,500.0,0.222534,-0.019903
SIM-LCO-39-02,156,0.9001,1000.0,0.226853,-0.021296
SIM-LCO-39-02,156,0.9001,2000.0,0.2268,-0.023873
SIM-LCO-39-02,156,0.9001,5000.0,0.225917,-0.023738
SIM-LCO-39-02,156,0.9001,10000.0,0.227652,-0.024288
SIM-LCO-39-02,245,0.8497,10.0,0.272597,-0.011684
SIM-LCO-39-02,245,0.8497,20.0,0.270459,-0.013343
SIM-LCO-39-02,245,0.8497,50.0,0.275133,-0.013487
SIM-LCO-39-02,245,0.8497,100.0,0.271562,-0.016828
SIM-LCO-39-02,245,0.8497,200.0,0.26981,-0.016955
SIM-LCO-39-02,245,0.8497,500.0,0.269589,-0.020498
SIM-LCO-39-02,245,0.8497,1000.0,0.270226,-0.020402
SIM-LCO-39-02,245,0.8497,2000.0,0.273093,-0.022569
SIM-LCO-39-02,245,0.8497,5000.0,0.274061,-0.023342
SIM-LCO-39-02,245,0.8497,10000.0,0.275097,-0.026081
SIM-LCO-39-02,297,0.8003,10.0,0.306505,-0.012188
SIM-LCO-39-02,297,0.8003,20.0,0.301626,-0.01468
SIM-LCO-39-02,297,0.8003,50.0,0.305815,-0.01588
SIM-LCO-39-02,297,0.8003,100.0,0.305382,-0.015428
SIM-LCO-39-02,297,0.8003,200.0,0.305356,-0.017895
SIM-LCO-39-02,297,0.8003,500.0,0.302332,-0.018855
SIM-LCO-39-02,297,0.8003,1000.0,0.297998,-0.022451
SIM-LCO-39-02,297,0.8003,2000.0,0.307825,-0.021862
SIM-LCO-39-02,297,0.8003,5000.0,0.305592,-0.024563
SIM-LCO-39-02,297,0.8003,10000.0,0.299242,-0.025938
SIM-LCO-39-02,337,0.7502,10.0,0.345013,-0.011151
SIM-LCO-39-02,337,0.7502,20.0,0.344479,-0.014496
SIM-LCO-39-02,337,0.7502,50.0,0.342971,-0.01601
SIM-LCO-39-02,337,0.7502,100.0,0.341741,-0.019308
SIM-LCO-39-02,337,0.7502,200.0,0.346676,-0.018783
SIM-LCO-39-02,337,0.7502,500.0,0.34059,-0.017716
SIM-LCO-39-02,337,0.7502,1000.0,0.341512,-0.020346
SIM-LCO-39-02,337,0.7502,2000.0,0.340438,-0.021112
SIM-LCO-39-02,337,0.7502,5000.0,0.337985,-0.026526
SIM-LCO-39-02,337,0.7502,10000.0,0.344715,-0.025101
SIM-LCO-39-02,376,0.6999,10.0,0.383948,-0.012785
SIM-LCO-39-02,376,0.6999,20.0,0.381929,-0.014044
SIM-LCO-39-02,376,0.6999,50.0,0.38656,-0.014509
SIM-LCO-39-02,376,0.6999,100.0,0.391614,-0.016619
SIM-LCO-39-02,376,0.6999,200.0,0.380471,-0.01799
SIM-LCO-39-02,376,0.6999,500.0,0.386636,-0.020093
SIM-LCO-39-02,376,0.6999,1000.0,0.386373,-0.022653
SIM-LCO-39-02,376,0.6999,2000.0,0.390866,-0.023214
SIM-LCO-39-02,376,0.6999,5000.0,0.387895,-0.024212
SIM-LCO-39-02,376,0.6999,10000.0,0.38419,-0.02555
SIM-LCO-39-03,69,0.9498,10.0,0.18535,-0.010552
SIM-LCO-39-03,69,0.9498,20.0,0.183747,-0.012785
SIM-LCO-39-03,69,0.9498,50.0,0.18798,-0.015381
SIM-LCO-39-03,69,0.9498,100.0,0.189022,-0.017236
SIM-LCO-39-03,69,0.9498,200.0,0.187428,-0.01788
SIM-LCO-39-03,69,0.9498,500.0,0.185774,-0.021749
SIM-LCO-39-03,69,0.9498,1000.0,0.187142,-0.019873
SIM-LCO-39-03,69,0.9498,2000.0,0.186006,-0.021018
SIM-LCO-39-03,69,0.9498,5000.0,0.190672,-0.024431
SIM-LCO-39-03,69,0.9498,10000.0,0.183108,-0.025688
SIM-LCO-39-03,153,0.9004,10.0,0.224569,-0.012063
SIM-LCO-39-03,153,0.9004,20.0,0.2224,-0.013225
SIM-LCO-39-03,153,0.9004,50.0,0.225092,-0.016472
SIM-LCO-39-03,153,0.9004,100.0,0.225034,-0.015728
SIM-LCO-39-03,153,0.9004,200.0,0.225534,-0.018146
SIM-LCO-39-03,153,0.9004,500.0,0.224848,-0.020351
SIM-LCO-39-03,153,0.9004,1000.0,0.228719,-0.019746
SIM-LCO-39-03,153,0.9004,2000.0,0.224316,-0.021385
SIM-LCO-39-03,153,0.9004,5000.0,0.226933,-0.023013
SIM-LCO-39-03,153,0.9004,10000.0,0.225723,-0.027355
SIM-LCO-39-03,244,0.8501,10.0,0.269578,-0.012861
SIM-LCO-39-03,244,0.8501,20.0,0.268757,-0.013646
SIM-LCO-39-03,244,0.8501,50.0,0.26351,-0.016116
SIM-LCO-39-03,244,0.8501,100.0,0.267582,-0.017163
SIM-LCO-39-03,244,0.8501,200.0,0.272229,-0.017781
SIM-LCO-39-03,244,0.8501,500.0,0.264527,-0.020778
SIM-LCO-39-03,244,0.8501,1000.0,0.268704,-0.021797
SIM-LCO-39-03,244,0.8501,2000.0,0.262849,-0.01989
SIM-LCO-39-03,244,0.8501,5000.0,0.273661,-0.024698
SIM-LCO-39-03,244,0.8501,10000.0,0.272981,-0.025131
SIM-LCO-39-03,304,0.8,10.0,0.305159,-0.013802
SIM-LCO-39-03,304,0.8,20.0,0.305421,-0.015371
SIM-LCO-39-03,304,0.8,50.0,0.301681,-0.015492
SIM-LCO-39-03,304,0.8,100.0,0.302328,-0.017089
SIM-LCO-39-03,304,0.8,200.0,0.30654,-0.018721
SIM-LCO-39-03,304,0.8,500.0,0.300758,-0.020581
SIM-LCO-39-03,304,0.8,1000.0,0.300246,-0.023477
SIM-LCO-39-03,304,0.8,2000.0,0.302162,-0.022019
SIM-LCO-39-03,304,0.8,5000.0,0.303847,-0.022161
SIM-LCO-39-03,304,0.8,10000.0,0.301726,-0.024679
SIM-LCO-39-03,345,0.7502,10.0,0.341381,-0.013192
SIM-LCO-39-03,345,0.7502,20.0,0.335249,-0.012957
SIM-LCO-39-03,345,0.7502,50.0,0.33986,-0.016566
SIM-LCO-39-03,345,0.7502,100.0,0.334262,-0.017086
SIM-LCO-39-03,345,0.7502,200.0,0.326327,-0.017672
SIM-LCO-39-03,345,0.7502,500.0,0.342583,-0.018951
SIM-LCO-39-03,345,0.7502,1000.0,0.342251,-0.022857
SIM-LCO-39-03,345,0.7502,2000.0,0.339557,-0.023289
SIM-LCO-39-03,345,0.7502,5000.0,0.339736,-0.025992
SIM-LCO-39-03,345,0.7502,10000.0,0.34113,-0.024969
SIM-LCO-39-03,384,0.699,10.0,0.38739,-0.012626
SIM-LCO-39-03,384,0.699,20.0,0.392954,-0.014646
SIM-LCO-39-03,384,0.699,50.0,0.382806,-0.016163
SIM-LCO-39-03,384,0.699,100.0,0.387432,-0.01586
SIM-LCO-39-03,384,0.699,200.0,0.380651,-0.018925
SIM-LCO-39-03,384,0.699,500.0,0.380818,-0.020229
SIM-LCO-39-03,384,0.699,1000.0,0.394097,-0.020735
SIM-LCO-39-03,384,0.699,2000.0,0.384307,-0.022379
SIM-LCO-39-03,384,0.699,5000.0,0.393619,-0.025669
SIM-LCO-39-03,384,0.699,10000.0,0.393211,-0.025557
SIM-LCO-40-01,85,0.9498,10.0,0.189803,-0.011876
SIM-LCO-40-01,85,0.9498,20.0,0.185202,-0.013194
SIM-LCO-40-01,85,0.9498,50.0,0.187536,-0.015181
SIM-LCO-40-01,85,0.9498,100.0,0.184864,-0.016383
SIM-LCO-40-01,85,0.9498,200.0,0.186885,-0.016279
SIM-LCO-40-01,85,0.9498,500.0,0.186831,-0.019609
SIM-LCO-40-01,85,0.9498,1000.0,0.185216,-0.020693
SIM-LCO-40-01,85,0.9498,2000.0,0.184206,-0.020451
SIM-LCO-40-01,85,0.9498,5000.0,0.187972,-0.024221
SIM-LCO-40-01,85,0.9498,10000.0,0.187387,-0.024992
SIM-LCO-40-01,190,0.9001,10.0,0.2266,-0.013587
SIM-LCO-40-01,190,0.9001,20.0,0.227941,-0.012369
SIM-LCO-40-01,190,0.9001,50.0,0.225625,-0.016304
SIM-LCO-40-01,190,0.9001,100.0,0.228766,-0.016235
SIM-LCO-40-01,190,0.9001,200.0,0.225306,-0.017767
SIM-LCO-40-01,190,0.9001,500.0,0.227469,-0.019373
SIM-LCO-40-01,190,0.9001,1000.0,0.224063,-0.021788
SIM-LCO-40-01,190,0.9001,2000.0,0.227218,-0.021627
SIM-LCO-40-01,190,0.9001,5000.0,0.224584,-0.023383
SIM-LCO-40-01,190,0.9001,10000.0,0.223645,-0.023537
SIM-LCO-40-01,301,0.8499,10.0,0.261538,-0.011643
SIM-LCO-40-01,301,0.8499,20.0,0.264224,-0.014053
SIM-LCO-40-01,301,0.8499,50.0,0.266337,-0.016607
SIM-LCO-40-01,301,0.8499,100.0,0.268496,-0.015304
SIM-LCO-40-01,301,0.8499,200.0,0.264626,-0.017053
SIM-LCO-40-01,301,0.8499,500.0,0.264186,-0.017149
SIM-LCO-40-01,301,0.8499,1000.0,0.262829,-0.020458
SIM-LCO-40-01,301,0.8499,2000.0,0.271233,-0.021605
SIM-LCO-40-01,301,0.8499,5000.0,0.267941,-0.024296
SIM-LCO-40-01,301,0.8499,10000.0,0.263294,-0.024036
SIM-LCO-40-01,350,0.7994,10.0,0.310487,-0.012332
SIM-LCO-40-01,350,0.7994,20.0,0.310401,-0.013878
SIM-LCO-40-01,350,0.7994,50.0,0.318694,-0.01504
SIM-LCO-40-01,350,0.7994,100.0,0.313156,-0.017639
SIM-LCO-40-01,350,0.7994,200.0,0.312028,-0.018867
SIM-LCO-40-01,350,0.7994,500.0,0.311468,-0.020443
SIM-LCO-40-01,350,0.7994,1000.0,0.314925,-0.021628
SIM-LCO-40-01,350,0.7994,2000.0,0.30802,-0.021126
SIM-LCO-40-01,350,0.7994,5000.0,0.314924,-0.023589
SIM-LCO-40-01,350,0.7994,10000.0,0.307662,-0.025642
SIM-LCO-40-01,397,0.7503,10.0,0.35775,-0.012299
SIM-LCO-40-01,397,0.7503,20.0,0.354428,-0.013095
SIM-LCO-40-01,397,0.7503,50.0,0.354893,-0.014336
SIM-LCO-40-01,397,0.7503,100.0,0.355013,-0.016882
SIM-LCO-40-01,397,0.7503,200.0,0.356873,-0.018125
SIM-LCO-40-01,397,0.7503,500.0,0.35331,-0.021019
SIM-LCO-40-01,397,0.7503,1000.0,0.356316,-0.021736
SIM-LCO-40-01,397,0.7503,2000.0,0.353151,-0.024545
SIM-LCO-40-01,397,0.7503,5000.0,0.352951,-0.023828
SIM-LCO-40-01,397,0.7503,10000.0,0.35987,-0.025824
SIM-LCO-40-01,447,0.7003,10.0,0.38543,-0.013546
SIM-LCO-40-01,447,0.7003,20.0,0.384213,-0.013175
SIM-LCO-40-01,447,0.7003,50.0,0.382022,-0.016388
SIM-LCO-40-01,447,0.7003,100.0,0.391407,-0.017714
SIM-LCO-40-01,447,0.7003,200.0,0.385334,-0.018123
SIM-LCO-40-01,447,0.7003,500.0,0.388121,-0.019485
SIM-LCO-40-01,447,0.7003,1000.0,0.381698,-0.021908
SIM-LCO-40-01,447,0.7003,2000.0,0.395846,-0.021466
SIM-LCO-40-01,447,0.7003,5000.0,0.387565,-0.026463
SIM-LCO-40-01,447,0.7003,10000.0,0.387769,-0.027491
SIM-LCO-40-02,87,0.9501,10.0,0.192108,-0.013241
SIM-LCO-40-02,87,0.9501,20.0,0.189752,-0.012442
SIM-LCO-40-02,87,0.9501,50.0,0.194488,-0.015064
SIM-LCO-40-02,87,0.9501,100.0,0.191298,-0.015527
SIM-LCO-40-02,87,0.9501,200.0,0.193215,-0.017927
SIM-LCO-40-02,87,0.9501,500.0,0.193754,-0.019356
SIM-LCO-40-02,87,0.9501,1000.0,0.193766,-0.019547
SIM-LCO-40-02,87,0.9501,2000.0,0.193538,-0.019452
SIM-LCO-40-02,87,0.9501,5000.0,0.191448,-0.022812
SIM-LCO-40-02,87,0.9501,10000.0,0.193166,-0.024491
SIM-LCO-40-02,194,0.9,10.0,0.236704,-0.013418
SIM-LCO-40-02,194,0.9,20.0,0.235533,-0.012896
SIM-LCO-40-02,194,0.9,50.0,0.234674,-0.015533
SIM-LCO-40-02,194,0.9,100.0,0.234719,-0.016545
SIM-LCO-40-02,194,0.9,200.0,0.238207,-0.017142
SIM-LCO-40-02,194,0.9,500.0,0.237022,-0.017683
SIM-LCO-40-02,194,0.9,1000.0,0.239626,-0.020815
SIM-LCO-40-02,194,0.9,2000.0,0.236501,-0.021275
SIM-LCO-40-02,194,0.9,5000.0,0.238675,-0.024982
SIM-LCO-40-02,194,0.9,10000.0,0.236571,-0.025381
SIM-LCO-40-02,300,0.8502,10.0,0.265419,-0.011194
SIM-LCO-40-02,300,0.8502,20.0,0.265336,-0.012994
SIM-LCO-40-02,300,0.8502,50.0,0.266084,-0.014009
SIM-LCO-40-02,300,0.8502,100.0,0.265948,-0.016746
SIM-LCO-40-02,300,0.8502,200.0,0.26508,-0.018341
SIM-LCO-40-02,300,0.8502,500.0,0.26619,-0.019813
SIM-LCO-40-02,300,0.8502,1000.0,0.265376,-0.019871
SIM-LCO-40-02,300,0.8502,2000.0,0.261462,-0.023654
SIM-LCO-40-02,300,0.8502,5000.0,0.265756,-0.024891
SIM-LCO-40-02,300,0.8502,10000.0,0.265808,-0.024475
SIM-LCO-40-02,383,0.8003,10.0,0.319518,-0.01497
SIM-LCO-40-02,383,0.8003,20.0,0.32275,-0.014496
SIM-LCO-40-02,383,0.8003,50.0,0.321556,-0.016073
SIM-LCO-40-02,383,0.8003,100.0,0.318704,-0.017043
SIM-LCO-40-02,383,0.8003,200.0,0.316565,-0.017664
SIM-LCO-40-02,383,0.8003,500.0,0.31623,-0.020232
SIM-LCO-40-02,383,0.8003,1000.0,0.31641,-0.020521
SIM-LCO-40-02,383,0.8003,2000.0,0.312848,-0.022752
SIM-LCO-40-02,383,0.8003,5000.0,0.323503,-0.02449
SIM-LCO-40-02,383,0.8003,10000.0,0.319647,-0.02564
SIM-LCO-40-02,430,0.75,10.0,0.342668,-0.014176
SIM-LCO-40-02,430,0.75,20.0,0.342382,-0.013468
SIM-LCO-40-02,430,0.75,50.0,0.339757,-0.016867
SIM-LCO-40-02,430,0.75,100.0,0.346968,-0.016499
SIM-LCO-40-02,430,0.75,200.0,0.341846,-0.020386
SIM-LCO-40-02,430,0.75,500.0,0.343715,-0.021408
SIM-LCO-40-02,430,0.75,1000.0,0.343538,-0.02211
SIM-LCO-40-02,430,0.75,2000.0,0.341936,-0.021455
SIM-LCO-40-02,430,0.75,5000.0,0.343791,-0.024032
SIM-LCO-40-02,430,0.75,10000.0,0.344262,-0.024559
SIM-LCO-40-02,480,0.6995,10.0,0.3931,-0.0118
SIM-LCO-40-02,480,0.6995,20.0,0.392029,-0.014455
SIM-LCO-40-02,480,0.6995,50.0,0.393406,-0.016549
SIM-LCO-40-02,480,0.6995,100.0,0.393556,-0.018267
SIM-LCO-40-02,480,0.6995,200.0,0.392436,-0.018861
SIM-LCO-40-02,480,0.6995,500.0,0.387717,-0.019118
SIM-LCO-40-02,480,0.6995,1000.0,0.391785,-0.021626
SIM-LCO-40-02,480,0.6995,2000.0,0.392852,-0.022258
SIM-LCO-40-02,480,0.6995,5000.0,0.39548,-0.024564
SIM-LCO-40-02,480,0.6995,10000.0,0.394071,-0.026352
SIM-LCO-40-03,85,0.9503,10.0,0.18766,-0.012411
SIM-LCO-40-03,85,0.9503,20.0,0.191437,-0.014565
SIM-LCO-40-03,85,0.9503,50.0,0.187165,-0.015552
SIM-LCO-40-03,85,0.9503,100.0,0.187227,-0.015606
SIM-LCO-40-03,85,0.9503,200.0,0.184977,-0.01791
SIM-LCO-40-03,85,0.9503,500.0,0.184099,-0.019552
SIM-LCO-40-03,85,0.9503,1000.0,0.188453,-0.019996
SIM-LCO-40-03,85,0.9503,2000.0,0.187011,-0.021554
SIM-LCO-40-03,85,0.9503,5000.0,0.184856,-0.020803
SIM-LCO-40-03,85,0.9503,10000.0,0.188006,-0.024536
SIM-LCO-40-03,193,0.8997,10.0,0.231858,-0.012786
SIM-LCO-40-03,193,0.8997,20.0,0.228203,-0.012956
SIM-LCO-40-03,193,0.8997,50.0,0.231362,-0.016699
SIM-LCO-40-03,193,0.8997,100.0,0.232086,-0.017733
SIM-LCO-40-03,193,0.8997,200.0,0.233317,-0.01721
SIM-LCO-40-03,193,0.8997,500.0,0.233415,-0.019992
SIM-LCO-40-03,193,0.8997,1000.0,0.22973,-0.02048
SIM-LCO-40-03,193,0.8997,2000.0,0.2362,-0.021935
SIM-LCO-40-03,193,0.8997,5000.0,0.238054,-0.023613
SIM-LCO-40-03,193,0.8997,10000.0,0.231463,-0.026551
SIM-LCO-40-03,300,0.8501,10.0,0.267175,-0.011929
SIM-LCO-40-03,300,0.8501,20.0,0.26194,-0.014934
SIM-LCO-40-03,300,0.8501,50.0,0.2642,-0.016175
SIM-LCO-40-03,300,0.8501,100.0,0.265602,-0.017956
SIM-LCO-40-03,300,0.8501,200.0,0.261752,-0.018946
SIM-LCO-40-03,300,0.8501,500.0,0.265372,-0.018573
SIM-LCO-40-03,300,0.8501,1000.0,0.264503,-0.020216
SIM-LCO-40-03,300,0.8501,2000.0,0.267241,-0.022893
SIM-LCO-40-03,300,0.8501,5000.0,0.265428,-0.02269
SIM-LCO-40-03,300,0.8501,10000.0,0.264442,-0.024669
SIM-LCO-40-03,369,0.8001,10.0,0.302179,-0.011395
SIM-LCO-40-03,369,0.8001,20.0,0.307127,-0.014025
SIM-LCO-40-03,369,0.8001,50.0,0.307072,-0.014922
SIM-LCO-40-03,369,0.8001,100.0,0.304308,-0.016017
SIM-LCO-40-03,369,0.8001,200.0,0.302253,-0.018387
SIM-LCO-40-03,369,0.8001,500.0,0.300337,-0.020373
SIM-LCO-40-03,369,0.8001,1000.0,0.299399,-0.021154
SIM-LCO-40-03,369,0.8001,2000.0,0.308022,-0.021683
SIM-LCO-40-03,369,0.8001,5000.0,0.304935,-0.023907
SIM-LCO-40-03,369,0.8001,10000.0,0.306314,-0.026529
SIM-LCO-40-03,416,0.7498,10.0,0.327786,-0.012098
SIM-LCO-40-03,416,0.7498,20.0,0.331814,-0.014983
SIM-LCO-40-03,416,0.7498,50.0,0.334979,-0.016607
SIM-LCO-40-03,416,0.7498,100.0,0.329262,-0.017537
SIM-LCO-40-03,416,0.7498,200.0,0.335008,-0.016683
SIM-LCO-40-03,416,0.7498,500.0,0.33235,-0.0215
SIM-LCO-40-03,416,0.7498,1000.0,0.333733,-0.021868
SIM-LCO-40-03,416,0.7498,2000.0,0.335855,-0.022187
SIM-LCO-40-03,416,0.7498,5000.0,0.331446,-0.024011
SIM-LCO-40-03,416,0.7498,10000.0,0.333926,-0.026759
SIM-LCO-40-03,466,0.6998,10.0,0.385408,-0.011237
SIM-LCO-40-03,466,0.6998,20.0,0.382034,-0.014583
SIM-LCO-40-03,466,0.6998,50.0,0.382028,-0.016998
SIM-LCO-40-03,466,0.6998,100.0,0.374894,-0.017404
SIM-LCO-40-03,466,0.6998,200.0,0.384979,-0.018279
SIM-LCO-40-03,466,0.6998,500.0,0.385335,-0.020003
SIM-LCO-40-03,466,0.6998,1000.0,0.381798,-0.023078
SIM-LCO-40-03,466,0.6998,2000.0,0.383321,-0.024582
SIM-LCO-40-03,466,0.6998,5000.0,0.369221,-0.024405
SIM-LCO-40-03,466,0.6998,10000.0,0.375781,-0.025959
SIM-LCO-41-01,54,0.9501,10.0,0.186682,-0.012333
SIM-LCO-41-01,54,0.9501,20.0,0.189095,-0.013539
SIM-LCO-41-01,54,0.9501,50.0,0.18727,-0.015764
SIM-LCO-41-01,54,0.9501,100.0,0.190119,-0.01621
SIM-LCO-41-01,54,0.9501,200.0,0.188066,-0.020043
SIM-LCO-41-01,54,0.9501,500.0,0.188548,-0.02113
SIM-LCO-41-01,54,0.9501,1000.0,0.188391,-0.02183
SIM-LCO-41-01,54,0.9501,2000.0,0.190003,-0.021692
SIM-LCO-41-01,54,0.9501,5000.0,0.190015,-0.023112
SIM-LCO-41-01,54,0.9501,10000.0,0.190316,-0.024849
SIM-LCO-41-01,130,0.8995,10.0,0.232991,-0.013013
SIM-LCO-41-01,130,0.8995,20.0,0.227298,-0.01479
SIM-LCO-41-01,130,0.8995,50.0,0.233417,-0.015388
SIM-LCO-41-01,130,0.8995,100.0,0.231479,-0.015125
SIM-LCO-41-01,130,0.8995,200.0,0.22698,-0.017777
SIM-LCO-41-01,130,0.8995,500.0,0.230058,-0.019185
SIM-LCO-41-01,130,0.8995,1000.0,0.233029,-0.020299
SIM-LCO-41-01,130,0.8995,2000.0,0.238231,-0.023028
SIM-LCO-41-01,130,0.8995,5000.0,0.229619,-0.026544
SIM-LCO-41-01,130,0.8995,10000.0,0.230584,-0.023283
SIM-LCO-41-01,207,0.8498,10.0,0.262382,-0.013961
SIM-LCO-41-01,207,0.8498,20.0,0.264093,-0.013839
SIM-LCO-41-01,207,0.8498,50.0,0.261282,-0.015963
SIM-LCO-41-01,207,0.8498,100.0,0.265383,-0.016451
SIM-LCO-41-01,207,0.8498,200.0,0.264276,-0.018566
SIM-LCO-41-01,207,0.8498,500.0,0.25999,-0.020214
SIM-LCO-41-01,207,0.8498,1000.0,0.256722,-0.021733
SIM-LCO-41-01,207,0.8498,2000.0,0.260509,-0.02227
SIM-LCO-41-01,207,0.8498,5000.0,0.262661,-0.023537
SIM-LCO-41-01,207,0.8498,10000.0,0.260976,-0.024375
SIM-LCO-41-01,250,0.7999,10.0,0.300476,-0.012518
SIM-LCO-41-01,250,0.7999,20.0,0.299454,-0.015357
SIM-LCO-41-01,250,0.7999,50.0,0.2991,-0.016402
SIM-LCO-41-01,250,0.7999,100.0,0.300377,-0.015586
SIM-LCO-41-01,250,0.7999,200.0,0.298185,-0.020272
SIM-LCO-41-01,250,0.7999,500.0,0.303217,-0.018651
SIM-LCO-41-01,250,0.7999,1000.0,0.301001,-0.020159
SIM-LCO-41-01,250,0.7999,2000.0,0.302541,-0.022488
SIM-LCO-41-01,250,0.7999,5000.0,0.301359,-0.022795
SIM-LCO-41-01,250,0.7999,10000.0,0.304861,-0.024295
SIM-LCO-41-01,286,0.7501,10.0,0.334011,-0.014256
SIM-LCO-41-01,286,0.7501,20.0,0.3355,-0.014872
SIM-LCO-41-01,286,0.7501,50.0,0.336372,-0.015191
SIM-LCO-41-01,286,0.7501,100.0,0.339957,-0.017498
SIM-LCO-41-01,286,0.7501,200.0,0.325477,-0.018172
SIM-LCO-41-01,286,0.7501,500.0,0.336663,-0.019082
SIM-LCO-41-01,286,0.7501,1000.0,0.33805,-0.022226
SIM-LCO-41-01,286,0.7501,2000.0,0.336947,-0.021713
SIM-LCO-41-01,286,0.7501,5000.0,0.337873,-0.02513
SIM-LCO-41-01,286,0.7501,10000.0,0.332881,-0.025042
SIM-LCO-41-01,319,0.7008,10.0,0.381079,-0.013123
SIM-LCO-41-01,319,0.7008,20.0,0.376759,-0.013262
SIM-LCO-41-01,319,0.7008,50.0,0.374894,-0.01617
SIM-LCO-41-01,319,0.7008,100.0,0.375061,-0.016157
SIM-LCO-41-01,319,0.7008,200.0,0.376803,-0.018123
SIM-LCO-41-01,319,0.7008,500.0,0.376421,-0.021591
SIM-LCO-41-01,319,0.7008,1000.0,0.381113,-0.021996
SIM-LCO-41-01,319,0.7008,2000.0,0.375669,-0.022913
SIM-LCO-41-01,319,0.7008,5000.0,0.377535,-0.025425
SIM-LCO-41-01,319,0.7008,10000.0,0.374117,-0.024952
SIM-LCO-41-02,54,0.9498,10.0,0.186667,-0.010659
SIM-LCO-41-02,54,0.9498,20.0,0.187931,-0.012604
SIM-LCO-41-02,54,0.9498,50.0,0.18717,-0.014018
SIM-LCO-41-02,54,0.9498,100.0,0.186874,-0.015605
SIM-LCO-41-02,54,0.9498,200.0,0.187076,-0.017308
SIM-LCO-41-02,54,0.9498,500.0,0.188863,-0.020228
SIM-LCO-41-02,54,0.9498,1000.0,0.187573,-0.02006
SIM-LCO-41-02,54,0.9498,2000.0,0.18638,-0.022534
SIM-LCO-41-02,54,0.9498,5000.0,0.186808,-0.021399
SIM-LCO-41-02,54,0.9498,10000.0,0.18721,-0.024912
SIM-LCO-41-02,131,0.8999,10.0,0.2276,-0.012615
SIM-LCO-41-02,131,0.8999,20.0,0.232833,-0.012334
SIM-LCO-41-02,131,0.8999,50.0,0.237092,-0.016048
SIM-LCO-41-02,131,0.8999,100.0,0.228817,-0.015326
SIM-LCO-41-02,131,0.8999,200.0,0.229019,-0.017055
SIM-LCO-41-02,131,0.8999,500.0,0.229988,-0.020831
SIM-LCO-41-02,131,0.8999,1000.0,0.231663,-0.020102
SIM-LCO-41-02,131,0.8999,2000.0,0.235116,-0.020819
SIM-LCO-41-02,131,0.8999,5000.0,0.227296,-0.025907
SIM-LCO-41-02,131,0.8999,10000.0,0.231355,-0.023576
SIM-LCO-41-02,205,0.8501,10.0,0.267086,-0.011355
SIM-LCO-41-02,205,0.8501,20.0,0.274825,-0.012599
SIM-LCO-41-02,205,0.8501,50.0,0.270736,-0.01583
SIM-LCO-41-02,205,0.8501,100.0,0.268472,-0.01516
SIM-LCO-41-02,205,0.8501,200.0,0.272185,-0.017446
SIM-LCO-41-02,205,0.8501,500.0,0.275633,-0.018591
SIM-LCO-41-02,205,0.8501,1000.0,0.26496,-0.021044
SIM-LCO-41-02,205,0.8501,2000.0,0.268857,-0.022121
SIM-LCO-41-02,205,0.8501,5000.0,0.268428,-0.025276
SIM-LCO-41-02,205,0.8501,10000.0,0.267463,-0.025324
SIM-LCO-41-02,246,0.7992,10.0,0.31447,-0.012857
SIM-LCO-41-02,246,0.7992,20.0,0.307775,-0.013955
SIM-LCO-41-02,246,0.7992,50.0,0.304714,-0.015322
SIM-LCO-41-02,246,0.7992,100.0,0.316069,-0.017587
SIM-LCO-41-02,246,0.7992,200.0,0.311212,-0.01755
SIM-LCO-41-02,246,0.7992,500.0,0.307194,-0.020337
SIM-LCO-41-02,246,0.7992,1000.0,0.312191,-0.021347
SIM-LCO-41-02,246,0.7992,2000.0,0.31473,-0.020579
SIM-LCO-41-02,246,0.7992,5000.0,0.311282,-0.024818
SIM-LCO-41-02,246,0.7992,10000.0,0.309754,-0.02359
SIM-LCO-41-02,281,0.7491,10.0,0.338331,-0.011858
SIM-LCO-41-02,281,0.7491,20.0,0.343403,-0.012232
SIM-LCO-41-02,281,0.7491,50.0,0.345982,-0.016411
SIM-LCO-41-02,281,0.7491,100.0,0.344016,-0.014936
SIM-LCO-41-02,281,0.7491,200.0,0.340993,-0.018927
SIM-LCO-41-02,281,0.7491,500.0,0.346271,-0.020469
SIM-LCO-41-02,281,0.7491,1000.0,0.348922,-0.022576
SIM-LCO-41-02,281,0.7491,2000.0,0.341035,-0.021562
SIM-LCO-41-02,281,0.7491,5000.0,0.344858,-0.024098
SIM-LCO-41-02,281,0.7491,10000.0,0.339927,-0.024514
SIM-LCO-41-02,313,0.7001,10.0,0.385871,-0.013005
SIM-LCO-41-02,313,0.7001,20.0,0.385644,-0.014902
SIM-LCO-41-02,313,0.7001,50.0,0.386875,-0.015376
SIM-LCO-41-02,313,0.7001,100.0,0.380439,-0.018125
SIM-LCO-41-02,313,0.7001,200.0,0.37958,-0.019443
SIM-LCO-41-02,313,0.7001,500.0,0.390378,-0.019047
SIM-LCO-41-02,313,0.7001,1000.0,0.376254,-0.02139
SIM-LCO-41-02,313,0.7001,2000.0,0.380944,-0.022752
SIM-LCO-41-02,313,0.7001,5000.0,0.379324,-0.024906
SIM-LCO-41-02,313,0.7001,10000.0,0.387195,-0.027252
SIM-LCO-41-03,53,0.9503,10.0,0.18533,-0.012686
SIM-LCO-41-03,53,0.9503,20.0,0.182949,-0.013076
SIM-LCO-41-03,53,0.9503,50.0,0.185247,-0.016979
SIM-LCO-41-03,53,0.9503,100.0,0.182144,-0.014262
SIM-LCO-41-03,53,0.9503,200.0,0.183932,-0.017964
SIM-LCO-41-03,53,0.9503,500.0,0.186434,-0.019454
SIM-LCO-41-03,53,0.9503,1000.0,0.188162,-0.021474
SIM-LCO-41-03,53,0.9503,2000.0,0.183351,-0.021123
SIM-LCO-41-03,53,0.9503,5000.0,0.187555,-0.021211
SIM-LCO-41-03,53,0.9503,10000.0,0.18583,-0.024211
SIM-LCO-41-03,129,0.9006,10.0,0.223723,-0.011733
SIM-LCO-41-03,129,0.9006,20.0,0.227067,-0.013011
SIM-LCO-41-03,129,0.9006,50.0,0.223723,-0.01438
SIM-LCO-41-03,129,0.9006,100.0,0.224651,-0.015964
SIM-LCO-41-03,129,0.9006,200.0,0.22944,-0.017933
SIM-LCO-41-03,129,0.9006,500.0,0.226406,-0.019267
SIM-LCO-41-03,129,0.9006,1000.0,0.228191,-0.019541
SIM-LCO-41-03,129,0.9006,2000.0,0.224354,-0.02213
SIM-LCO-41-03,129,0.9006,5000.0,0.225961,-0.022542
SIM-LCO-41-03,129,0.9006,10000.0,0.226549,-0.025051
SIM-LCO-41-03,207,0.85,10.0,0.273726,-0.013225
SIM-LCO-41-03,207,0.85,20.0,0.274181,-0.013438
SIM-LCO-41-03,207,0.85,50.0,0.280047,-0.015907
SIM-LCO-41-03,207,0.85,100.0,0.274394,-0.016283
SIM-LCO-41-03,207,0.85,200.0,0.271766,-0.018002
SIM-LCO-41-03,207,0.85,500.0,0.275274,-0.019847
SIM-LCO-41-03,207,0.85,1000.0,0.276213,-0.021392
SIM-LCO-41-03,207,0.85,2000.0,0.276836,-0.022745
SIM-LCO-41-03,207,0.85,5000.0,0.27614,-0.023692
SIM-LCO-41-03,207,0.85,10000.0,0.27422,-0.02412
SIM-LCO-41-03,257,0.7994,10.0,0.300906,-0.013548
SIM-LCO-41-03,257,0.7994,20.0,0.30643,-0.014506
SIM-LCO-41-03,257,0.7994,50.0,0.30528,-0.017547
SIM-LCO-41-03,257,0.7994,100.0,0.30994,-0.018198
SIM-LCO-41-03,257,0.7994,200.0,0.304726,-0.016739
SIM-LCO-41-03,257,0.7994,500.0,0.304586,-0.018846
SIM-LCO-41-03,257,0.7994,1000.0,0.302793,-0.022532
SIM-LCO-41-03,257,0.7994,2000.0,0.310416,-0.023481
SIM-LCO-41-03,257,0.7994,5000.0,0.305525,-0.024882
SIM-LCO-41-03,257,0.7994,10000.0,0.312334,-0.025661
SIM-LCO-41-03,290,0.7497,10.0,0.333123,-0.011515
SIM-LCO-41-03,290,0.7497,20.0,0.340098,-0.01558
SIM-LCO-41-03,290,0.7497,50.0,0.342142,-0.017813
SIM-LCO-41-03,290,0.7497,100.0,0.33957,-0.017818
SIM-LCO-41-03,290,0.7497,200.0,0.339139,-0.017222
SIM-LCO-41-03,290,0.7497,500.0,0.342634,-0.019159
SIM-LCO-41-03,290,0.7497,1000.0,0.33402,-0.020611
SIM-LCO-41-03,290,0.7497,2000.0,0.333553,-0.022327
SIM-LCO-41-03,290,0.7497,5000.0,0.338922,-0.023727
SIM-LCO-41-03,290,0.7497,10000.0,0.335182,-0.026258
SIM-LCO-41-03,324,0.6997,10.0,0.379814,-0.013466
SIM-LCO-41-03,324,0.6997,20.0,0.376014,-0.014851
SIM-LCO-41-03,324,0.6997,50.0,0.374807,-0.016525
SIM-LCO-41-03,324,0.6997,100.0,0.370985,-0.016817
SIM-LCO-41-03,324,0.6997,200.0,0.376974,-0.019152
SIM-LCO-41-03,324,0.6997,500.0,0.374561,-0.021741
SIM-LCO-41-03,324,0.6997,1000.0,0.3747,-0.021419
SIM-LCO-41-03,324,0.6997,2000.0,0.377402,-0.02246
SIM-LCO-41-03,324,0.6997,5000.0,0.372856,-0.025013
SIM-LCO-41-03,324,0.6997,10000.0,0.375768,-0.02653
SIM-LCO-42-01,25,0.9502,10.0,0.189406,-0.012668
SIM-LCO-42-01,25,0.9502,20.0,0.194518,-0.013111
SIM-LCO-42-01,25,0.9502,50.0,0.193109,-0.015814
SIM-LCO-42-01,25,0.9502,100.0,0.187146,-0.015622
SIM-LCO-42-01,25,0.9502,200.0,0.191732,-0.017224
SIM-LCO-42-01,25,0.9502,500.0,0.189655,-0.019587
SIM-LCO-42-01,25,0.9502,1000.0,0.191249,-0.021532
SIM-LCO-42-01,25,0.9502,2000.0,0.192908,-0.020342
SIM-LCO-42-01,25,0.9502,5000.0,0.189845,-0.024084
SIM-LCO-42-01,25,0.9502,10000.0,0.194415,-0.023946
SIM-LCO-42-01,72,0.9004,10.0,0.231435,-0.013293
SIM-LCO-42-01,72,0.9004,20.0,0.22846,-0.011999
SIM-LCO-42-01,72,0.9004,50.0,0.228906,-0.015902
SIM-LCO-42-01,72,0.9004,100.0,0.223653,-0.015647
SIM-LCO-42-01,72,0.9004,200.0,0.223259,-0.017485
SIM-LCO-42-01,72,0.9004,500.0,0.227122,-0.019146
SIM-LCO-42-01,72,0.9004,1000.0,0.233352,-0.02077
SIM-LCO-42-01,72,0.9004,2000.0,0.228868,-0.022886
SIM-LCO-42-01,72,0.9004,5000.0,0.229043,-0.023537
SIM-LCO-42-01,72,0.9004,10000.0,0.223186,-0.024462
SIM-LCO-42-01,118,0.8504,10.0,0.269112,-0.012332
SIM-LCO-42-01,118,0.8504,20.0,0.269431,-0.015535
SIM-LCO-42-01,118,0.8504,50.0,0.267368,-0.014854
SIM-LCO-42-01,118,0.8504,100.0,0.271188,-0.017527
SIM-LCO-42-01,118,0.8504,200.0,0.270765,-0.017029
SIM-LCO-42-01,118,0.8504,500.0,0.270555,-0.021102
SIM-LCO-42-01,118,0.8504,1000.0,0.274845,-0.020477
SIM-LCO-42-01,118,0.8504,2000.0,0.271527,-0.022012
SIM-LCO-42-01,118,0.8504,5000.0,0.26971,-0.024495
SIM-LCO-42-01,118,0.8504,10000.0,0.273514,-0.023647
SIM-LCO-42-01,153,0.8,10.0,0.312636,-0.01257
SIM-LCO-42-01,153,0.8,20.0,0.304878,-0.014125
SIM-LCO-42-01,153,0.8,50.0,0.29936,-0.016514
SIM-LCO-42-01,153,0.8,100.0,0.30728,-0.016798
SIM-LCO-42-01,153,0.8,200.0,0.309134,-0.018656
SIM-LCO-42-01,153,0.8,500.0,0.312756,-0.019093
SIM-LCO-42-01,153,0.8,1000.0,0.306886,-0.020862
SIM-LCO-42-01,153,0.8,2000.0,0.317262,-0.022564
SIM-LCO-42-01,153,0.8,5000.0,0.308854,-0.024382
SIM-LCO-42-01,153,0.8,10000.0,0.309105,-0.025838
SIM-LCO-42-01,174,0.7507,10.0,0.345763,-0.01284
SIM-LCO-42-01,174,0.7507,20.0,0.345518,-0.013269
SIM-LCO-42-01,174,0.7507,50.0,0.349546,-0.015524
SIM-LCO-42-01,174,0.7507,100.0,0.34436,-0.016892
SIM-LCO-42-01,174,0.7507,200.0,0.348577,-0.018937
SIM-LCO-42-01,174,0.7507,500.0,0.361588,-0.020238
SIM-LCO-42-01,174,0.7507,1000.0,0.34271,-0.022033
SIM-LCO-42-01,174,0.7507,2000.0,0.347343,-0.02174
SIM-LCO-42-01,174,0.7507,5000.0,0.345861,-0.024667
SIM-LCO-42-01,174,0.7507,10000.0,0.34834,-0.025434
SIM-LCO-42-01,195,0.6994,10.0,0.387862,-0.013321
SIM-LCO-42-01,195,0.6994,20.0,0.386996,-0.013011
SIM-LCO-42-01,195,0.6994,50.0,0.384898,-0.016713
SIM-LCO-42-01,195,0.6994,100.0,0.392688,-0.014843
SIM-LCO-42-01,195,0.6994,200.0,0.389393,-0.018356
SIM-LCO-42-01,195,0.6994,500.0,0.387179,-0.020275
SIM-LCO-42-01,195,0.6994,1000.0,0.384968,-0.021473
SIM-LCO-42-01,195,0.6994,2000.0,0.388836,-0.024519
SIM-LCO-42-01,195,0.6994,5000.0,0.38903,-0.023798
SIM-LCO-42-01,195,0.6994,10000.0,0.387796,-0.026932
SIM-LCO-42-02,27,0.9499,10.0,0.194982,-0.012332
SIM-LCO-42-02,27,0.9499,20.0,0.195409,-0.014329
SIM-LCO-42-02,27,0.9499,50.0,0.198846,-0.015385
SIM-LCO-42-02,27,0.9499,100.0,0.195094,-0.015923
SIM-LCO-42-02,27,0.9499,200.0,0.197165,-0.017704
SIM-LCO-42-02,27,0.9499,500.0,0.197651,-0.018006
SIM-LCO-42-02,27,0.9499,1000.0,0.194421,-0.02023
SIM-LCO-42-02,27,0.9499,2000.0,0.198427,-0.022059
SIM-LCO-42-02,27,0.9499,5000.0,0.19968,-0.022747
SIM-LCO-42-02,27,0.9499,10000.0,0.197844,-0.024396
SIM-LCO-42-02,72,0.9007,10.0,0.227247,-0.012761
SIM-LCO-42-02,72,0.9007,20.0,0.228247,-0.014056
SIM-LCO-42-02,72,0.9007,50.0,0.224815,-0.015772
SIM-LCO-42-02,72,0.9007,100.0,0.225414,-0.014889
SIM-LCO-42-02,72,0.9007,200.0,0.22366,-0.017775
SIM-LCO-42-02,72,0.9007,500.0,0.226,-0.019981
SIM-LCO-42-02,72,0.9007,1000.0,0.226585,-0.022142
SIM-LCO-42-02,72,0.9007,2000.0,0.228059,-0.021214
SIM-LCO-42-02,72,0.9007,5000.0,0.227415,-0.022638
SIM-LCO-42-02,72,0.9007,10000.0,0.227356,-0.025407
SIM-LCO-42-02,117,0.8504,10.0,0.260104,-0.011531
SIM-LCO-42-02,117,0.8504,20.0,0.26553,-0.014745
SIM-LCO-42-02,117,0.8504,50.0,0.256308,-0.015497
SIM-LCO-42-02,117,0.8504,100.0,0.259816,-0.020397
SIM-LCO-42-02,117,0.8504,200.0,0.263372,-0.018537
SIM-LCO-42-02,117,0.8504,500.0,0.264672,-0.019553
SIM-LCO-42-02,117,0.8504,1000.0,0.25914,-0.021645
SIM-LCO-42-02,117,0.8504,2000.0,0.263548,-0.022472
SIM-LCO-42-02,117,0.8504,5000.0,0.261081,-0.024057
SIM-LCO-42-02,117,0.8504,10000.0,0.262466,-0.025416
SIM-LCO-42-02,141,0.7991,10.0,0.310601,-0.011526
SIM-LCO-42-02,141,0.7991,20.0,0.305753,-0.013242
SIM-LCO-42-02,141,0.7991,50.0,0.310205,-0.013997
SIM-LCO-42-02,141,0.7991,100.0,0.309348,-0.017692
SIM-LCO-42-02,141,0.7991,200.0,0.306082,-0.019076
SIM-LCO-42-02,141,0.7991,500.0,0.313049,-0.017861
SIM-LCO-42-02,141,0.7991,1000.0,0.311119,-0.020033
SIM-LCO-42-02,141,0.7991,2000.0,0.306124,-0.023193
SIM-LCO-42-02,141,0.7991,5000.0,0.310918,-0.02465
SIM-LCO-42-02,141,0.7991,10000.0,0.310175,-0.024165
SIM-LCO-42-02,162,0.7497,10.0,0.344285,-0.012794
SIM-LCO-42-02,162,0.7497,20.0,0.336286,-0.014616
SIM-LCO-42-02,162,0.7497,50.0,0.343744,-0.016274
SIM-LCO-42-02,162,0.7497,100.0,0.343492,-0.017815
SIM-LCO-42-02,162,0.7497,200.0,0.341062,-0.019169
SIM-LCO-42-02,162,0.7497,500.0,0.34102,-0.020239
SIM-LCO-42-02,162,0.7497,1000.0,0.339867,-0.022661
SIM-LCO-42-02,162,0.7497,2000.0,0.342923,-0.021561
SIM-LCO-42-02,162,0.7497,5000.0,0.336966,-0.024991
SIM-LCO-42-02,162,0.7497,10000.0,0.33636,-0.025884
SIM-LCO-42-02,183,0.699,10.0,0.390458,-0.012728
SIM-LCO-42-02,183,0.699,20.0,0.39804,-0.013666
SIM-LCO-42-02,183,0.699,50.0,0.388132,-0.015754
SIM-LCO-42-02,183,0.699,100.0,0.390556,-0.017569
SIM-LCO-42-02,183,0.699,200.0,0.395544,-0.018675
SIM-LCO-42-02,183,0.699,500.0,0.389947,-0.019449
SIM-LCO-42-02,183,0.699,1000.0,0.387824,-0.023391
SIM-LCO-42-02,183,0.699,2000.0,0.392081,-0.022161
SIM-LCO-42-02,183,0.699,5000.0,0.391339,-0.022085
SIM-LCO-42-02,183,0.699,10000.0,0.392981,-0.025932
SIM-LCO-42-03,26,0.9499,10.0,0.193426,-0.013437
SIM-LCO-42-03,26,0.9499,20.0,0.19101,-0.012979
SIM-LCO-42-03,26,0.9499,50.0,0.187415,-0.014467
SIM-LCO-42-03,26,0.9499,100.0,0.189923,-0.015429
SIM-LCO-42-03,26,0.9499,200.0,0.189366,-0.016229
SIM-LCO-42-03,26,0.9499,500.0,0.188695,-0.020429
SIM-LCO-42-03,26,0.9499,1000.0,0.190908,-0.019101
SIM-LCO-42-03,26,0.9499,2000.0,0.190858,-0.021475
SIM-LCO-42-03,26,0.9499,5000.0,0.190526,-0.022449
SIM-LCO-42-03,26,0.9499,10000.0,0.186945,-0.024359
SIM-LCO-42-03,75,0.8997,10.0,0.223249,-0.011313
SIM-LCO-42-03,75,0.8997,20.0,0.230509,-0.012198
SIM-LCO-42-03,75,0.8997,50.0,0.226955,-0.016033
SIM-LCO-42-03,75,0.8997,100.0,0.224345,-0.015689
SIM-LCO-42-03,75,0.8997,200.0,0.2267,-0.016972
SIM-LCO-42-03,75,0.8997,500.0,0.22428,-0.017905
SIM-LCO-42-03,75,0.8997,1000.0,0.224519,-0.021313
SIM-LCO-42-03,75,0.8997,2000.0,0.227441,-0.021603
SIM-LCO-42-03,75,0.8997,5000.0,0.222998,-0.022876
SIM-LCO-42-03,75,0.8997,10000.0,0.224739,-0.025127
SIM-LCO-42-03,119,0.8496,10.0,0.268687,-0.013187
SIM-LCO-42-03,119,0.8496,20.0,0.274574,-0.013001
SIM-LCO-42-03,119,0.8496,50.0,0.269013,-0.016683
SIM-LCO-42-03,119,0.8496,100.0,0.268772,-0.015889
SIM-LCO-42-03,119,0.8496,200.0,0.266036,-0.016451
SIM-LCO-42-03,119,0.8496,500.0,0.268683,-0.018611
SIM-LCO-42-03,119,0.8496,1000.0,0.269093,-0.019886
SIM-LCO-42-03,119,0.8496,2000.0,0.272687,-0.023097
SIM-LCO-42-03,119,0.8496,5000.0,0.267923,-0.025053
SIM-LCO-42-03,119,0.8496,10000.0,0.275746,-0.024481
SIM-LCO-42-03,146,0.801,10.0,0.303889,-0.01382
SIM-LCO-42-03,146,0.801,20.0,0.30323,-0.012688
SIM-LCO-42-03,146,0.801,50.0,0.304211,-0.017733
SIM-LCO-42-03,146,0.801,100.0,0.296089,-0.017491
SIM-LCO-42-03,146,0.801,200.0,0.296332,-0.01947
SIM-LCO-42-03,146,0.801,500.0,0.301313,-0.020328
SIM-LCO-42-03,146,0.801,1000.0,0.308931,-0.020029
SIM-LCO-42-03,146,0.801,2000.0,0.306804,-0.02219
SIM-LCO-42-03,146,0.801,5000.0,0.304022,-0.024816
SIM-LCO-42-03,146,0.801,10000.0,0.298586,-0.026725
SIM-LCO-42-03,167,0.7493,10.0,0.353332,-0.014276
SIM-LCO-42-03,167,0.7493,20.0,0.35413,-0.014249
SIM-LCO-42-03,167,0.7493,50.0,0.353429,-0.014989
SIM-LCO-42-03,167,0.7493,100.0,0.350006,-0.017429
SIM-LCO-42-03,167,0.7493,200.0,0.345772,-0.019296
SIM-LCO-42-03,167,0.7493,500.0,0.35081,-0.019268
SIM-LCO-42-03,167,0.7493,1000.0,0.347822,-0.020941
SIM-LCO-42-03,167,0.7493,2000.0,0.349734,-0.023139
SIM-LCO-42-03,167,0.7493,5000.0,0.349791,-0.02459
SIM-LCO-42-03,167,0.7493,10000.0,0.348692,-0.025884
SIM-LCO-42-03,188,0.7006,10.0,0.371882,-0.013812
SIM-LCO-42-03,188,0.7006,20.0,0.385185,-0.015128
SIM-LCO-42-03,188,0.7006,50.0,0.391799,-0.017207
SIM-LCO-42-03,188,0.7006,100.0,0.38183,-0.017915
SIM-LCO-42-03,188,0.7006,200.0,0.383636,-0.017156
SIM-LCO-42-03,188,0.7006,500.0,0.381618,-0.021002
SIM-LCO-42-03,188,0.7006,1000.0,0.374384,-0.021979
SIM-LCO-42-03,188,0.7006,2000.0,0.388128,-0.025135
SIM-LCO-42-03,188,0.7006,5000.0,0.37456,-0.023975
SIM-LCO-42-03,188,0.7006,10000.0,0.376107,-0.027622
SIM-LCO-43-01,48,0.9503,10.0,0.182717,-0.013796
SIM-LCO-43-01,48,0.9503,20.0,0.177441,-0.013738
SIM-LCO-43-01,48,0.9503,50.0,0.180372,-0.014248
SIM-LCO-43-01,48,0.9503,100.0,0.176688,-0.016571
SIM-LCO-43-01,48,0.9503,200.0,0.181207,-0.016826
SIM-LCO-43-01,48,0.9503,500.0,0.179663,-0.019526
SIM-LCO-43-01,48,0.9503,1000.0,0.178389,-0.020972
SIM-LCO-43-01,48,0.9503,2000.0,0.181402,-0.021513
SIM-LCO-43-01,48,0.9503,5000.0,0.181956,-0.021596
SIM-LCO-43-01,48,0.9503,10000.0,0.17794,-0.026324
SIM-LCO-43-01,113,0.9001,10.0,0.225828,-0.012979
SIM-LCO-43-01,113,0.9001,20.0,0.226199,-0.013827
SIM-LCO-43-01,113,0.9001,50.0,0.226467,-0.015582
SIM-LCO-43-01,113,0.9001,100.0,0.220271,-0.018468
SIM-LCO-43-01,113,0.9001,200.0,0.221448,-0.018822
SIM-LCO-43-01,113,0.9001,500.0,0.221835,-0.019101
SIM-LCO-43-01,113,0.9001,1000.0,0.220835,-0.021028
SIM-LCO-43-01,113,0.9001,2000.0,0.220904,-0.022506
SIM-LCO-43-01,113,0.9001,5000.0,0.224322,-0.022651
SIM-LCO-43-01,113,0.9001,10000.0,0.219166,-0.024251
SIM-LCO-43-01,184,0.8498,10.0,0.269197,-0.012389
SIM-LCO-43-01,184,0.8498,20.0,0.260639,-0.01392
SIM-LCO-43-01,184,0.8498,50.0,0.264962,-0.014316
SIM-LCO-43-01,184,0.8498,100.0,0.26545,-0.016131
SIM-LCO-43-01,184,0.8498,200.0,0.26298,-0.017788
SIM-LCO-43-01,184,0.8498,500.0,0.267713,-0.019573
SIM-LCO-43-01,184,0.8498,1000.0,0.263157,-0.020868
SIM-LCO-43-01,184,0.8498,2000.0,0.269772,-0.021683
SIM-LCO-43-01,184,0.8498,5000.0,0.264923,-0.022914
SIM-LCO-43-01,184,0.8498,10000.0,0.267584,-0.025796
SIM-LCO-43-01,232,0.8001,10.0,0.298902,-0.013262
SIM-LCO-43-01,232,0.8001,20.0,0.301043,-0.0121
SIM-LCO-43-01,232,0.8001,50.0,0.303688,-0.01594
SIM-LCO-43-01,232,0.8001,100.0,0.295401,-0.01845
SIM-LCO-43-01,232,0.8001,200.0,0.301785,-0.020886
SIM-LCO-43-01,232,0.8001,500.0,0.303053,-0.020806
SIM-LCO-43-01,232,0.8001,1000.0,0.299169,-0.019812
SIM-LCO-43-01,232,0.8001,2000.0,0.301576,-0.023085
SIM-LCO-43-01,232,0.8001,5000.0,0.300795,-0.025315
SIM-LCO-43-01,232,0.8001,10000.0,0.301901,-0.023801
SIM-LCO-43-01,262,0.7501,10.0,0.354653,-0.010973
SIM-LCO-43-01,262,0.7501,20.0,0.351395,-0.013383
SIM-LCO-43-01,262,0.7501,50.0,0.352286,-0.016273
SIM-LCO-43-01,262,0.7501,100.0,0.346473,-0.017195
SIM-LCO-43-01,262,0.7501,200.0,0.349021,-0.018792
SIM-LCO-43-01,262,0.7501,500.0,0.350043,-0.020095
SIM-LCO-43-01,262,0.7501,1000.0,0.354142,-0.021101
SIM-LCO-43-01,262,0.7501,2000.0,0.350906,-0.02351
SIM-LCO-43-01,262,0.7501,5000.0,0.350389,-0.023888
SIM-LCO-43-01,262,0.7501,10000.0,0.347029,-0.025131
SIM-LCO-43-01,293,0.6998,10.0,0.373655,-0.013752
SIM-LCO-43-01,293,0.6998,20.0,0.370494,-0.014145
SIM-LCO-43-01,293,0.6998,50.0,0.366302,-0.016834
SIM-LCO-43-01,293,0.6998,100.0,0.358566,-0.017029
SIM-LCO-43-01,293,0.6998,200.0,0.372881,-0.018893
SIM-LCO-43-01,293,0.6998,500.0,0.371371,-0.021639
SIM-LCO-43-01,293,0.6998,1000.0,0.365463,-0.020382
SIM-LCO-43-01,293,0.6998,2000.0,0.372091,-0.022052
SIM-LCO-43-01,293,0.6998,5000.0,0.370934,-0.025053
SIM-LCO-43-01,293,0.6998,10000.0,0.36824,-0.026759
SIM-LCO-43-02,48,0.9504,10.0,0.184756,-0.011589
SIM-LCO-43-02,48,0.9504,20.0,0.18553,-0.012789
SIM-LCO-43-02,48,0.9504,50.0,0.188615,-0.015032
SIM-LCO-43-02,48,0.9504,100.0,0.184848,-0.016589
SIM-LCO-43-02,48,0.9504,200.0,0.188131,-0.017766
SIM-LCO-43-02,48,0.9504,500.0,0.188541,-0.017348
SIM-LCO-43-02,48,0.9504,1000.0,0.188786,-0.020058
SIM-LCO-43-02,48,0.9504,2000.0,0.187293,-0.021515
SIM-LCO-43-02,48,0.9504,5000.0,0.185999,-0.022317
SIM-LCO-43-02,48,0.9504,10000.0,0.184471,-0.024018
SIM-LCO-43-02,117,0.8999,10.0,0.221805,-0.01198
SIM-LCO-43-02,117,0.8999,20.0,0.223726,-0.013899
SIM-LCO-43-02,117,0.8999,50.0,0.219762,-0.015256
SIM-LCO-43-02,117,0.8999,100.0,0.222583,-0.014425
SIM-LCO-43-02,117,0.8999,200.0,0.222772,-0.017557
SIM-LCO-43-02,117,0.8999,500.0,0.222931,-0.018976
SIM-LCO-43-02,117,0.8999,1000.0,0.220835,-0.019972
SIM-LCO-43-02,117,0.8999,2000.0,0.221753,-0.020026
SIM-LCO-43-02,117,0.8999,5000.0,0.222407,-0.023717
SIM-LCO-43-02,117,0.8999,10000.0,0.219728,-0.023065
SIM-LCO-43-02,181,0.8498,10.0,0.263878,-0.012608
SIM-LCO-43-02,181,0.8498,20.0,0.266682,-0.014085
SIM-LCO-43-02,181,0.8498,50.0,0.262613,-0.016567
SIM-LCO-43-02,181,0.8498,100.0,0.261707,-0.015265
SIM-LCO-43-02,181,0.8498,200.0,0.267928,-0.017228
SIM-LCO-43-02,181,0.8498,500.0,0.262015,-0.019281
SIM-LCO-43-02,181,0.8498,1000.0,0.263623,-0.021489
SIM-LCO-43-02,181,0.8498,2000.0,0.261063,-0.022769
SIM-LCO-43-02,181,0.8498,5000.0,0.263713,-0.023664
SIM-LCO-43-02,181,0.8498,10000.0,0.259689,-0.024807
SIM-LCO-43-02,229,0.8,10.0,0.31479,-0.012641
SIM-LCO-43-02,229,0.8,20.0,0.315401,-0.014945
SIM-LCO-43-02,229,0.8,50.0,0.31336,-0.013544
SIM-LCO-43-02,229,0.8,100.0,0.313534,-0.017357
SIM-LCO-43-02,229,0.8,200.0,0.320911,-0.017744
SIM-LCO-43-02,229,0.8,500.0,0.315235,-0.019239
SIM-LCO-43-02,229,0.8,1000.0,0.314858,-0.021684
SIM-LCO-43-02,229,0.8,2000.0,0.31715,-0.023879
SIM-LCO-43-02,229,0.8,5000.0,0.315564,-0.022593
SIM-LCO-43-02,229,0.8,10000.0,0.321457,-0.027221
SIM-LCO-43-02,260,0.75,10.0,0.349378,-0.012159
SIM-LCO-43-02,260,0.75,20.0,0.348728,-0.013891
SIM-LCO-43-02,260,0.75,50.0,0.342233,-0.0135
SIM-LCO-43-02,260,0.75,100.0,0.349425,-0.016526
SIM-LCO-43-02,260,0.75,200.0,0.345935,-0.01967
SIM-LCO-43-02,260,0.75,500.0,0.344991,-0.019137
SIM-LCO-43-02,260,0.75,1000.0,0.350607,-0.020702
SIM-LCO-43-02,260,0.75,2000.0,0.347046,-0.02239
SIM-LCO-43-02,260,0.75,5000.0,0.346061,-0.02491
SIM-LCO-43-02,260,0.75,10000.0,0.344326,-0.024675
SIM-LCO-43-02,290,0.7004,10.0,0.395101,-0.013466
SIM-LCO-43-02,290,0.7004,20.0,0.397464,-0.014254
SIM-LCO-43-02,290,0.7004,50.0,0.394497,-0.016321
SIM-LCO-43-02,290,0.7004,100.0,0.390422,-0.017888
SIM-LCO-43-02,290,0.7004,200.0,0.395142,-0.018125
SIM-LCO-43-02,290,0.7004,500.0,0.390237,-0.02057
SIM-LCO-43-02,290,0.7004,1000.0,0.383789,-0.021196
SIM-LCO-43-02,290,0.7004,2000.0,0.394091,-0.022127
SIM-LCO-43-02,290,0.7004,5000.0,0.397817,-0.02618
SIM-LCO-43-02,290,0.7004,10000.0,0.391956,-0.02693
SIM-LCO-43-03,46,0.9504,10.0,0.18438,-0.013889
SIM-LCO-43-03,46,0.9504,20.0,0.185069,-0.013406
SIM-LCO-43-03,46,0.9504,50.0,0.18191,-0.016125
SIM-LCO-43-03,46,0.9504,100.0,0.178194,-0.013966
SIM-LCO-43-03,46,0.9504,200.0,0.186582,-0.019039
SIM-LCO-43-03,46,0.9504,500.0,0.185881,-0.018082
SIM-LCO-43-03,46,0.9504,1000.0,0.178984,-0.020852
SIM-LCO-43-03,46,0.9504,2000.0,0.18298,-0.020881
SIM-LCO-43-03,46,0.9504,5000.0,0.181641,-0.024359
SIM-LCO-43-03,46,0.9504,10000.0,0.186082,-0.02414
SIM-LCO-43-03,113,0.9001,10.0,0.219784,-0.011602
SIM-LCO-43-03,113,0.9001,20.0,0.21678,-0.012739
SIM-LCO-43-03,113,0.9001,50.0,0.215799,-0.014715
SIM-LCO-43-03,113,0.9001,100.0,0.221209,-0.015854
SIM-LCO-43-03,113,0.9001,200.0,0.216229,-0.016651
SIM-LCO-43-03,113,0.9001,500.0,0.21749,-0.02046
SIM-LCO-43-03,113,0.9001,1000.0,0.215658,-0.020595
SIM-LCO-43-03,113,0.9001,2000.0,0.216939,-0.022983
SIM-LCO-43-03,113,0.9001,5000.0,0.21794,-0.023125
SIM-LCO-43-03,113,0.9001,10000.0,0.220089,-0.023908
SIM-LCO-43-03,184,0.8491,10.0,0.267066,-0.013083
SIM-LCO-43-03,184,0.8491,20.0,0.264047,-0.014367
SIM-LCO-43-03,184,0.8491,50.0,0.260102,-0.015848
SIM-LCO-43-03,184,0.8491,100.0,0.263215,-0.018382
SIM-LCO-43-03,184,0.8491,200.0,0.261529,-0.017765
SIM-LCO-43-03,184,0.8491,500.0,0.26034,-0.019114
SIM-LCO-43-03,184,0.8491,1000.0,0.262031,-0.020964
SIM-LCO-43-03,184,0.8491,2000.0,0.262652,-0.023011
SIM-LCO-43-03,184,0.8491,5000.0,0.265263,-0.023932
SIM-LCO-43-03,184,0.8491,10000.0,0.261755,-0.024834
SIM-LCO-43-03,215,0.801,10.0,0.292961,-0.013075
SIM-LCO-43-03,215,0.801,20.0,0.297039,-0.013778
SIM-LCO-43-03,215,0.801,50.0,0.297826,-0.0146
SIM-LCO-43-03,215,0.801,100.0,0.298283,-0.014792
SIM-LCO-43-03,215,0.801,200.0,0.300184,-0.018726
SIM-LCO-43-03,215,0.801,500.0,0.299742,-0.020521
SIM-LCO-43-03,215,0.801,1000.0,0.303898,-0.021646
SIM-LCO-43-03,215,0.801,2000.0,0.299991,-0.021365
SIM-LCO-43-03,215,0.801,5000.0,0.297499,-0.02441
SIM-LCO-43-03,215,0.801,10000.0,0.295777,-0.028799
SIM-LCO-43-03,246,0.7495,10.0,0.349556,-0.01351
SIM-LCO-43-03,246,0.7495,20.0,0.34785,-0.014714
SIM-LCO-43-03,246,0.7495,50.0,0.347156,-0.015989
SIM-LCO-43-03,246,0.7495,100.0,0.355429,-0.016204
SIM-LCO-43-03,246,0.7495,200.0,0.34756,-0.017206
SIM-LCO-43-03,246,0.7495,500.0,0.3474,-0.020224
SIM-LCO-43-03,246,0.7495,1000.0,0.350955,-0.02157
SIM-LCO-43-03,246,0.7495,2000.0,0.357404,-0.022937
SIM-LCO-43-03,246,0.7495,5000.0,0.35554,-0.026
SIM-LCO-43-03,246,0.7495,10000.0,0.351298,-0.025689
SIM-LCO-43-03,277,0.7002,10.0,0.384268,-0.012293
SIM-LCO-43-03,277,0.7002,20.0,0.385185,-0.015507
SIM-LCO-43-03,277,0.7002,50.0,0.382925,-0.016389
SIM-LCO-43-03,277,0.7002,100.0,0.380435,-0.018455
SIM-LCO-43-03,277,0.7002,200.0,0.384335,-0.018201
SIM-LCO-43-03,277,0.7002,500.0,0.380745,-0.018393
SIM-LCO-43-03,277,0.7002,1000.0,0.388622,-0.022963
SIM-LCO-43-03,277,0.7002,2000.0,0.386137,-0.023201
SIM-LCO-43-03,277,0.7002,5000.0,0.381322,-0.024965
SIM-LCO-43-03,277,0.7002,10000.0,0.386366,-0.027104
SIM-LCO-44-01,28,0.95,10.0,0.190672,-0.012071
SIM-LCO-44-01,28,0.95,20.0,0.183194,-0.011353
SIM-LCO-44-01,28,0.95,50.0,0.184892,-0.014255
SIM-LCO-44-01,28,0.95,100.0,0.188915,-0.016433
SIM-LCO-44-01,28,0.95,200.0,0.186256,-0.017571
SIM-LCO-44-01,28,0.95,500.0,0.185291,-0.019622
SIM-LCO-44-01,28,0.95,1000.0,0.185173,-0.019822
SIM-LCO-44-01,28,0.95,2000.0,0.184533,-0.020256
SIM-LCO-44-01,28,0.95,5000.0,0.185723,-0.021309
SIM-LCO-44-01,28,0.95,10000.0,0.18452,-0.022977
SIM-LCO-44-01,75,0.9003,10.0,0.230064,-0.01165
SIM-LCO-44-01,75,0.9003,20.0,0.233971,-0.01422
SIM-LCO-44-01,75,0.9003,50.0,0.229967,-0.015663
SIM-LCO-44-01,75,0.9003,100.0,0.230043,-0.015391
SIM-LCO-44-01,75,0.9003,200.0,0.228086,-0.01578
SIM-LCO-44-01,75,0.9003,500.0,0.231859,-0.01921
SIM-LCO-44-01,75,0.9003,1000.0,0.233447,-0.020165
SIM-LCO-44-01,75,0.9003,2000.0,0.228219,-0.021807
SIM-LCO-44-01,75,0.9003,5000.0,0.23239,-0.025244
SIM-LCO-44-01,75,0.9003,10000.0,0.231577,-0.025138
SIM-LCO-44-01,123,0.8502,10.0,0.288753,-0.01353
SIM-LCO-44-01,123,0.8502,20.0,0.279975,-0.013506
SIM-LCO-44-01,123,0.8502,50.0,0.283206,-0.013992
SIM-LCO-44-01,123,0.8502,100.0,0.283375,-0.016399
SIM-LCO-44-01,123,0.8502,200.0,0.283815,-0.016438
SIM-LCO-44-01,123,0.8502,500.0,0.285113,-0.019329
SIM-LCO-44-01,123,0.8502,1000.0,0.285411,-0.020755
SIM-LCO-44-01,123,0.8502,2000.0,0.286213,-0.021995
SIM-LCO-44-01,123,0.8502,5000.0,0.281228,-0.022919
SIM-LCO-44-01,123,0.8502,10000.0,0.284034,-0.02453
SIM-LCO-44-01,154,0.7995,10.0,0.301109,-0.013901
SIM-LCO-44-01,154,0.7995,20.0,0.304165,-0.014658
SIM-LCO-44-01,154,0.7995,50.0,0.306226,-0.01646
SIM-LCO-44-01,154,0.7995,100.0,0.306217,-0.017838
SIM-LCO-44-01,154,0.7995,200.0,0.296057,-0.019547
SIM-LCO-44-01,154,0.7995,500.0,0.303009,-0.020519
SIM-LCO-44-01,154,0.7995,1000.0,0.299984,-0.021337
SIM-LCO-44-01,154,0.7995,2000.0,0.302157,-0.022059
SIM-LCO-44-01,154,0.7995,5000.0,0.304138,-0.025641
SIM-LCO-44-01,154,0.7995,10000.0,0.301415,-0.025346
SIM-LCO-44-01,175,0.7505,10.0,0.346538,-0.015145
SIM-LCO-44-01,175,0.7505,20.0,0.345229,-0.016438
SIM-LCO-44-01,175,0.7505,50.0,0.346038,-0.015744
SIM-LCO-44-01,175,0.7505,100.0,0.349278,-0.017024
SIM-LCO-44-01,175,0.7505,200.0,0.345913,-0.019976
SIM-LCO-44-01,175,0.7505,500.0,0.348792,-0.020317
SIM-LCO-44-01,175,0.7505,1000.0,0.349541,-0.023658
SIM-LCO-44-01,175,0.7505,2000.0,0.344707,-0.022873
SIM-LCO-44-01,175,0.7505,5000.0,0.343887,-0.024396
SIM-LCO-44-01,175,0.7505,10000.0,0.348794,-0.026835
SIM-LCO-44-01,198,0.6989,10.0,0.384792,-0.013834
SIM-LCO-44-01,198,0.6989,20.0,0.377559,-0.013899
SIM-LCO-44-01,198,0.6989,50.0,0.380305,-0.016167
SIM-LCO-44-01,198,0.6989,100.0,0.382152,-0.017624
SIM-LCO-44-01,198,0.6989,200.0,0.377528,-0.018226
SIM-LCO-44-01,198,0.6989,500.0,0.382563,-0.020721
SIM-LCO-44-01,198,0.6989,1000.0,0.377862,-0.020978
SIM-LCO-44-01,198,0.6989,2000.0,0.380573,-0.02179
SIM-LCO-44-01,198,0.6989,5000.0,0.379161,-0.025702
SIM-LCO-44-01,198,0.6989,10000.0,0.372023,-0.025063
SIM-LCO-44-02,27,0.9496,10.0,0.187156,-0.014306
SIM-LCO-44-02,27,0.9496,20.0,0.184223,-0.01553
SIM-LCO-44-02,27,0.9496,50.0,0.189641,-0.014689
SIM-LCO-44-02,27,0.9496,100.0,0.190001,-0.014041
SIM-LCO-44-02,27,0.9496,200.0,0.186653,-0.017654
SIM-LCO-44-02,27,0.9496,500.0,0.187383,-0.019981
SIM-LCO-44-02,27,0.9496,1000.0,0.187934,-0.021851
SIM-LCO-44-02,27,0.9496,2000.0,0.192042,-0.022111
SIM-LCO-44-02,27,0.9496,5000.0,0.189981,-0.023268
SIM-LCO-44-02,27,0.9496,10000.0,0.185758,-0.024757
SIM-LCO-44-02,75,0.9001,10.0,0.225733,-0.010481
SIM-LCO-44-02,75,0.9001,20.0,0.226654,-0.014334
SIM-LCO-44-02,75,0.9001,50.0,0.22383,-0.015009
SIM-LCO-44-02,75,0.9001,100.0,0.226415,-0.016585
SIM-LCO-44-02,75,0.9001,200.0,0.23163,-0.018944
SIM-LCO-44-02,75,0.9001,500.0,0.226263,-0.019904
SIM-LCO-44-02,75,0.9001,1000.0,0.22706,-0.019653
SIM-LCO-44-02,75,0.9001,2000.0,0.226043,-0.022295
SIM-LCO-44-02,75,0.9001,5000.0,0.223954,-0.02434
SIM-LCO-44-02,75,0.9001,10000.0,0.229055,-0.023513
SIM-LCO-44-02,123,0.8501,10.0,0.252613,-0.010818
SIM-LCO-44-02,123,0.8501,20.0,0.254878,-0.013597
SIM-LCO-44-02,123,0.8501,50.0,0.257969,-0.013535
SIM-LCO-44-02,123,0.8501,100.0,0.252819,-0.0187
SIM-LCO-44-02,123,0.8501,200.0,0.255985,-0.017447
SIM-LCO-44-02,123,0.8501,500.0,0.251674,-0.019093
SIM-LCO-44-02,123,0.8501,1000.0,0.249678,-0.020206
SIM-LCO-44-02,123,0.8501,2000.0,0.247989,-0.021805
SIM-LCO-44-02,123,0.8501,5000.0,0.255998,-0.023915
SIM-LCO-44-02,123,0.8501,10000.0,0.253165,-0.024536
SIM-LCO-44-02,156,0.8002,10.0,0.305433,-0.013431
SIM-LCO-44-02,156,0.8002,20.0,0.308727,-0.01415
SIM-LCO-44-02,156,0.8002,50.0,0.309695,-0.017437
SIM-LCO-44-02,156,0.8002,100.0,0.300917,-0.016588
SIM-LCO-44-02,156,0.8002,200.0,0.306389,-0.018584
SIM-LCO-44-02,156,0.8002,500.0,0.299464,-0.018511
SIM-LCO-44-02,156,0.8002,1000.0,0.303217,-0.020766
SIM-LCO-44-02,156,0.8002,2000.0,0.302042,-0.023358
SIM-LCO-44-02,156,0.8002,5000.0,0.302627,-0.022922
SIM-LCO-44-02,156,0.8002,10000.0,0.30671,-0.026671
SIM-LCO-44-02,178,0.7509,10.0,0.348638,-0.012217
SIM-LCO-44-02,178,0.7509,20.0,0.348733,-0.014857
SIM-LCO-44-02,178,0.7509,50.0,0.348619,-0.015283
SIM-LCO-44-02,178,0.7509,100.0,0.351279,-0.01711
SIM-LCO-44-02,178,0.7509,200.0,0.348049,-0.017712
SIM-LCO-44-02,178,0.7509,500.0,0.351099,-0.020143
SIM-LCO-44-02,178,0.7509,1000.0,0.3519,-0.020606
SIM-LCO-44-02,178,0.7509,2000.0,0.34953,-0.023222
SIM-LCO-44-02,178,0.7509,5000.0,0.349928,-0.025094
SIM-LCO-44-02,178,0.7509,10000.0,0.345228,-0.026754
SIM-LCO-44-02,199,0.7008,10.0,0.384576,-0.011634
SIM-LCO-44-02,199,0.7008,20.0,0.393618,-0.01358
SIM-LCO-44-02,199,0.7008,50.0,0.383242,-0.01569
SIM-LCO-44-02,199,0.7008,100.0,0.385124,-0.017447
SIM-LCO-44-02,199,0.7008,200.0,0.380025,-0.019486
SIM-LCO-44-02,199,0.7008,500.0,0.383903,-0.019227
SIM-LCO-44-02,199,0.7008,1000.0,0.385921,-0.021525
SIM-LCO-44-02,199,0.7008,2000.0,0.390966,-0.023184
SIM-LCO-44-02,199,0.7008,5000.0,0.383283,-0.024452
SIM-LCO-44-02,199,0.7008,10000.0,0.393585,-0.025164
SIM-LCO-44-03,28,0.9501,10.0,0.193354,-0.01299
SIM-LCO-44-03,28,0.9501,20.0,0.190049,-0.013825
SIM-LCO-44-03,28,0.9501,50.0,0.192469,-0.014512
SIM-LCO-44-03,28,0.9501,100.0,0.192191,-0.01685
SIM-LCO-44-03,28,0.9501,200.0,0.191922,-0.016455
SIM-LCO-44-03,28,0.9501,500.0,0.193776,-0.018683
SIM-LCO-44-03,28,0.9501,1000.0,0.193635,-0.019946
SIM-LCO-44-03,28,0.9501,2000.0,0.188862,-0.021245
SIM-LCO-44-03,28,0.9501,5000.0,0.192077,-0.023187
SIM-LCO-44-03,28,0.9501,10000.0,0.190799,-0.023869
SIM-LCO-44-03,75,0.9008,10.0,0.224104,-0.014398
SIM-LCO-44-03,75,0.9008,20.0,0.221013,-0.014726
SIM-LCO-44-03,75,0.9008,50.0,0.22168,-0.015454
SIM-LCO-44-03,75,0.9008,100.0,0.224815,-0.018231
SIM-LCO-44-03,75,0.9008,200.0,0.22292,-0.017533
SIM-LCO-44-03,75,0.9008,500.0,0.222524,-0.019151
SIM-LCO-44-03,75,0.9008,1000.0,0.220442,-0.019592
SIM-LCO-44-03,75,0.9008,2000.0,0.220907,-0.021136
SIM-LCO-44-03,75,0.9008,5000.0,0.224959,-0.023898
SIM-LCO-44-03,75,0.9008,10000.0,0.227331,-0.025317
SIM-LCO-44-03,124,0.8496,10.0,0.259312,-0.013453
SIM-LCO-44-03,124,0.8496,20.0,0.260982,-0.014412
SIM-LCO-44-03,124,0.8496,50.0,0.259625,-0.015258
SIM-LCO-44-03,124,0.8496,100.0,0.256222,-0.017557
SIM-LCO-44-03,124,0.8496,200.0,0.262868,-0.016767
SIM-LCO-44-03,124,0.8496,500.0,0.253938,-0.019609
SIM-LCO-44-03,124,0.8496,1000.0,0.260555,-0.02182
SIM-LCO-44-03,124,0.8496,2000.0,0.260726,-0.022303
SIM-LCO-44-03,124,0.8496,5000.0,0.259016,-0.0233
SIM-LCO-44-03,124,0.8496,10000.0,0.257962,-0.025598
SIM-LCO-44-03,151,0.8012,10.0,0.305074,-0.010631
SIM-LCO-44-03,151,0.8012,20.0,0.299943,-0.014378
SIM-LCO-44-03,151,0.8012,50.0,0.298185,-0.014301
SIM-LCO-44-03,151,0.8012,100.0,0.299868,-0.016786
SIM-LCO-44-03,151,0.8012,200.0,0.301289,-0.017355
SIM-LCO-44-03,151,0.8012,500.0,0.291729,-0.020758
SIM-LCO-44-03,151,0.8012,1000.0,0.298095,-0.020659
SIM-LCO-44-03,151,0.8012,2000.0,0.299781,-0.022713
SIM-LCO-44-03,151,0.8012,5000.0,0.296581,-0.025151
SIM-LCO-44-03,151,0.8012,10000.0,0.303291,-0.025118
SIM-LCO-44-03,173,0.749,10.0,0.319554,-0.012595
SIM-LCO-44-03,173,0.749,20.0,0.317252,-0.014258
SIM-LCO-44-03,173,0.749,50.0,0.324833,-0.015358
SIM-LCO-44-03,173,0.749,100.0,0.322005,-0.017133
SIM-LCO-44-03,173,0.749,200.0,0.318559,-0.018515
SIM-LCO-44-03,173,0.749,500.0,0.318256,-0.019833
SIM-LCO-44-03,173,0.749,1000.0,0.328119,-0.020629
SIM-LCO-44-03,173,0.749,2000.0,0.320041,-0.02372
SIM-LCO-44-03,173,0.749,5000.0,0.323795,-0.022706
SIM-LCO-44-03,173,0.749,10000.0,0.324254,-0.026578
SIM-LCO-44-03,195,0.6991,10.0,0.365354,-0.013289
SIM-LCO-44-03,195,0.6991,20.0,0.360296,-0.014264
SIM-LCO-44-03,195,0.6991,50.0,0.371734,-0.014139
SIM-LCO-44-03,195,0.6991,100.0,0.370334,-0.016781
SIM-LCO-44-03,195,0.6991,200.0,0.362871,-0.017275
SIM-LCO-44-03,195,0.6991,500.0,0.366603,-0.018292
SIM-LCO-44-03,195,0.6991,1000.0,0.362346,-0.022187
SIM-LCO-44-03,195,0.6991,2000.0,0.363441,-0.024178
SIM-LCO-44-03,195,0.6991,5000.0,0.360996,-0.024216
SIM-LCO-44-03,195,0.6991,10000.0,0.369114,-0.026839
SIM-LCO-45-01,16,0.9514,10.0,0.193315,-0.012699
SIM-LCO-45-01,16,0.9514,20.0,0.193704,-0.012935
SIM-LCO-45-01,16,0.9514,50.0,0.195484,-0.013872
SIM-LCO-45-01,16,0.9514,100.0,0.194084,-0.014566
SIM-LCO-45-01,16,0.9514,200.0,0.192405,-0.017526
SIM-LCO-45-01,16,0.9514,500.0,0.189781,-0.020376
SIM-LCO-45-01,16,0.9514,1000.0,0.19671,-0.019388
SIM-LCO-45-01,16,0.9514,2000.0,0.190315,-0.02084
SIM-LCO-45-01,16,0.9514,5000.0,0.192843,-0.023541
SIM-LCO-45-01,16,0.9514,10000.0,0.192048,-0.024727
SIM-LCO-45-01,39,0.9003,10.0,0.226996,-0.014546
SIM-LCO-45-01,39,0.9003,20.0,0.226433,-0.015057
SIM-LCO-45-01,39,0.9003,50.0,0.229983,-0.01402
SIM-LCO-45-01,39,0.9003,100.0,0.225003,-0.016413
SIM-LCO-45-01,39,0.9003,200.0,0.228745,-0.019179
SIM-LCO-45-01,39,0.9003,500.0,0.227912,-0.020379
SIM-LCO-45-01,39,0.9003,1000.0,0.229191,-0.02102
SIM-LCO-45-01,39,0.9003,2000.0,0.224648,-0.020695
SIM-LCO-45-01,39,0.9003,5000.0,0.226293,-0.022958
SIM-LCO-45-01,39,0.9003,10000.0,0.230755,-0.024909
SIM-LCO-45-01,67,0.8498,10.0,0.262693,-0.012736
SIM-LCO-45-01,67,0.8498,20.0,0.26343,-0.014254
SIM-LCO-45-01,67,0.8498,50.0,0.263863,-0.015707
SIM-LCO-45-01,67,0.8498,100.0,0.26229,-0.016454
SIM-LCO-45-01,67,0.8498,200.0,0.257435,-0.017655
SIM-LCO-45-01,67,0.8498,500.0,0.261212,-0.020035
SIM-LCO-45-01,67,0.8498,1000.0,0.265832,-0.022917
SIM-LCO-45-01,67,0.8498,2000.0,0.254479,-0.021941
SIM-LCO-45-01,67,0.8498,5000.0,0.26367,-0.025523
SIM-LCO-45-01,67,0.8498,10000.0,0.26145,-0.025324
SIM-LCO-45-01,90,0.7992,10.0,0.307157,-0.013131
SIM-LCO-45-01,90,0.7992,20.0,0.311246,-0.013969
SIM-LCO-45-01,90,0.7992,50.0,0.30566,-0.015031
SIM-LCO-45-01,90,0.7992,100.0,0.307474,-0.01422
SIM-LCO-45-01,90,0.7992,200.0,0.306714,-0.019097
SIM-LCO-45-01,90,0.7992,500.0,0.311131,-0.020637
SIM-LCO-45-01,90,0.7992,1000.0,0.311057,-0.02226
SIM-LCO-45-01,90,0.7992,2000.0,0.312626,-0.023107
SIM-LCO-45-01,90,0.7992,5000.0,0.31476,-0.024057
SIM-LCO-45-01,90,0.7992,10000.0,0.311641,-0.025949
SIM-LCO-45-01,103,0.7504,10.0,0.349268,-0.012581
SIM-LCO-45-01,103,0.7504,20.0,0.344098,-0.013178
SIM-LCO-45-01,103,0.7504,50.0,0.349098,-0.015953
SIM-LCO-45-01,103,0.7504,100.0,0.35322,-0.017188
SIM-LCO-45-01,103,0.7504,200.0,0.346239,-0.017717
SIM-LCO-45-01,103,0.7504,500.0,0.355124,-0.019574
SIM-LCO-45-01,103,0.7504,1000.0,0.346128,-0.022137
SIM-LCO-45-01,103,0.7504,2000.0,0.349871,-0.023696
SIM-LCO-45-01,103,0.7504,5000.0,0.350718,-0.023308
SIM-LCO-45-01,103,0.7504,10000.0,0.352913,-0.025158
SIM-LCO-45-01,116,0.7011,10.0,0.378024,-0.012445
SIM-LCO-45-01,116,0.7011,20.0,0.375338,-0.014845
SIM-LCO-45-01,116,0.7011,50.0,0.371705,-0.015429
SIM-LCO-45-01,116,0.7011,100.0,0.369693,-0.017192
SIM-LCO-45-01,116,0.7011,200.0,0.37973,-0.018473
SIM-LCO-45-01,116,0.7011,500.0,0.373437,-0.020692
SIM-LCO-45-01,116,0.7011,1000.0,0.377726,-0.023282
SIM-LCO-45-01,116,0.7011,2000.0,0.373363,-0.023105
SIM-LCO-45-01,116,0.7011,5000.0,0.371258,-0.025191
SIM-LCO-45-01,116,0.7011,10000.0,0.371658,-0.027025
SIM-LCO-45-02,16,0.9509,10.0,0.18982,-0.013069
SIM-LCO-45-02,16,0.9509,20.0,0.193392,-0.013758
SIM-LCO-45-02,16,0.9509,50.0,0.189149,-0.014138
SIM-LCO-45-02,16,0.9509,100.0,0.190733,-0.016544
SIM-LCO-45-02,16,0.9509,200.0,0.187668,-0.017514
SIM-LCO-45-02,16,0.9509,500.0,0.188903,-0.018385
SIM-LCO-45-02,16,0.9509,1000.0,0.195726,-0.01905
SIM-LCO-45-02,16,0.9509,2000.0,0.189824,-0.0209
SIM-LCO-45-02,16,0.9509,5000.0,0.19366,-0.024698
SIM-LCO-45-02,16,0.9509,10000.0,0.188945,-0.026335
SIM-LCO-45-02,39,0.9004,10.0,0.22901,-0.012255
SIM-LCO-45-02,39,0.9004,20.0,0.23579,-0.01513
SIM-LCO-45-02,39,0.9004,50.0,0.231506,-0.013428
SIM-LCO-45-02,39,0.9004,100.0,0.232138,-0.015984
SIM-LCO-45-02,39,0.9004,200.0,0.230483,-0.017802
SIM-LCO-45-02,39,0.9004,500.0,0.227916,-0.018479
SIM-LCO-45-02,39,0.9004,1000.0,0.229679,-0.019263
SIM-LCO-45-02,39,0.9004,2000.0,0.234261,-0.022451
SIM-LCO-45-02,39,0.9004,5000.0,0.234892,-0.023572
SIM-LCO-45-02,39,0.9004,10000.0,0.227676,-0.027746
SIM-LCO-45-02,67,0.8506,10.0,0.274423,-0.012714
SIM-LCO-45-02,67,0.8506,20.0,0.271845,-0.013712
SIM-LCO-45-02,67,0.8506,50.0,0.27087,-0.015617
SIM-LCO-45-02,67,0.8506,100.0,0.270971,-0.01672
SIM-LCO-45-02,67,0.8506,200.0,0.272307,-0.018518
SIM-LCO-45-02,67,0.8506,500.0,0.270191,-0.020816
SIM-LCO-45-02,67,0.8506,1000.0,0.269795,-0.020005
SIM-LCO-45-02,67,0.8506,2000.0,0.271585,-0.022327
SIM-LCO-45-02,67,0.8506,5000.0,0.272028,-0.023943
SIM-LCO-45-02,67,0.8506,10000.0,0.267485,-0.025953
SIM-LCO-45-02,84,0.8021,10.0,0.305528,-0.012077
SIM-LCO-45-02,84,0.8021,20.0,0.30631,-0.013556
SIM-LCO-45-02,84,0.8021,50.0,0.307679,-0.016025
SIM-LCO-45-02,84,0.8021,100.0,0.312387,-0.01692
SIM-LCO-45-02,84,0.8021,200.0,0.311761,-0.018289
SIM-LCO-45-02,84,0.8021,500.0,0.304576,-0.021058
SIM-LCO-45-02,84,0.8021,1000.0,0.304772,-0.020063
SIM-LCO-45-02,84,0.8021,2000.0,0.313665,-0.021325
SIM-LCO-45-02,84,0.8021,5000.0,0.307599,-0.024484
SIM-LCO-45-02,84,0.8021,10000.0,0.308569,-0.02519
SIM-LCO-45-02,98,0.7512,10.0,0.362364,-0.012322
SIM-LCO-45-02,98,0.7512,20.0,0.359388,-0.013455
SIM-LCO-45-02,98,0.7512,50.0,0.359602,-0.016124
SIM-LCO-45-02,98,0.7512,100.0,0.356742,-0.016148
SIM-LCO-45-02,98,0.7512,200.0,0.35575,-0.018894
SIM-LCO-45-02,98,0.7512,500.0,0.346699,-0.02097
SIM-LCO-45-02,98,0.7512,1000.0,0.351482,-0.021061
SIM-LCO-45-02,98,0.7512,2000.0,0.358358,-0.023468
SIM-LCO-45-02,98,0.7512,5000.0,0.356874,-0.024248
SIM-LCO-45-02,98,0.7512,10000.0,0.356506,-0.026192
SIM-LCO-45-02,111,0.7001,10.0,0.38873,-0.012422
SIM-LCO-45-02,111,0.7001,20.0,0.382845,-0.01322
SIM-LCO-45-02,111,0.7001,50.0,0.385475,-0.016638
SIM-LCO-45-02,111,0.7001,100.0,0.38581,-0.017605
SIM-LCO-45-02,111,0.7001,200.0,0.385801,-0.017611
SIM-LCO-45-02,111,0.7001,500.0,0.388518,-0.020301
SIM-LCO-45-02,111,0.7001,1000.0,0.386384,-0.02109
SIM-LCO-45-02,111,0.7001,2000.0,0.389046,-0.023583
SIM-LCO-45-02,111,0.7001,5000.0,0.387932,-0.024584
SIM-LCO-45-02,111,0.7001,10000.0,0.387529,-0.02636
SIM-LCO-45-03,16,0.9503,10.0,0.183513,-0.011851
SIM-LCO-45-03,16,0.9503,20.0,0.18579,-0.01373
SIM-LCO-45-03,16,0.9503,50.0,0.183074,-0.013317
SIM-LCO-45-03,16,0.9503,100.0,0.185503,-0.015339
SIM-LCO-45-03,16,0.9503,200.0,0.181246,-0.016925
SIM-LCO-45-03,16,0.9503,500.0,0.187707,-0.018676
SIM-LCO-45-03,16,0.9503,1000.0,0.185218,-0.02026
SIM-LCO-45-03,16,0.9503,2000.0,0.188616,-0.021137
SIM-LCO-45-03,16,0.9503,5000.0,0.187216,-0.02195
SIM-LCO-45-03,16,0.9503,10000.0,0.185896,-0.023701
SIM-LCO-45-03,38,0.8996,10.0,0.222924,-0.012866
SIM-LCO-45-03,38,0.8996,20.0,0.221772,-0.014402
SIM-LCO-45-03,38,0.8996,50.0,0.222589,-0.014233
SIM-LCO-45-03,38,0.8996,100.0,0.218452,-0.015597
SIM-LCO-45-03,38,0.8996,200.0,0.220275,-0.018334
SIM-LCO-45-03,38,0.8996,500.0,0.221772,-0.019063
SIM-LCO-45-03,38,0.8996,1000.0,0.22287,-0.020375
SIM-LCO-45-03,38,0.8996,2000.0,0.22128,-0.022019
SIM-LCO-45-03,38,0.8996,5000.0,0.222983,-0.023779
SIM-LCO-45-03,38,0.8996,10000.0,0.223159,-0.022074
SIM-LCO-45-03,68,0.8499,10.0,0.261485,-0.011606
SIM-LCO-45-03,68,0.8499,20.0,0.261147,-0.014262
SIM-LCO-45-03,68,0.8499,50.0,0.265239,-0.013938
SIM-LCO-45-03,68,0.8499,100.0,0.26434,-0.016371
SIM-LCO-45-03,68,0.8499,200.0,0.265548,-0.017402
SIM-LCO-45-03,68,0.8499,500.0,0.2654,-0.021149
SIM-LCO-45-03,68,0.8499,1000.0,0.262426,-0.021126
SIM-LCO-45-03,68,0.8499,2000.0,0.263263,-0.022676
SIM-LCO-45-03,68,0.8499,5000.0,0.262859,-0.023446
SIM-LCO-45-03,68,0.8499,10000.0,0.265764,-0.024309
SIM-LCO-45-03,90,0.7995,10.0,0.299788,-0.012172
SIM-LCO-45-03,90,0.7995,20.0,0.299157,-0.014492
SIM-LCO-45-03,90,0.7995,50.0,0.299294,-0.015265
SIM-LCO-45-03,90,0.7995,100.0,0.294695,-0.016292
SIM-LCO-45-03,90,0.7995,200.0,0.302182,-0.017677
SIM-LCO-45-03,90,0.7995,500.0,0.298893,-0.019918
SIM-LCO-45-03,90,0.7995,1000.0,0.295012,-0.022782
SIM-LCO-45-03,90,0.7995,2000.0,0.296736,-0.022355
SIM-LCO-45-03,90,0.7995,5000.0,0.294889,-0.024789
SIM-LCO-45-03,90,0.7995,10000.0,0.300963,-0.025931
SIM-LCO-45-03,104,0.7482,10.0,0.342462,-0.013366
SIM-LCO-45-03,104,0.7482,20.0,0.344884,-0.013322
SIM-LCO-45-03,104,0.7482,50.0,0.348022,-0.016729
SIM-LCO-45-03,104,0.7482,100.0,0.342768,-0.017652
SIM-LCO-45-03,104,0.7482,200.0,0.346563,-0.017155
SIM-LCO-45-03,104,0.7482,500.0,0.349923,-0.01912
SIM-LCO-45-03,104,0.7482,1000.0,0.347522,-0.022856
SIM-LCO-45-03,104,0.7482,2000.0,0.343027,-0.021607
SIM-LCO-45-03,104,0.7482,5000.0,0.343164,-0.023354
SIM-LCO-45-03,104,0.7482,10000.0,0.342844,-0.026166
SIM-LCO-45-03,116,0.7009,10.0,0.386377,-0.013477
SIM-LCO-45-03,116,0.7009,20.0,0.395257,-0.014801
SIM-LCO-45-03,116,0.7009,50.0,0.39106,-0.015922
SIM-LCO-45-03,116,0.7009,100.0,0.397584,-0.016426
SIM-LCO-45-03,116,0.7009,200.0,0.394896,-0.017716
SIM-LCO-45-03,116,0.7009,500.0,0.391357,-0.020033
SIM-LCO-45-03,116,0.7009,1000.0,0.387757,-0.020919
SIM-LCO-45-03,116,0.7009,2000.0,0.387372,-0.023933
SIM-LCO-45-03,116,0.7009,5000.0,0.386484,-0.02415
SIM-LCO-45-03,116,0.7009,10000.0,0.395664,-0.024094
SIM-LFP-46-01,120,0.9498,10.0,0.023295,-0.013438
SIM-LFP-46-01,120,0.9498,20.0,0.023335,-0.011831
SIM-LFP-46-01,120,0.9498,50.0,0.023369,-0.015868
SIM-LFP-46-01,120,0.9498,100.0,0.02344,-0.015803
SIM-LFP-46-01,120,0.9498,200.0,0.023193,-0.016302
SIM-LFP-46-01,120,0.9498,500.0,0.023692,-0.020015
SIM-LFP-46-01,120,0.9498,1000.0,0.023203,-0.019575
SIM-LFP-46-01,120,0.9498,2000.0,0.02339,-0.022534
SIM-LFP-46-01,120,0.9498,5000.0,0.022785,-0.022002
SIM-LFP-46-01,120,0.9498,10000.0,0.023451,-0.0265
SIM-LFP-46-01,268,0.8996,10.0,0.026316,-0.01132
SIM-LFP-46-01,268,0.8996,20.0,0.026687,-0.014437
SIM-LFP-46-01,268,0.8996,50.0,0.026893,-0.016028
SIM-LFP-46-01,268,0.8996,100.0,0.026731,-0.01736
SIM-LFP-46-01,268,0.8996,200.0,0.026834,-0.020109
SIM-LFP-46-01,268,0.8996,500.0,0.026914,-0.01911
SIM-LFP-46-01,268,0.8996,1000.0,0.026289,-0.019746
SIM-LFP-46-01,268,0.8996,2000.0,0.027357,-0.021308
SIM-LFP-46-01,268,0.8996,5000.0,0.026884,-0.024492
SIM-LFP-46-01,268,0.8996,10000.0,0.026592,-0.024141
SIM-LFP-46-01,409,0.8495,10.0,0.030747,-0.013187
SIM-LFP-46-01,409,0.8495,20.0,0.030693,-0.012908
SIM-LFP-46-01,409,0.8495,50.0,0.029895,-0.014671
SIM-LFP-46-01,409,0.8495,100.0,0.030362,-0.015331
SIM-LFP-46-01,409,0.8495,200.0,0.030108,-0.017379
SIM-LFP-46-01,409,0.8495,500.0,0.031107,-0.019637
SIM-LFP-46-01,409,0.8495,1000.0,0.030154,-0.020961
SIM-LFP-46-01,409,0.8495,2000.0,0.030232,-0.02308
SIM-LFP-46-01,409,0.8495,5000.0,0.030909,-0.023631
SIM-LFP-46-01,409,0.8495,10000.0,0.030414,-0.026193
SIM-LFP-46-01,498,0.7998,10.0,0.033266,-0.012294
SIM-LFP-46-01,498,0.7998,20.0,0.032811,-0.014626
SIM-LFP-46-01,498,0.7998,50.0,0.032524,-0.016189
SIM-LFP-46-01,498,0.7998,100.0,0.032552,-0.016063
SIM-LFP-46-01,498,0.7998,200.0,0.032674,-0.018727
SIM-LFP-46-01,498,0.7998,500.0,0.032997,-0.02061
SIM-LFP-46-01,498,0.7998,1000.0,0.032561,-0.021947
SIM-LFP-46-01,498,0.7998,2000.0,0.032564,-0.022759
SIM-LFP-46-01,498,0.7998,5000.0,0.03293,-0.024117
SIM-LFP-46-01,498,0.7998,10000.0,0.03234,-0.024989
SIM-LFP-46-01,562,0.7505,10.0,0.038046,-0.013232
SIM-LFP-46-01,562,0.7505,20.0,0.037907,-0.013642
SIM-LFP-46-01,562,0.7505,50.0,0.038267,-0.01643
SIM-LFP-46-01,562,0.7505,100.0,0.037694,-0.016953
SIM-LFP-46-01,562,0.7505,200.0,0.038228,-0.019209
SIM-LFP-46-01,562,0.7505,500.0,0.037701,-0.018645
SIM-LFP-46-01,562,0.7505,1000.0,0.038018,-0.022278
SIM-LFP-46-01,562,0.7505,2000.0,0.037929,-0.023631
SIM-LFP-46-01,562,0.7505,5000.0,0.037277,-0.02457
SIM-LFP-46-01,562,0.7505,10000.0,0.037183,-0.026101
SIM-LFP-46-01,627,0.7002,10.0,0.040333,-0.013036
SIM-LFP-46-01,627,0.7002,20.0,0.041674,-0.014196
SIM-LFP-46-01,627,0.7002,50.0,0.040458,-0.015684
SIM-LFP-46-01,627,0.7002,100.0,0.040447,-0.016058
SIM-LFP-46-01,627,0.7002,200.0,0.041159,-0.019231
SIM-LFP-46-01,627,0.7002,500.0,0.040761,-0.019596
SIM-LFP-46-01,627,0.7002,1000.0,0.041177,-0.020467
SIM-LFP-46-01,627,0.7002,2000.0,0.041433,-0.023971
SIM-LFP-46-01,627,0.7002,5000.0,0.041472,-0.024994
SIM-LFP-46-01,627,0.7002,10000.0,0.040729,-0.025822
SIM-LFP-46-02,121,0.9501,10.0,0.023373,-0.011404
SIM-LFP-46-02,121,0.9501,20.0,0.023596,-0.014167
SIM-LFP-46-02,121,0.9501,50.0,0.023444,-0.015343
SIM-LFP-46-02,121,0.9501,100.0,0.023147,-0.016895
SIM-LFP-46-02,121,0.9501,200.0,0.023427,-0.016507
SIM-LFP-46-02,121,0.9501,500.0,0.023261,-0.018967
SIM-LFP-46-02,121,0.9501,1000.0,0.023364,-0.02067
SIM-LFP-46-02,121,0.9501,2000.0,0.022963,-0.022344
SIM-LFP-46-02,121,0.9501,5000.0,0.023188,-0.022842
SIM-LFP-46-02,121,0.9501,10000.0,0.023619,-0.024551
SIM-LFP-46-02,260,0.8999,10.0,0.026619,-0.013734
SIM-LFP-46-02,260,0.8999,20.0,0.026694,-0.013509
SIM-LFP-46-02,260,0.8999,50.0,0.026367,-0.014341
SIM-LFP-46-02,260,0.8999,100.0,0.026744,-0.016714
SIM-LFP-46-02,260,0.8999,200.0,0.027191,-0.019117
SIM-LFP-46-02,260,0.8999,500.0,0.02649,-0.020252
SIM-LFP-46-02,260,0.8999,1000.0,0.027115,-0.021424
SIM-LFP-46-02,260,0.8999,2000.0,0.026293,-0.022002
SIM-LFP-46-02,260,0.8999,5000.0,0.026999,-0.023436
SIM-LFP-46-02,260,0.8999,10000.0,0.027044,-0.024483
SIM-LFP-46-02,408,0.8502,10.0,0.030185,-0.011589
SIM-LFP-46-02,408,0.8502,20.0,0.030089,-0.015749
SIM-LFP-46-02,408,0.8502,50.0,0.02974,-0.014692
SIM-LFP-46-02,408,0.8502,100.0,0.029582,-0.017879
SIM-LFP-46-02,408,0.8502,200.0,0.029569,-0.017256
SIM-LFP-46-02,408,0.8502,500.0,0.029686,-0.020578
SIM-LFP-46-02,408,0.8502,1000.0,0.03021,-0.019653
SIM-LFP-46-02,408,0.8502,2000.0,0.029747,-0.022277
SIM-LFP-46-02,408,0.8502,5000.0,0.029908,-0.025304
SIM-LFP-46-02,408,0.8502,10000.0,0.029774,-0.023806
SIM-LFP-46-02,518,0.7997,10.0,0.032365,-0.013704
SIM-LFP-46-02,518,0.7997,20.0,0.032636,-0.013442
SIM-LFP-46-02,518,0.7997,50.0,0.032701,-0.016237
SIM-LFP-46-02,518,0.7997,100.0,0.03255,-0.017616
SIM-LFP-46-02,518,0.7997,200.0,0.03225,-0.017908
SIM-LFP-46-02,518,0.7997,500.0,0.031692,-0.019308
SIM-LFP-46-02,518,0.7997,1000.0,0.032201,-0.021008
SIM-LFP-46-02,518,0.7997,2000.0,0.032262,-0.024101
SIM-LFP-46-02,518,0.7997,5000.0,0.031984,-0.02631
SIM-LFP-46-02,518,0.7997,10000.0,0.032928,-0.026216
SIM-LFP-46-02,584,0.7501,10.0,0.037655,-0.012223
SIM-LFP-46-02,584,0.7501,20.0,0.037596,-0.012524
SIM-LFP-46-02,584,0.7501,50.0,0.037009,-0.015753
SIM-LFP-46-02,584,0.7501,100.0,0.037068,-0.016151
SIM-LFP-46-02,584,0.7501,200.0,0.037821,-0.018702
SIM-LFP-46-02,584,0.7501,500.0,0.037753,-0.020528
SIM-LFP-46-02,584,0.7501,1000.0,0.037313,-0.020895
SIM-LFP-46-02,584,0.7501,2000.0,0.036987,-0.023653
SIM-LFP-46-02,584,0.7501,5000.0,0.036771,-0.024517
SIM-LFP-46-02,584,0.7501,10000.0,0.037291,-0.024461
SIM-LFP-46-02,649,0.7003,10.0,0.039968,-0.013783
SIM-LFP-46-02,649,0.7003,20.0,0.03983,-0.015128
SIM-LFP-46-02,649,0.7003,50.0,0.040124,-0.016303
SIM-LFP-46-02,649,0.7003,100.0,0.039565,-0.018581
SIM-LFP-46-02,649,0.7003,200.0,0.040128,-0.017806
SIM-LFP-46-02,649,0.7003,500.0,0.040934,-0.020149
SIM-LFP-46-02,649,0.7003,1000.0,0.040369,-0.021505
SIM-LFP-46-02,649,0.7003,2000.0,0.04019,-0.022096
SIM-LFP-46-02,649,0.7003,5000.0,0.040604,-0.024034
SIM-LFP-46-02,649,0.7003,10000.0,0.039904,-0.026274
SIM-LFP-46-03,122,0.9503,10.0,0.023734,-0.010694
SIM-LFP-46-03,122,0.9503,20.0,0.023471,-0.010249
SIM-LFP-46-03,122,0.9503,50.0,0.023775,-0.01438
SIM-LFP-46-03,122,0.9503,100.0,0.023597,-0.016366
SIM-LFP-46-03,122,0.9503,200.0,0.023898,-0.016187
SIM-LFP-46-03,122,0.9503,500.0,0.023164,-0.018639
SIM-LFP-46-03,122,0.9503,1000.0,0.023763,-0.020958
SIM-LFP-46-03,122,0.9503,2000.0,0.023734,-0.022542
SIM-LFP-46-03,122,0.9503,5000.0,0.023305,-0.022563
SIM-LFP-46-03,122,0.9503,10000.0,0.024,-0.024198
SIM-LFP-46-03,264,0.9,10.0,0.026448,-0.012319
SIM-LFP-46-03,264,0.9,20.0,0.02623,-0.01304
SIM-LFP-46-03,264,0.9,50.0,0.026377,-0.013498
SIM-LFP-46-03,264,0.9,100.0,0.026434,-0.017346
SIM-LFP-46-03,264,0.9,200.0,0.026578,-0.017448
SIM-LFP-46-03,264,0.9,500.0,0.02661,-0.018818
SIM-LFP-46-03,264,0.9,1000.0,0.026257,-0.021755
SIM-LFP-46-03,264,0.9,2000.0,0.02601,-0.02406
SIM-LFP-46-03,264,0.9,5000.0,0.026373,-0.023602
SIM-LFP-46-03,264,0.9,10000.0,0.026115,-0.023165
SIM-LFP-46-03,407,0.8497,10.0,0.029962,-0.013883
SIM-LFP-46-03,407,0.8497,20.0,0.029786,-0.013654
SIM-LFP-46-03,407,0.8497,50.0,0.029549,-0.015878
SIM-LFP-46-03,407,0.8497,100.0,0.030125,-0.017582
SIM-LFP-46-03,407,0.8497,200.0,0.030338,-0.017665
SIM-LFP-46-03,407,0.8497,500.0,0.029859,-0.018934
SIM-LFP-46-03,407,0.8497,1000.0,0.029387,-0.021946
SIM-LFP-46-03,407,0.8497,2000.0,0.030236,-0.022153
SIM-LFP-46-03,407,0.8497,5000.0,0.029561,-0.023166
SIM-LFP-46-03,407,0.8497,10000.0,0.029933,-0.024398
SIM-LFP-46-03,489,0.8,10.0,0.032238,-0.01356
SIM-LFP-46-03,489,0.8,20.0,0.032364,-0.013978
SIM-LFP-46-03,489,0.8,50.0,0.031977,-0.014984
SIM-LFP-46-03,489,0.8,100.0,0.031905,-0.016341
SIM-LFP-46-03,489,0.8,200.0,0.032386,-0.018679
SIM-LFP-46-03,489,0.8,500.0,0.03232,-0.018751
SIM-LFP-46-03,489,0.8,1000.0,0.032429,-0.022346
SIM-LFP-46-03,489,0.8,2000.0,0.0322,-0.022192
SIM-LFP-46-03,489,0.8,5000.0,0.032397,-0.025486
SIM-LFP-46-03,489,0.8,10000.0,0.032771,-0.025133
SIM-LFP-46-03,554,0.7503,10.0,0.035118,-0.010207
SIM-LFP-46-03,554,0.7503,20.0,0.035964,-0.013333
SIM-LFP-46-03,554,0.7503,50.0,0.03547,-0.015389
SIM-LFP-46-03,554,0.7503,100.0,0.036027,-0.017876
SIM-LFP-46-03,554,0.7503,200.0,0.03569,-0.018209
SIM-LFP-46-03,554,0.7503,500.0,0.034839,-0.019939
SIM-LFP-46-03,554,0.7503,1000.0,0.035785,-0.022159
SIM-LFP-46-03,554,0.7503,2000.0,0.036122,-0.022437
SIM-LFP-46-03,554,0.7503,5000.0,0.035645,-0.024648
SIM-LFP-46-03,554,0.7503,10000.0,0.036349,-0.025825
SIM-LFP-46-03,619,0.7004,10.0,0.03942,-0.011346
SIM-LFP-46-03,619,0.7004,20.0,0.039288,-0.01477
SIM-LFP-46-03,619,0.7004,50.0,0.038872,-0.015072
SIM-LFP-46-03,619,0.7004,100.0,0.03891,-0.016973
SIM-LFP-46-03,619,0.7004,200.0,0.038942,-0.018651
SIM-LFP-46-03,619,0.7004,500.0,0.039006,-0.019495
SIM-LFP-46-03,619,0.7004,1000.0,0.038257,-0.020754
SIM-LFP-46-03,619,0.7004,2000.0,0.038218,-0.023859
SIM-LFP-46-03,619,0.7004,5000.0,0.038091,-0.02549
SIM-LFP-46-03,619,0.7004,10000.0,0.038108,-0.025874
SIM-LFP-47-01,64,0.9501,10.0,0.022315,-0.011993
SIM-LFP-47-01,64,0.9501,20.0,0.022023,-0.014779
SIM-LFP-47-01,64,0.9501,50.0,0.022183,-0.014381
SIM-LFP-47-01,64,0.9501,100.0,0.021602,-0.016335
SIM-LFP-47-01,64,0.9501,200.0,0.021761,-0.017489
SIM-LFP-47-01,64,0.9501,500.0,0.021746,-0.020479
SIM-LFP-47-01,64,0.9501,1000.0,0.022134,-0.017687
SIM-LFP-47-01,64,0.9501,2000.0,0.021615,-0.020773
SIM-LFP-47-01,64,0.9501,5000.0,0.021931,-0.02321
SIM-LFP-47-01,64,0.9501,10000.0,0.022346,-0.023161
SIM-LFP-47-01,153,0.9,10.0,0.026646,-0.013073
SIM-LFP-47-01,153,0.9,20.0,0.026804,-0.013435
SIM-LFP-47-01,153,0.9,50.0,0.026189,-0.015467
SIM-LFP-47-01,153,0.9,100.0,0.026034,-0.01758
SIM-LFP-47-01,153,0.9,200.0,0.026445,-0.01773
SIM-LFP-47-01,153,0.9,500.0,0.026129,-0.017924
SIM-LFP-47-01,153,0.9,1000.0,0.026985,-0.020827
SIM-LFP-47-01,153,0.9,2000.0,0.026478,-0.020861
SIM-LFP-47-01,153,0.9,5000.0,0.026818,-0.02297
SIM-LFP-47-01,153,0.9,10000.0,0.026534,-0.024806
SIM-LFP-47-01,244,0.8504,10.0,0.029651,-0.012283
SIM-LFP-47-01,244,0.8504,20.0,0.030133,-0.012772
SIM-LFP-47-01,244,0.8504,50.0,0.030109,-0.014783
SIM-LFP-47-01,244,0.8504,100.0,0.030386,-0.015971
SIM-LFP-47-01,244,0.8504,200.0,0.030045,-0.019028
SIM-LFP-47-01,244,0.8504,500.0,0.030401,-0.019012
SIM-LFP-47-01,244,0.8504,1000.0,0.029974,-0.020127
SIM-LFP-47-01,244,0.8504,2000.0,0.030454,-0.023464
SIM-LFP-47-01,244,0.8504,5000.0,0.030059,-0.024751
SIM-LFP-47-01,244,0.8504,10000.0,0.030081,-0.027075
SIM-LFP-47-01,311,0.8001,10.0,0.034477,-0.012241
SIM-LFP-47-01,311,0.8001,20.0,0.034016,-0.014287
SIM-LFP-47-01,311,0.8001,50.0,0.034623,-0.016446
SIM-LFP-47-01,311,0.8001,100.0,0.033916,-0.01784
SIM-LFP-47-01,311,0.8001,200.0,0.033653,-0.019218
SIM-LFP-47-01,311,0.8001,500.0,0.033559,-0.020921
SIM-LFP-47-01,311,0.8001,1000.0,0.033638,-0.021585
SIM-LFP-47-01,311,0.8001,2000.0,0.034338,-0.022233
SIM-LFP-47-01,311,0.8001,5000.0,0.033845,-0.024774
SIM-LFP-47-01,311,0.8001,10000.0,0.034407,-0.025287
SIM-LFP-47-01,351,0.7502,10.0,0.036456,-0.015025
SIM-LFP-47-01,351,0.7502,20.0,0.035571,-0.013767
SIM-LFP-47-01,351,0.7502,50.0,0.036039,-0.015507
SIM-LFP-47-01,351,0.7502,100.0,0.036432,-0.017248
SIM-LFP-47-01,351,0.7502,200.0,0.036378,-0.018244
SIM-LFP-47-01,351,0.7502,500.0,0.036163,-0.019356
SIM-LFP-47-01,351,0.7502,1000.0,0.036699,-0.021986
SIM-LFP-47-01,351,0.7502,2000.0,0.035924,-0.023795
SIM-LFP-47-01,351,0.7502,5000.0,0.036884,-0.024495
SIM-LFP-47-01,351,0.7502,10000.0,0.035733,-0.025873
SIM-LFP-47-01,391,0.7004,10.0,0.0383,-0.013815
SIM-LFP-47-01,391,0.7004,20.0,0.038804,-0.01407
SIM-LFP-47-01,391,0.7004,50.0,0.038532,-0.016294
SIM-LFP-47-01,391,0.7004,100.0,0.038537,-0.017705
SIM-LFP-47-01,391,0.7004,200.0,0.03896,-0.018089
SIM-LFP-47-01,391,0.7004,500.0,0.038137,-0.019308
SIM-LFP-47-01,391,0.7004,1000.0,0.037791,-0.020578
SIM-LFP-47-01,391,0.7004,2000.0,0.038078,-0.0234
SIM-LFP-47-01,391,0.7004,5000.0,0.038077,-0.025226
SIM-LFP-47-01,391,0.7004,10000.0,0.038612,-0.024489
SIM-LFP-47-02,67,0.95,10.0,0.023793,-0.011041
SIM-LFP-47-02,67,0.95,20.0,0.023357,-0.013972
SIM-LFP-47-02,67,0.95,50.0,0.023829,-0.016976
SIM-LFP-47-02,67,0.95,100.0,0.023531,-0.016756
SIM-LFP-47-02,67,0.95,200.0,0.02386,-0.016728
SIM-LFP-47-02,67,0.95,500.0,0.023654,-0.019832
SIM-LFP-47-02,67,0.95,1000.0,0.02354,-0.0191
SIM-LFP-47-02,67,0.95,2000.0,0.023712,-0.021149
SIM-LFP-47-02,67,0.95,5000.0,0.023823,-0.024942
SIM-LFP-47-02,67,0.95,10000.0,0.023418,-0.024863
SIM-LFP-47-02,154,0.8999,10.0,0.025636,-0.011024
SIM-LFP-47-02,154,0.8999,20.0,0.026201,-0.013973
SIM-LFP-47-02,154,0.8999,50.0,0.026411,-0.014135
SIM-LFP-47-02,154,0.8999,100.0,0.026078,-0.017166
SIM-LFP-47-02,154,0.8999,200.0,0.026287,-0.01803
SIM-LFP-47-02,154,0.8999,500.0,0.026479,-0.020829
SIM-LFP-47-02,154,0.8999,1000.0,0.026273,-0.020931
SIM-LFP-47-02,154,0.8999,2000.0,0.026288,-0.023618
SIM-LFP-47-02,154,0.8999,5000.0,0.026548,-0.024817
SIM-LFP-47-02,154,0.8999,10000.0,0.026649,-0.024982
SIM-LFP-47-02,246,0.8495,10.0,0.029487,-0.013378
SIM-LFP-47-02,246,0.8495,20.0,0.029639,-0.013927
SIM-LFP-47-02,246,0.8495,50.0,0.030045,-0.013855
SIM-LFP-47-02,246,0.8495,100.0,0.029588,-0.017442
SIM-LFP-47-02,246,0.8495,200.0,0.029383,-0.01843
SIM-LFP-47-02,246,0.8495,500.0,0.029753,-0.019919
SIM-LFP-47-02,246,0.8495,1000.0,0.029687,-0.019089
SIM-LFP-47-02,246,0.8495,2000.0,0.02924,-0.021572
SIM-LFP-47-02,246,0.8495,5000.0,0.030063,-0.023426
SIM-LFP-47-02,246,0.8495,10000.0,0.029654,-0.024572
SIM-LFP-47-02,305,0.7996,10.0,0.033145,-0.013907
SIM-LFP-47-02,305,0.7996,20.0,0.033985,-0.013489
SIM-LFP-47-02,305,0.7996,50.0,0.032833,-0.016858
SIM-LFP-47-02,305,0.7996,100.0,0.033673,-0.017539
SIM-LFP-47-02,305,0.7996,200.0,0.032466,-0.019303
SIM-LFP-47-02,305,0.7996,500.0,0.033614,-0.019232
SIM-LFP-47-02,305,0.7996,1000.0,0.032769,-0.022148
SIM-LFP-47-02,305,0.7996,2000.0,0.034242,-0.023012
SIM-LFP-47-02,305,0.7996,5000.0,0.033168,-0.023869
SIM-LFP-47-02,305,0.7996,10000.0,0.033969,-0.025718
SIM-LFP-47-02,344,0.7491,10.0,0.036505,-0.011991
SIM-LFP-47-02,344,0.7491,20.0,0.036604,-0.014531
SIM-LFP-47-02,344,0.7491,50.0,0.036574,-0.015713
SIM-LFP-47-02,344,0.7491,100.0,0.036442,-0.017434
SIM-LFP-47-02,344,0.7491,200.0,0.036722,-0.01853
SIM-LFP-47-02,344,0.7491,500.0,0.035809,-0.018193
SIM-LFP-47-02,344,0.7491,1000.0,0.037465,-0.020768
SIM-LFP-47-02,344,0.7491,2000.0,0.036317,-0.022533
SIM-LFP-47-02,344,0.7491,5000.0,0.03665,-0.023916
SIM-LFP-47-02,344,0.7491,10000.0,0.036275,-0.024401
SIM-LFP-47-02,384,0.7005,10.0,0.039504,-0.011471
SIM-LFP-47-02,384,0.7005,20.0,0.040126,-0.014072
SIM-LFP-47-02,384,0.7005,50.0,0.039374,-0.015567
SIM-LFP-47-02,384,0.7005,100.0,0.039525,-0.018278
SIM-LFP-47-02,384,0.7005,200.0,0.04013,-0.019154
SIM-LFP-47-02,384,0.7005,500.0,0.039119,-0.019862
SIM-LFP-47-02,384,0.7005,1000.0,0.040185,-0.023159
SIM-LFP-47-02,384,0.7005,2000.0,0.040309,-0.023867
SIM-LFP-47-02,384,0.7005,5000.0,0.039444,-0.025872
SIM-LFP-47-02,384,0.7005,10000.0,0.039794,-0.027121
SIM-LFP-47-03,67,0.9499,10.0,0.022865,-0.011019
SIM-LFP-47-03,67,0.9499,20.0,0.023291,-0.012762
SIM-LFP-47-03,67,0.9499,50.0,0.023448,-0.016186
SIM-LFP-47-03,67,0.9499,100.0,0.023347,-0.015336
SIM-LFP-47-03,67,0.9499,200.0,0.023227,-0.015756
SIM-LFP-47-03,67,0.9499,500.0,0.02362,-0.020581
SIM-LFP-47-03,67,0.9499,1000.0,0.023382,-0.020104
SIM-LFP-47-03,67,0.9499,2000.0,0.02357,-0.023616
SIM-LFP-47-03,67,0.9499,5000.0,0.023394,-0.02323
SIM-LFP-47-03,67,0.9499,10000.0,0.023477,-0.024442
SIM-LFP-47-03,157,0.8994,10.0,0.027265,-0.012645
SIM-LFP-47-03,157,0.8994,20.0,0.027167,-0.011912
SIM-LFP-47-03,157,0.8994,50.0,0.027138,-0.014633
SIM-LFP-47-03,157,0.8994,100.0,0.027392,-0.016605
SIM-LFP-47-03,157,0.8994,200.0,0.027117,-0.016691
SIM-LFP-47-03,157,0.8994,500.0,0.02686,-0.019935
SIM-LFP-47-03,157,0.8994,1000.0,0.026774,-0.02019
SIM-LFP-47-03,157,0.8994,2000.0,0.027073,-0.020192
SIM-LFP-47-03,157,0.8994,5000.0,0.026778,-0.023626
SIM-LFP-47-03,157,0.8994,10000.0,0.026945,-0.02548
SIM-LFP-47-03,243,0.8502,10.0,0.029511,-0.012292
SIM-LFP-47-03,243,0.8502,20.0,0.029348,-0.012193
SIM-LFP-47-03,243,0.8502,50.0,0.029315,-0.012857
SIM-LFP-47-03,243,0.8502,100.0,0.029755,-0.015905
SIM-LFP-47-03,243,0.8502,200.0,0.029457,-0.018007
SIM-LFP-47-03,243,0.8502,500.0,0.029557,-0.020024
SIM-LFP-47-03,243,0.8502,1000.0,0.029542,-0.019152
SIM-LFP-47-03,243,0.8502,2000.0,0.028982,-0.02279
SIM-LFP-47-03,243,0.8502,5000.0,0.029392,-0.025435
SIM-LFP-47-03,243,0.8502,10000.0,0.02945,-0.02242
SIM-LFP-47-03,298,0.8001,10.0,0.034009,-0.012806
SIM-LFP-47-03,298,0.8001,20.0,0.034478,-0.013752
SIM-LFP-47-03,298,0.8001,50.0,0.034087,-0.014431
SIM-LFP-47-03,298,0.8001,100.0,0.033637,-0.017162
SIM-LFP-47-03,298,0.8001,200.0,0.033828,-0.017633
SIM-LFP-47-03,298,0.8001,500.0,0.03411,-0.02117
SIM-LFP-47-03,298,0.8001,1000.0,0.033425,-0.021578
SIM-LFP-47-03,298,0.8001,2000.0,0.034117,-0.022863
SIM-LFP-47-03,298,0.8001,5000.0,0.034755,-0.02469
SIM-LFP-47-03,298,0.8001,10000.0,0.034166,-0.025043
SIM-LFP-47-03,339,0.7499,10.0,0.037141,-0.012719
SIM-LFP-47-03,339,0.7499,20.0,0.036962,-0.013588
SIM-LFP-47-03,339,0.7499,50.0,0.03663,-0.016213
SIM-LFP-47-03,339,0.7499,100.0,0.036778,-0.016502
SIM-LFP-47-03,339,0.7499,200.0,0.037309,-0.019147
SIM-LFP-47-03,339,0.7499,500.0,0.036898,-0.020318
SIM-LFP-47-03,339,0.7499,1000.0,0.037543,-0.021462
SIM-LFP-47-03,339,0.7499,2000.0,0.036999,-0.021903
SIM-LFP-47-03,339,0.7499,5000.0,0.037203,-0.024258
SIM-LFP-47-03,339,0.7499,10000.0,0.0371,-0.024864
SIM-LFP-47-03,378,0.6998,10.0,0.041078,-0.013034
SIM-LFP-47-03,378,0.6998,20.0,0.040856,-0.014095
SIM-LFP-47-03,378,0.6998,50.0,0.040873,-0.015324
SIM-LFP-47-03,378,0.6998,100.0,0.041175,-0.015832
SIM-LFP-47-03,378,0.6998,200.0,0.041035,-0.018686
SIM-LFP-47-03,378,0.6998,500.0,0.041594,-0.019855
SIM-LFP-47-03,378,0.6998,1000.0,0.041152,-0.020197
SIM-LFP-47-03,378,0.6998,2000.0,0.041146,-0.022616
SIM-LFP-47-03,378,0.6998,5000.0,0.040819,-0.025307
SIM-LFP-47-03,378,0.6998,10000.0,0.040511,-0.027022
SIM-LFP-48-01,41,0.9502,10.0,0.022754,-0.011608
SIM-LFP-48-01,41,0.9502,20.0,0.023424,-0.015726
SIM-LFP-48-01,41,0.9502,50.0,0.022936,-0.016932
SIM-LFP-48-01,41,0.9502,100.0,0.022891,-0.017036
SIM-LFP-48-01,41,0.9502,200.0,0.023185,-0.016061
SIM-LFP-48-01,41,0.9502,500.0,0.023253,-0.018416
SIM-LFP-48-01,41,0.9502,1000.0,0.022856,-0.02034
SIM-LFP-48-01,41,0.9502,2000.0,0.023518,-0.019928
SIM-LFP-48-01,41,0.9502,5000.0,0.022934,-0.022948
SIM-LFP-48-01,41,0.9502,10000.0,0.023184,-0.025171
SIM-LFP-48-01,102,0.9,10.0,0.025616,-0.012568
SIM-LFP-48-01,102,0.9,20.0,0.026536,-0.013338
SIM-LFP-48-01,102,0.9,50.0,0.02614,-0.015017
SIM-LFP-48-01,102,0.9,100.0,0.025929,-0.015027
SIM-LFP-48-01,102,0.9,200.0,0.026316,-0.017722
SIM-LFP-48-01,102,0.9,500.0,0.025942,-0.018597
SIM-LFP-48-01,102,0.9,1000.0,0.025828,-0.020048
SIM-LFP-48-01,102,0.9,2000.0,0.026129,-0.01947
SIM-LFP-48-01,102,0.9,5000.0,0.026095,-0.02426
SIM-LFP-48-01,102,0.9,10000.0,0.02658,-0.025231
SIM-LFP-48-01,167,0.8502,10.0,0.03007,-0.010993
SIM-LFP-48-01,167,0.8502,20.0,0.03066,-0.014443
SIM-LFP-48-01,167,0.8502,50.0,0.030521,-0.014665
SIM-LFP-48-01,167,0.8502,100.0,0.030632,-0.017198
SIM-LFP-48-01,167,0.8502,200.0,0.030616,-0.016217
SIM-LFP-48-01,167,0.8502,500.0,0.030747,-0.020719
SIM-LFP-48-01,167,0.8502,1000.0,0.030917,-0.021202
SIM-LFP-48-01,167,0.8502,2000.0,0.030909,-0.022152
SIM-LFP-48-01,167,0.8502,5000.0,0.030401,-0.02333
SIM-LFP-48-01,167,0.8502,10000.0,0.030463,-0.025363
SIM-LFP-48-01,202,0.8006,10.0,0.033835,-0.013417
SIM-LFP-48-01,202,0.8006,20.0,0.033572,-0.014294
SIM-LFP-48-01,202,0.8006,50.0,0.033285,-0.015763
SIM-LFP-48-01,202,0.8006,100.0,0.0338,-0.015848
SIM-LFP-48-01,202,0.8006,200.0,0.033884,-0.01815
SIM-LFP-48-01,202,0.8006,500.0,0.033768,-0.018637
SIM-LFP-48-01,202,0.8006,1000.0,0.034085,-0.021352
SIM-LFP-48-01,202,0.8006,2000.0,0.033633,-0.021583
SIM-LFP-48-01,202,0.8006,5000.0,0.034173,-0.023002
SIM-LFP-48-01,202,0.8006,10000.0,0.033689,-0.025484
SIM-LFP-48-01,231,0.7499,10.0,0.037992,-0.013646
SIM-LFP-48-01,231,0.7499,20.0,0.038497,-0.015214
SIM-LFP-48-01,231,0.7499,50.0,0.038222,-0.016481
SIM-LFP-48-01,231,0.7499,100.0,0.038331,-0.016495
SIM-LFP-48-01,231,0.7499,200.0,0.0374,-0.019467
SIM-LFP-48-01,231,0.7499,500.0,0.037467,-0.01959
SIM-LFP-48-01,231,0.7499,1000.0,0.037709,-0.022708
SIM-LFP-48-01,231,0.7499,2000.0,0.037925,-0.021191
SIM-LFP-48-01,231,0.7499,5000.0,0.038066,-0.02481
SIM-LFP-48-01,231,0.7499,10000.0,0.037752,-0.026545
SIM-LFP-48-01,259,0.7007,10.0,0.040523,-0.013282
SIM-LFP-48-01,259,0.7007,20.0,0.03926,-0.013529
SIM-LFP-48-01,259,0.7007,50.0,0.039854,-0.015324
SIM-LFP-48-01,259,0.7007,100.0,0.039525,-0.017223
SIM-LFP-48-01,259,0.7007,200.0,0.03973,-0.018822
SIM-LFP-48-01,259,0.7007,500.0,0.039549,-0.020559
SIM-LFP-48-01,259,0.7007,1000.0,0.039382,-0.0186
SIM-LFP-48-01,259,0.7007,2000.0,0.039678,-0.02277
SIM-LFP-48-01,259,0.7007,5000.0,0.039314,-0.024779
SIM-LFP-48-01,259,0.7007,10000.0,0.039496,-0.025516
SIM-LFP-48-02,43,0.95,10.0,0.024555,-0.013643
SIM-LFP-48-02,43,0.95,20.0,0.024243,-0.014597
SIM-LFP-48-02,43,0.95,50.0,0.024234,-0.015526
SIM-LFP-48-02,43,0.95,100.0,0.023999,-0.018122
SIM-LFP-48-02,43,0.95,200.0,0.024348,-0.017465
SIM-LFP-48-02,43,0.95,500.0,0.024471,-0.019648
SIM-LFP-48-02,43,0.95,1000.0,0.023785,-0.020099
SIM-LFP-48-02,43,0.95,2000.0,0.024023,-0.022105
SIM-LFP-48-02,43,0.95,5000.0,0.023819,-0.023073
SIM-LFP-48-02,43,0.95,10000.0,0.024132,-0.024151
SIM-LFP-48-02,102,0.9,10.0,0.026416,-0.011412
SIM-LFP-48-02,102,0.9,20.0,0.025551,-0.012316
SIM-LFP-48-02,102,0.9,50.0,0.025524,-0.016426
SIM-LFP-48-02,102,0.9,100.0,0.025623,-0.015729
SIM-LFP-48-02,102,0.9,200.0,0.025537,-0.016908
SIM-LFP-48-02,102,0.9,500.0,0.025861,-0.019243
SIM-LFP-48-02,102,0.9,1000.0,0.02585,-0.020511
SIM-LFP-48-02,102,0.9,2000.0,0.025633,-0.02143
SIM-LFP-48-02,102,0.9,5000.0,0.026028,-0.024471
SIM-LFP-48-02,102,0.9,10000.0,0.02572,-0.02465
SIM-LFP-48-02,168,0.8502,10.0,0.028874,-0.011931
SIM-LFP-48-02,168,0.8502,20.0,0.029506,-0.013601
SIM-LFP-48-02,168,0.8502,50.0,0.029283,-0.015464
SIM-LFP-48-02,168,0.8502,100.0,0.029484,-0.01555
SIM-LFP-48-02,168,0.8502,200.0,0.029157,-0.017775
SIM-LFP-48-02,168,0.8502,500.0,0.028841,-0.020672
SIM-LFP-48-02,168,0.8502,1000.0,0.029767,-0.016919
SIM-LFP-48-02,168,0.8502,2000.0,0.02981,-0.021811
SIM-LFP-48-02,168,0.8502,5000.0,0.02897,-0.023976
SIM-LFP-48-02,168,0.8502,10000.0,0.029699,-0.026616
SIM-LFP-48-02,216,0.8004,10.0,0.03306,-0.011315
SIM-LFP-48-02,216,0.8004,20.0,0.033634,-0.013231
SIM-LFP-48-02,216,0.8004,50.0,0.033239,-0.017516
SIM-LFP-48-02,216,0.8004,100.0,0.033144,-0.016801
SIM-LFP-48-02,216,0.8004,200.0,0.033508,-0.017572
SIM-LFP-48-02,216,0.8004,500.0,0.032792,-0.022066
SIM-LFP-48-02,216,0.8004,1000.0,0.032875,-0.01998
SIM-LFP-48-02,216,0.8004,2000.0,0.033129,-0.020798
SIM-LFP-48-02,216,0.8004,5000.0,0.033499,-0.023783
SIM-LFP-48-02,216,0.8004,10000.0,0.033871,-0.025363
SIM-LFP-48-02,245,0.7496,10.0,0.037044,-0.012487
SIM-LFP-48-02,245,0.7496,20.0,0.037525,-0.013334
SIM-LFP-48-02,245,0.7496,50.0,0.037706,-0.016705
SIM-LFP-48-02,245,0.7496,100.0,0.03748,-0.016649
SIM-LFP-48-02,245,0.7496,200.0,0.037757,-0.018581
SIM-LFP-48-02,245,0.7496,500.0,0.0377,-0.019914
SIM-LFP-48-02,245,0.7496,1000.0,0.037323,-0.022482
SIM-LFP-48-02,245,0.7496,2000.0,0.037436,-0.021557
SIM-LFP-48-02,245,0.7496,5000.0,0.037808,-0.023139
SIM-LFP-48-02,245,0.7496,10000.0,0.037069,-0.02567
SIM-LFP-48-02,272,0.7002,10.0,0.040755,-0.013648
SIM-LFP-48-02,272,0.7002,20.0,0.040045,-0.014429
SIM-LFP-48-02,272,0.7002,50.0,0.040447,-0.017541
SIM-LFP-48-02,272,0.7002,100.0,0.041003,-0.017187
SIM-LFP-48-02,272,0.7002,200.0,0.040028,-0.020899
SIM-LFP-48-02,272,0.7002,500.0,0.041163,-0.020354
SIM-LFP-48-02,272,0.7002,1000.0,0.041219,-0.020283
SIM-LFP-48-02,272,0.7002,2000.0,0.040937,-0.022536
SIM-LFP-48-02,272,0.7002,5000.0,0.039981,-0.024669
SIM-LFP-48-02,272,0.7002,10000.0,0.041027,-0.024549
SIM-LFP-48-03,41,0.9494,10.0,0.023301,-0.012199
SIM-LFP-48-03,41,0.9494,20.0,0.023215,-0.013386
SIM-LFP-48-03,41,0.9494,50.0,0.02305,-0.015326
SIM-LFP-48-03,41,0.9494,100.0,0.023082,-0.014917
SIM-LFP-48-03,41,0.9494,200.0,0.022741,-0.01862
SIM-LFP-48-03,41,0.9494,500.0,0.023442,-0.017557
SIM-LFP-48-03,41,0.9494,1000.0,0.023239,-0.018939
SIM-LFP-48-03,41,0.9494,2000.0,0.023401,-0.021741
SIM-LFP-48-03,41,0.9494,5000.0,0.023121,-0.023601
SIM-LFP-48-03,41,0.9494,10000.0,0.023371,-0.024847
SIM-LFP-48-03,103,0.8997,10.0,0.02601,-0.011124
SIM-LFP-48-03,103,0.8997,20.0,0.025726,-0.013636
SIM-LFP-48-03,103,0.8997,50.0,0.025871,-0.015988
SIM-LFP-48-03,103,0.8997,100.0,0.026108,-0.016469
SIM-LFP-48-03,103,0.8997,200.0,0.026304,-0.016417
SIM-LFP-48-03,103,0.8997,500.0,0.026196,-0.017686
SIM-LFP-48-03,103,0.8997,1000.0,0.025742,-0.020697
SIM-LFP-48-03,103,0.8997,2000.0,0.026,-0.021807
SIM-LFP-48-03,103,0.8997,5000.0,0.025958,-0.021371
SIM-LFP-48-03,103,0.8997,10000.0,0.025718,-0.025414
SIM-LFP-48-03,166,0.85,10.0,0.029826,-0.012308
SIM-LFP-48-03,166,0.85,20.0,0.029561,-0.01338
SIM-LFP-48-03,166,0.85,50.0,0.030583,-0.01434
SIM-LFP-48-03,166,0.85,100.0,0.030384,-0.016147
SIM-LFP-48-03,166,0.85,200.0,0.03027,-0.016577
SIM-LFP-48-03,166,0.85,500.0,0.030339,-0.019706
SIM-LFP-48-03,166,0.85,1000.0,0.029816,-0.02045
SIM-LFP-48-03,166,0.85,2000.0,0.030496,-0.022336
SIM-LFP-48-03,166,0.85,5000.0,0.030386,-0.02501
SIM-LFP-48-03,166,0.85,10000.0,0.030397,-0.026533
SIM-LFP-48-03,207,0.7995,10.0,0.035574,-0.013842
SIM-LFP-48-03,207,0.7995,20.0,0.035754,-0.012768
SIM-LFP-48-03,207,0.7995,50.0,0.035137,-0.015697
SIM-LFP-48-03,207,0.7995,100.0,0.035696,-0.017427
SIM-LFP-48-03,207,0.7995,200.0,0.034762,-0.018667
SIM-LFP-48-03,207,0.7995,500.0,0.03486,-0.019798
SIM-LFP-48-03,207,0.7995,1000.0,0.035154,-0.021519
SIM-LFP-48-03,207,0.7995,2000.0,0.035244,-0.021674
SIM-LFP-48-03,207,0.7995,5000.0,0.035265,-0.024178
SIM-LFP-48-03,207,0.7995,10000.0,0.035244,-0.024616
SIM-LFP-48-03,235,0.7505,10.0,0.035276,-0.012999
SIM-LFP-48-03,235,0.7505,20.0,0.035454,-0.015289
SIM-LFP-48-03,235,0.7505,50.0,0.035322,-0.017366
SIM-LFP-48-03,235,0.7505,100.0,0.035253,-0.019831
SIM-LFP-48-03,235,0.7505,200.0,0.035595,-0.018787
SIM-LFP-48-03,235,0.7505,500.0,0.035885,-0.019485
SIM-LFP-48-03,235,0.7505,1000.0,0.035201,-0.02177
SIM-LFP-48-03,235,0.7505,2000.0,0.036042,-0.022728
SIM-LFP-48-03,235,0.7505,5000.0,0.03559,-0.022305
SIM-LFP-48-03,235,0.7505,10000.0,0.035885,-0.02489
SIM-LFP-48-03,264,0.7004,10.0,0.040062,-0.01367
SIM-LFP-48-03,264,0.7004,20.0,0.040406,-0.015163
SIM-LFP-48-03,264,0.7004,50.0,0.04,-0.01725
SIM-LFP-48-03,264,0.7004,100.0,0.04022,-0.017207
SIM-LFP-48-03,264,0.7004,200.0,0.040609,-0.017448
SIM-LFP-48-03,264,0.7004,500.0,0.040651,-0.019116
SIM-LFP-48-03,264,0.7004,1000.0,0.040158,-0.020395
SIM-LFP-48-03,264,0.7004,2000.0,0.039457,-0.023969
SIM-LFP-48-03,264,0.7004,5000.0,0.040217,-0.02638
SIM-LFP-48-03,264,0.7004,10000.0,0.040332,-0.027018
SIM-LFP-49-01,58,0.9497,10.0,0.024117,-0.010979
SIM-LFP-49-01,58,0.9497,20.0,0.023927,-0.014324
SIM-LFP-49-01,58,0.9497,50.0,0.02363,-0.013666
SIM-LFP-49-01,58,0.9497,100.0,0.023732,-0.016389
SIM-LFP-49-01,58,0.9497,200.0,0.023404,-0.016622
SIM-LFP-49-01,58,0.9497,500.0,0.023401,-0.017822
SIM-LFP-49-01,58,0.9497,1000.0,0.023856,-0.021913
SIM-LFP-49-01,58,0.9497,2000.0,0.02377,-0.022065
SIM-LFP-49-01,58,0.9497,5000.0,0.023354,-0.021743
SIM-LFP-49-01,58,0.9497,10000.0,0.023947,-0.025571
SIM-LFP-49-01,131,0.9,10.0,0.026327,-0.01081
SIM-LFP-49-01,131,0.9,20.0,0.026183,-0.014872
SIM-LFP-49-01,131,0.9,50.0,0.026442,-0.014957
SIM-LFP-49-01,131,0.9,100.0,0.026511,-0.015128
SIM-LFP-49-01,131,0.9,200.0,0.026601,-0.018418
SIM-LFP-49-01,131,0.9,500.0,0.026444,-0.018638
SIM-LFP-49-01,131,0.9,1000.0,0.026559,-0.021277
SIM-LFP-49-01,131,0.9,2000.0,0.026689,-0.0211
SIM-LFP-49-01,131,0.9,5000.0,0.026953,-0.024064
SIM-LFP-49-01,131,0.9,10000.0,0.026986,-0.024101
SIM-LFP-49-01,206,0.8503,10.0,0.029288,-0.013282
SIM-LFP-49-01,206,0.8503,20.0,0.028558,-0.013899
SIM-LFP-49-01,206,0.8503,50.0,0.028678,-0.01704
SIM-LFP-49-01,206,0.8503,100.0,0.029198,-0.017307
SIM-LFP-49-01,206,0.8503,200.0,0.029238,-0.017959
SIM-LFP-49-01,206,0.8503,500.0,0.029061,-0.020121
SIM-LFP-49-01,206,0.8503,1000.0,0.029471,-0.021051
SIM-LFP-49-01,206,0.8503,2000.0,0.029729,-0.020845
SIM-LFP-49-01,206,0.8503,5000.0,0.029253,-0.024952
SIM-LFP-49-01,206,0.8503,10000.0,0.029113,-0.02626
SIM-LFP-49-01,253,0.7999,10.0,0.032926,-0.013518
SIM-LFP-49-01,253,0.7999,20.0,0.032722,-0.013664
SIM-LFP-49-01,253,0.7999,50.0,0.032879,-0.016686
SIM-LFP-49-01,253,0.7999,100.0,0.032611,-0.016055
SIM-LFP-49-01,253,0.7999,200.0,0.033038,-0.017188
SIM-LFP-49-01,253,0.7999,500.0,0.033044,-0.020962
SIM-LFP-49-01,253,0.7999,1000.0,0.032396,-0.020258
SIM-LFP-49-01,253,0.7999,2000.0,0.033067,-0.02252
SIM-LFP-49-01,253,0.7999,5000.0,0.032812,-0.024547
SIM-LFP-49-01,253,0.7999,10000.0,0.032214,-0.026343
SIM-LFP-49-01,286,0.7505,10.0,0.037763,-0.013782
SIM-LFP-49-01,286,0.7505,20.0,0.037524,-0.014506
SIM-LFP-49-01,286,0.7505,50.0,0.036678,-0.016123
SIM-LFP-49-01,286,0.7505,100.0,0.037197,-0.01812
SIM-LFP-49-01,286,0.7505,200.0,0.037645,-0.017544
SIM-LFP-49-01,286,0.7505,500.0,0.037178,-0.019175
SIM-LFP-49-01,286,0.7505,1000.0,0.037276,-0.021727
SIM-LFP-49-01,286,0.7505,2000.0,0.037328,-0.021658
SIM-LFP-49-01,286,0.7505,5000.0,0.037079,-0.025398
SIM-LFP-49-01,286,0.7505,10000.0,0.037111,-0.026764
SIM-LFP-49-01,321,0.7002,10.0,0.040534,-0.012902
SIM-LFP-49-01,321,0.7002,20.0,0.039674,-0.015201
SIM-LFP-49-01,321,0.7002,50.0,0.040579,-0.017512
SIM-LFP-49-01,321,0.7002,100.0,0.040178,-0.015854
SIM-LFP-49-01,321,0.7002,200.0,0.040284,-0.018719
SIM-LFP-49-01,321,0.7002,500.0,0.040135,-0.019268
SIM-LFP-49-01,321,0.7002,1000.0,0.039167,-0.021556
SIM-LFP-49-01,321,0.7002,2000.0,0.040485,-0.023596
SIM-LFP-49-01,321,0.7002,5000.0,0.040045,-0.025714
SIM-LFP-49-01,321,0.7002,10000.0,0.040813,-0.02564
SIM-LFP-49-02,55,0.9499,10.0,0.023816,-0.010843
SIM-LFP-49-02,55,0.9499,20.0,0.023715,-0.013564
SIM-LFP-49-02,55,0.9499,50.0,0.023899,-0.015217
SIM-LFP-49-02,55,0.9499,100.0,0.023966,-0.017055
SIM-LFP-49-02,55,0.9499,200.0,0.023335,-0.016822
SIM-LFP-49-02,55,0.9499,500.0,0.023801,-0.017775
SIM-LFP-49-02,55,0.9499,1000.0,0.023715,-0.019648
SIM-LFP-49-02,55,0.9499,2000.0,0.023683,-0.019729
SIM-LFP-49-02,55,0.9499,5000.0,0.02382,-0.023894
SIM-LFP-49-02,55,0.9499,10000.0,0.023967,-0.023442
SIM-LFP-49-02,131,0.8999,10.0,0.026129,-0.01102
SIM-LFP-49-02,131,0.8999,20.0,0.026185,-0.013716
SIM-LFP-49-02,131,0.8999,50.0,0.02647,-0.015288
SIM-LFP-49-02,131,0.8999,100.0,0.026466,-0.018853
SIM-LFP-49-02,131,0.8999,200.0,0.026725,-0.016151
SIM-LFP-49-02,131,0.8999,500.0,0.026063,-0.019475
SIM-LFP-49-02,131,0.8999,1000.0,0.025957,-0.020777
SIM-LFP-49-02,131,0.8999,2000.0,0.025837,-0.021397
SIM-LFP-49-02,131,0.8999,5000.0,0.026377,-0.023988
SIM-LFP-49-02,131,0.8999,10000.0,0.025798,-0.024725
SIM-LFP-49-02,205,0.85,10.0,0.030101,-0.012312
SIM-LFP-49-02,205,0.85,20.0,0.02993,-0.012241
SIM-LFP-49-02,205,0.85,50.0,0.030179,-0.015214
SIM-LFP-49-02,205,0.85,100.0,0.030133,-0.015682
SIM-LFP-49-02,205,0.85,200.0,0.02968,-0.017097
SIM-LFP-49-02,205,0.85,500.0,0.030183,-0.020916
SIM-LFP-49-02,205,0.85,1000.0,0.029985,-0.020694
SIM-LFP-49-02,205,0.85,2000.0,0.029966,-0.022005
SIM-LFP-49-02,205,0.85,5000.0,0.03022,-0.023115
SIM-LFP-49-02,205,0.85,10000.0,0.030526,-0.024889
SIM-LFP-49-02,254,0.8003,10.0,0.034224,-0.014205
SIM-LFP-49-02,254,0.8003,20.0,0.033814,-0.014954
SIM-LFP-49-02,254,0.8003,50.0,0.033961,-0.015884
SIM-LFP-49-02,254,0.8003,100.0,0.033585,-0.016245
SIM-LFP-49-02,254,0.8003,200.0,0.034572,-0.017491
SIM-LFP-49-02,254,0.8003,500.0,0.033546,-0.020051
SIM-LFP-49-02,254,0.8003,1000.0,0.033589,-0.020851
SIM-LFP-49-02,254,0.8003,2000.0,0.033929,-0.020663
SIM-LFP-49-02,254,0.8003,5000.0,0.034409,-0.026442
SIM-LFP-49-02,254,0.8003,10000.0,0.034011,-0.0257
SIM-LFP-49-02,289,0.7494,10.0,0.037693,-0.013457
SIM-LFP-49-02,289,0.7494,20.0,0.037421,-0.014119
SIM-LFP-49-02,289,0.7494,50.0,0.037236,-0.014573
SIM-LFP-49-02,289,0.7494,100.0,0.037642,-0.018184
SIM-LFP-49-02,289,0.7494,200.0,0.037174,-0.019574
SIM-LFP-49-02,289,0.7494,500.0,0.037604,-0.022091
SIM-LFP-49-02,289,0.7494,1000.0,0.036694,-0.022172
SIM-LFP-49-02,289,0.7494,2000.0,0.037426,-0.022987
SIM-LFP-49-02,289,0.7494,5000.0,0.03804,-0.025733
SIM-LFP-49-02,289,0.7494,10000.0,0.037379,-0.026182
SIM-LFP-49-02,323,0.6998,10.0,0.040334,-0.013178
SIM-LFP-49-02,323,0.6998,20.0,0.039658,-0.012391
SIM-LFP-49-02,323,0.6998,50.0,0.039922,-0.016648
SIM-LFP-49-02,323,0.6998,100.0,0.040355,-0.015759
SIM-LFP-49-02,323,0.6998,200.0,0.040599,-0.017702
SIM-LFP-49-02,323,0.6998,500.0,0.041059,-0.019303
SIM-LFP-49-02,323,0.6998,1000.0,0.040628,-0.023191
SIM-LFP-49-02,323,0.6998,2000.0,0.039865,-0.021921
SIM-LFP-49-02,323,0.6998,5000.0,0.039568,-0.024514
SIM-LFP-49-02,323,0.6998,10000.0,0.040067,-0.026266
SIM-LFP-49-03,54,0.9504,10.0,0.022891,-0.010602
SIM-LFP-49-03,54,0.9504,20.0,0.022509,-0.012982
SIM-LFP-49-03,54,0.9504,50.0,0.022989,-0.016666
SIM-LFP-49-03,54,0.9504,100.0,0.022994,-0.016688
SIM-LFP-49-03,54,0.9504,200.0,0.022659,-0.01774
SIM-LFP-49-03,54,0.9504,500.0,0.022967,-0.019179
SIM-LFP-49-03,54,0.9504,1000.0,0.022627,-0.020549
SIM-LFP-49-03,54,0.9504,2000.0,0.022442,-0.022283
SIM-LFP-49-03,54,0.9504,5000.0,0.022619,-0.023322
SIM-LFP-49-03,54,0.9504,10000.0,0.022784,-0.024792
SIM-LFP-49-03,129,0.9002,10.0,0.027187,-0.014119
SIM-LFP-49-03,129,0.9002,20.0,0.027469,-0.013824
SIM-LFP-49-03,129,0.9002,50.0,0.027363,-0.016629
SIM-LFP-49-03,129,0.9002,100.0,0.027063,-0.016146
SIM-LFP-49-03,129,0.9002,200.0,0.027211,-0.016747
SIM-LFP-49-03,129,0.9002,500.0,0.027653,-0.019441
SIM-LFP-49-03,129,0.9002,1000.0,0.026967,-0.021499
SIM-LFP-49-03,129,0.9002,2000.0,0.02704,-0.022203
SIM-LFP-49-03,129,0.9002,5000.0,0.026556,-0.02533
SIM-LFP-49-03,129,0.9002,10000.0,0.027022,-0.027207
SIM-LFP-49-03,208,0.8504,10.0,0.031784,-0.010347
SIM-LFP-49-03,208,0.8504,20.0,0.031255,-0.013491
SIM-LFP-49-03,208,0.8504,50.0,0.031409,-0.013231
SIM-LFP-49-03,208,0.8504,100.0,0.031705,-0.018377
SIM-LFP-49-03,208,0.8504,200.0,0.031005,-0.017103
SIM-LFP-49-03,208,0.8504,500.0,0.031344,-0.019593
SIM-LFP-49-03,208,0.8504,1000.0,0.031432,-0.021606
SIM-LFP-49-03,208,0.8504,2000.0,0.030807,-0.022542
SIM-LFP-49-03,208,0.8504,5000.0,0.031403,-0.022414
SIM-LFP-49-03,208,0.8504,10000.0,0.03116,-0.024888
SIM-LFP-49-03,242,0.8008,10.0,0.032626,-0.013166
SIM-LFP-49-03,242,0.8008,20.0,0.032534,-0.013399
SIM-LFP-49-03,242,0.8008,50.0,0.032572,-0.017901
SIM-LFP-49-03,242,0.8008,100.0,0.032392,-0.017563
SIM-LFP-49-03,242,0.8008,200.0,0.032891,-0.017711
SIM-LFP-49-03,242,0.8008,500.0,0.032728,-0.019789
SIM-LFP-49-03,242,0.8008,1000.0,0.032208,-0.020163
SIM-LFP-49-03,242,0.8008,2000.0,0.032494,-0.021968
SIM-LFP-49-03,242,0.8008,5000.0,0.032876,-0.023888
SIM-LFP-49-03,242,0.8008,10000.0,0.03249,-0.025605
SIM-LFP-49-03,277,0.7508,10.0,0.035963,-0.012714
SIM-LFP-49-03,277,0.7508,20.0,0.03571,-0.015147
SIM-LFP-49-03,277,0.7508,50.0,0.036026,-0.015004
SIM-LFP-49-03,277,0.7508,100.0,0.036152,-0.015011
SIM-LFP-49-03,277,0.7508,200.0,0.036565,-0.017899
SIM-LFP-49-03,277,0.7508,500.0,0.036235,-0.019571
SIM-LFP-49-03,277,0.7508,1000.0,0.036114,-0.02328
SIM-LFP-49-03,277,0.7508,2000.0,0.03611,-0.022492
SIM-LFP-49-03,277,0.7508,5000.0,0.036392,-0.025728
SIM-LFP-49-03,277,0.7508,10000.0,0.035526,-0.026406
SIM-LFP-49-03,311,0.7,10.0,0.03997,-0.012795
SIM-LFP-49-03,311,0.7,20.0,0.039164,-0.013957
SIM-LFP-49-03,311,0.7,50.0,0.039546,-0.014697
SIM-LFP-49-03,311,0.7,100.0,0.039414,-0.019717
SIM-LFP-49-03,311,0.7,200.0,0.03939,-0.017453
SIM-LFP-49-03,311,0.7,500.0,0.039182,-0.020194
SIM-LFP-49-03,311,0.7,1000.0,0.04031,-0.021905
SIM-LFP-49-03,311,0.7,2000.0,0.040225,-0.022219
SIM-LFP-49-03,311,0.7,5000.0,0.039193,-0.025941
SIM-LFP-49-03,311,0.7,10000.0,0.038843,-0.025735
SIM-LFP-50-01,25,0.9507,10.0,0.023112,-0.012089
SIM-LFP-50-01,25,0.9507,20.0,0.023311,-0.011845
SIM-LFP-50-01,25,0.9507,50.0,0.023462,-0.015452
SIM-LFP-50-01,25,0.9507,100.0,0.022946,-0.015346
SIM-LFP-50-01,25,0.9507,200.0,0.023001,-0.016736
SIM-LFP-50-01,25,0.9507,500.0,0.023251,-0.019134
SIM-LFP-50-01,25,0.9507,1000.0,0.023057,-0.021353
SIM-LFP-50-01,25,0.9507,2000.0,0.023204,-0.022093
SIM-LFP-50-01,25,0.9507,5000.0,0.023133,-0.022774
SIM-LFP-50-01,25,0.9507,10000.0,0.022554,-0.025322
SIM-LFP-50-01,73,0.8995,10.0,0.027172,-0.012734
SIM-LFP-50-01,73,0.8995,20.0,0.027517,-0.013704
SIM-LFP-50-01,73,0.8995,50.0,0.027981,-0.014539
SIM-LFP-50-01,73,0.8995,100.0,0.027755,-0.018902
SIM-LFP-50-01,73,0.8995,200.0,0.027694,-0.017483
SIM-LFP-50-01,73,0.8995,500.0,0.027607,-0.019387
SIM-LFP-50-01,73,0.8995,1000.0,0.027299,-0.019663
SIM-LFP-50-01,73,0.8995,2000.0,0.028048,-0.021152
SIM-LFP-50-01,73,0.8995,5000.0,0.027602,-0.023164
SIM-LFP-50-01,73,0.8995,10000.0,0.02707,-0.024336
SIM-LFP-50-01,119,0.8502,10.0,0.029975,-0.013377
SIM-LFP-50-01,119,0.8502,20.0,0.029838,-0.014185
SIM-LFP-50-01,119,0.8502,50.0,0.029871,-0.015543
SIM-LFP-50-01,119,0.8502,100.0,0.029889,-0.016864
SIM-LFP-50-01,119,0.8502,200.0,0.030255,-0.020037
SIM-LFP-50-01,119,0.8502,500.0,0.029649,-0.021012
SIM-LFP-50-01,119,0.8502,1000.0,0.029863,-0.02085
SIM-LFP-50-01,119,0.8502,2000.0,0.030827,-0.021916
SIM-LFP-50-01,119,0.8502,5000.0,0.03031,-0.023456
SIM-LFP-50-01,119,0.8502,10000.0,0.029893,-0.026392
SIM-LFP-50-01,151,0.8006,10.0,0.03322,-0.014016
SIM-LFP-50-01,151,0.8006,20.0,0.033671,-0.014222
SIM-LFP-50-01,151,0.8006,50.0,0.033972,-0.017577
SIM-LFP-50-01,151,0.8006,100.0,0.033926,-0.018425
SIM-LFP-50-01,151,0.8006,200.0,0.034063,-0.018847
SIM-LFP-50-01,151,0.8006,500.0,0.033778,-0.01839
SIM-LFP-50-01,151,0.8006,1000.0,0.033902,-0.020034
SIM-LFP-50-01,151,0.8006,2000.0,0.033587,-0.021763
SIM-LFP-50-01,151,0.8006,5000.0,0.034367,-0.026216
SIM-LFP-50-01,151,0.8006,10000.0,0.03378,-0.025508
SIM-LFP-50-01,173,0.7493,10.0,0.03614,-0.013434
SIM-LFP-50-01,173,0.7493,20.0,0.035206,-0.013624
SIM-LFP-50-01,173,0.7493,50.0,0.035636,-0.013771
SIM-LFP-50-01,173,0.7493,100.0,0.035561,-0.017644
SIM-LFP-50-01,173,0.7493,200.0,0.034833,-0.017272
SIM-LFP-50-01,173,0.7493,500.0,0.035778,-0.021026
SIM-LFP-50-01,173,0.7493,1000.0,0.035793,-0.021946
SIM-LFP-50-01,173,0.7493,2000.0,0.035961,-0.02369
SIM-LFP-50-01,173,0.7493,5000.0,0.035207,-0.024292
SIM-LFP-50-01,173,0.7493,10000.0,0.035255,-0.024857
SIM-LFP-50-01,194,0.6991,10.0,0.039814,-0.013885
SIM-LFP-50-01,194,0.6991,20.0,0.039432,-0.014513
SIM-LFP-50-01,194,0.6991,50.0,0.040452,-0.016164
SIM-LFP-50-01,194,0.6991,100.0,0.039754,-0.019415
SIM-LFP-50-01,194,0.6991,200.0,0.04021,-0.018628
SIM-LFP-50-01,194,0.6991,500.0,0.039619,-0.018824
SIM-LFP-50-01,194,0.6991,1000.0,0.03985,-0.021883
SIM-LFP-50-01,194,0.6991,2000.0,0.040157,-0.022829
SIM-LFP-50-01,194,0.6991,5000.0,0.039447,-0.025561
SIM-LFP-50-01,194,0.6991,10000.0,0.039852,-0.02654
SIM-LFP-50-02,26,0.9499,10.0,0.023215,-0.011933
SIM-LFP-50-02,26,0.9499,20.0,0.023124,-0.014189
SIM-LFP-50-02,26,0.9499,50.0,0.023509,-0.014392
SIM-LFP-50-02,26,0.9499,100.0,0.023186,-0.015688
SIM-LFP-50-02,26,0.9499,200.0,0.023577,-0.018301
SIM-LFP-50-02,26,0.9499,500.0,0.023294,-0.019269
SIM-LFP-50-02,26,0.9499,1000.0,0.022956,-0.018687
SIM-LFP-50-02,26,0.9499,2000.0,0.023348,-0.020646
SIM-LFP-50-02,26,0.9499,5000.0,0.023359,-0.023583
SIM-LFP-50-02,26,0.9499,10000.0,0.023126,-0.022736
SIM-LFP-50-02,72,0.9002,10.0,0.0268,-0.011916
SIM-LFP-50-02,72,0.9002,20.0,0.026183,-0.012789
SIM-LFP-50-02,72,0.9002,50.0,0.025996,-0.013598
SIM-LFP-50-02,72,0.9002,100.0,0.026289,-0.016
SIM-LFP-50-02,72,0.9002,200.0,0.026298,-0.016139
SIM-LFP-50-02,72,0.9002,500.0,0.026143,-0.019925
SIM-LFP-50-02,72,0.9002,1000.0,0.02662,-0.020297
SIM-LFP-50-02,72,0.9002,2000.0,0.026271,-0.022153
SIM-LFP-50-02,72,0.9002,5000.0,0.026981,-0.022754
SIM-LFP-50-02,72,0.9002,10000.0,0.026557,-0.023097
SIM-LFP-50-02,118,0.8498,10.0,0.029745,-0.01282
SIM-LFP-50-02,118,0.8498,20.0,0.029804,-0.014265
SIM-LFP-50-02,118,0.8498,50.0,0.029844,-0.015075
SIM-LFP-50-02,118,0.8498,100.0,0.030031,-0.01824
SIM-LFP-50-02,118,0.8498,200.0,0.029989,-0.018625
SIM-LFP-50-02,118,0.8498,500.0,0.029681,-0.020575
SIM-LFP-50-02,118,0.8498,1000.0,0.029811,-0.019345
SIM-LFP-50-02,118,0.8498,2000.0,0.02915,-0.022803
SIM-LFP-50-02,118,0.8498,5000.0,0.029615,-0.025145
SIM-LFP-50-02,118,0.8498,10000.0,0.030116,-0.025469
SIM-LFP-50-02,145,0.8004,10.0,0.031562,-0.0127
SIM-LFP-50-02,145,0.8004,20.0,0.032129,-0.01468
SIM-LFP-50-02,145,0.8004,50.0,0.032117,-0.016797
SIM-LFP-50-02,145,0.8004,100.0,0.032081,-0.015859
SIM-LFP-50-02,145,0.8004,200.0,0.032444,-0.018543
SIM-LFP-50-02,145,0.8004,500.0,0.031651,-0.020025
SIM-LFP-50-02,145,0.8004,1000.0,0.032369,-0.019633
SIM-LFP-50-02,145,0.8004,2000.0,0.032515,-0.020929
SIM-LFP-50-02,145,0.8004,5000.0,0.032521,-0.023452
SIM-LFP-50-02,145,0.8004,10000.0,0.032426,-0.025577
SIM-LFP-50-02,166,0.75,10.0,0.036215,-0.012042
SIM-LFP-50-02,166,0.75,20.0,0.036499,-0.014033
SIM-LFP-50-02,166,0.75,50.0,0.036461,-0.013759
SIM-LFP-50-02,166,0.75,100.0,0.036917,-0.017575
SIM-LFP-50-02,166,0.75,200.0,0.036415,-0.017646
SIM-LFP-50-02,166,0.75,500.0,0.036164,-0.018893
SIM-LFP-50-02,166,0.75,1000.0,0.03686,-0.021506
SIM-LFP-50-02,166,0.75,2000.0,0.036386,-0.020981
SIM-LFP-50-02,166,0.75,5000.0,0.036685,-0.026452
SIM-LFP-50-02,166,0.75,10000.0,0.035839,-0.025345
SIM-LFP-50-02,186,0.7014,10.0,0.037432,-0.012672
SIM-LFP-50-02,186,0.7014,20.0,0.03792,-0.013033
SIM-LFP-50-02,186,0.7014,50.0,0.037854,-0.015521
SIM-LFP-50-02,186,0.7014,100.0,0.038492,-0.016926
SIM-LFP-50-02,186,0.7014,200.0,0.037803,-0.017882
SIM-LFP-50-02,186,0.7014,500.0,0.037296,-0.020396
SIM-LFP-50-02,186,0.7014,1000.0,0.038042,-0.021881
SIM-LFP-50-02,186,0.7014,2000.0,0.037436,-0.023672
SIM-LFP-50-02,186,0.7014,5000.0,0.038145,-0.02505
SIM-LFP-50-02,186,0.7014,10000.0,0.037931,-0.024966
SIM-LFP-50-03,26,0.9497,10.0,0.022957,-0.014134
SIM-LFP-50-03,26,0.9497,20.0,0.023214,-0.012612
SIM-LFP-50-03,26,0.9497,50.0,0.02331,-0.014554
SIM-LFP-50-03,26,0.9497,100.0,0.023419,-0.01556
SIM-LFP-50-03,26,0.9497,200.0,0.023359,-0.01514
SIM-LFP-50-03,26,0.9497,500.0,0.02321,-0.020921
SIM-LFP-50-03,26,0.9497,1000.0,0.023475,-0.021284
SIM-LFP-50-03,26,0.9497,2000.0,0.022992,-0.022487
SIM-LFP-50-03,26,0.9497,5000.0,0.023202,-0.023153
SIM-LFP-50-03,26,0.9497,10000.0,0.023175,-0.024442
SIM-LFP-50-03,73,0.8999,10.0,0.026913,-0.009677
SIM-LFP-50-03,73,0.8999,20.0,0.027766,-0.013862
SIM-LFP-50-03,73,0.8999,50.0,0.027405,-0.01651
SIM-LFP-50-03,73,0.8999,100.0,0.027506,-0.015277
SIM-LFP-50-03,73,0.8999,200.0,0.027983,-0.017663
SIM-LFP-50-03,73,0.8999,500.0,0.027157,-0.019131
SIM-LFP-50-03,73,0.8999,1000.0,0.027904,-0.020724
SIM-LFP-50-03,73,0.8999,2000.0,0.027303,-0.021396
SIM-LFP-50-03,73,0.8999,5000.0,0.027546,-0.025626
SIM-LFP-50-03,73,0.8999,10000.0,0.027529,-0.02366
SIM-LFP-50-03,119,0.8497,10.0,0.030044,-0.012171
SIM-LFP-50-03,119,0.8497,20.0,0.030211,-0.013828
SIM-LFP-50-03,119,0.8497,50.0,0.030323,-0.016041
SIM-LFP-50-03,119,0.8497,100.0,0.029881,-0.017108
SIM-LFP-50-03,119,0.8497,200.0,0.030467,-0.018089
SIM-LFP-50-03,119,0.8497,500.0,0.0304,-0.019776
SIM-LFP-50-03,119,0.8497,1000.0,0.030531,-0.023013
SIM-LFP-50-03,119,0.8497,2000.0,0.030391,-0.023436
SIM-LFP-50-03,119,0.8497,5000.0,0.030412,-0.024355
SIM-LFP-50-03,119,0.8497,10000.0,0.029978,-0.024773
SIM-LFP-50-03,144,0.7994,10.0,0.033735,-0.012173
SIM-LFP-50-03,144,0.7994,20.0,0.03345,-0.014011
SIM-LFP-50-03,144,0.7994,50.0,0.033943,-0.018418
SIM-LFP-50-03,144,0.7994,100.0,0.033405,-0.016549
SIM-LFP-50-03,144,0.7994,200.0,0.034016,-0.019784
SIM-LFP-50-03,144,0.7994,500.0,0.033714,-0.019557
SIM-LFP-50-03,144,0.7994,1000.0,0.033488,-0.020251
SIM-LFP-50-03,144,0.7994,2000.0,0.033449,-0.022283
SIM-LFP-50-03,144,0.7994,5000.0,0.033096,-0.024462
SIM-LFP-50-03,144,0.7994,10000.0,0.033487,-0.027009
SIM-LFP-50-03,165,0.7492,10.0,0.036374,-0.01311
SIM-LFP-50-03,165,0.7492,20.0,0.035717,-0.015119
SIM-LFP-50-03,165,0.7492,50.0,0.036521,-0.018125
SIM-LFP-50-03,165,0.7492,100.0,0.036403,-0.017425
SIM-LFP-50-03,165,0.7492,200.0,0.036497,-0.018691
SIM-LFP-50-03,165,0.7492,500.0,0.036808,-0.021139
SIM-LFP-50-03,165,0.7492,1000.0,0.036075,-0.020891
SIM-LFP-50-03,165,0.7492,2000.0,0.03637,-0.025437
SIM-LFP-50-03,165,0.7492,5000.0,0.035903,-0.023917
SIM-LFP-50-03,165,0.7492,10000.0,0.036183,-0.02568
SIM-LFP-50-03,186,0.6986,10.0,0.038948,-0.016045
SIM-LFP-50-03,186,0.6986,20.0,0.039697,-0.013479
SIM-LFP-50-03,186,0.6986,50.0,0.03918,-0.017741
SIM-LFP-50-03,186,0.6986,100.0,0.039753,-0.018605
SIM-LFP-50-03,186,0.6986,200.0,0.03953,-0.019825
SIM-LFP-50-03,186,0.6986,500.0,0.039305,-0.021431
SIM-LFP-50-03,186,0.6986,1000.0,0.04002,-0.023109
SIM-LFP-50-03,186,0.6986,2000.0,0.039298,-0.024183
SIM-LFP-50-03,186,0.6986,5000.0,0.040131,-0.022654
SIM-LFP-50-03,186,0.6986,10000.0,0.039897,-0.024622
SIM-LFP-51-01,18,0.9514,10.0,0.023361,-0.01483
SIM-LFP-51-01,18,0.9514,20.0,0.023029,-0.015654
SIM-LFP-51-01,18,0.9514,50.0,0.02376,-0.01428
SIM-LFP-51-01,18,0.9514,100.0,0.023562,-0.016638
SIM-LFP-51-01,18,0.9514,200.0,0.023438,-0.017851
SIM-LFP-51-01,18,0.9514,500.0,0.023501,-0.015918
SIM-LFP-51-01,18,0.9514,1000.0,0.023335,-0.020367
SIM-LFP-51-01,18,0.9514,2000.0,0.023229,-0.021527
SIM-LFP-51-01,18,0.9514,5000.0,0.023787,-0.022631
SIM-LFP-51-01,18,0.9514,10000.0,0.023252,-0.024473
SIM-LFP-51-01,45,0.9002,10.0,0.026166,-0.014032
SIM-LFP-51-01,45,0.9002,20.0,0.025528,-0.013231
SIM-LFP-51-01,45,0.9002,50.0,0.025999,-0.015879
SIM-LFP-51-01,45,0.9002,100.0,0.026105,-0.016318
SIM-LFP-51-01,45,0.9002,200.0,0.025578,-0.017481
SIM-LFP-51-01,45,0.9002,500.0,0.025532,-0.020004
SIM-LFP-51-01,45,0.9002,1000.0,0.025516,-0.02187
SIM-LFP-51-01,45,0.9002,2000.0,0.025964,-0.021872
SIM-LFP-51-01,45,0.9002,5000.0,0.026209,-0.024897
SIM-LFP-51-01,45,0.9002,10000.0,0.025393,-0.024984
SIM-LFP-51-01,80,0.8497,10.0,0.029671,-0.013145
SIM-LFP-51-01,80,0.8497,20.0,0.030309,-0.013243
SIM-LFP-51-01,80,0.8497,50.0,0.029906,-0.014232
SIM-LFP-51-01,80,0.8497,100.0,0.029709,-0.019102
SIM-LFP-51-01,80,0.8497,200.0,0.029592,-0.018743
SIM-LFP-51-01,80,0.8497,500.0,0.029573,-0.021004
SIM-LFP-51-01,80,0.8497,1000.0,0.029367,-0.021192
SIM-LFP-51-01,80,0.8497,2000.0,0.029781,-0.022576
SIM-LFP-51-01,80,0.8497,5000.0,0.030197,-0.023433
SIM-LFP-51-01,80,0.8497,10000.0,0.030435,-0.024215
SIM-LFP-51-01,103,0.8003,10.0,0.032545,-0.012063
SIM-LFP-51-01,103,0.8003,20.0,0.032976,-0.014842
SIM-LFP-51-01,103,0.8003,50.0,0.032915,-0.016074
SIM-LFP-51-01,103,0.8003,100.0,0.032108,-0.017523
SIM-LFP-51-01,103,0.8003,200.0,0.032487,-0.019404
SIM-LFP-51-01,103,0.8003,500.0,0.032219,-0.019791
SIM-LFP-51-01,103,0.8003,1000.0,0.032728,-0.01977
SIM-LFP-51-01,103,0.8003,2000.0,0.032928,-0.021904
SIM-LFP-51-01,103,0.8003,5000.0,0.032629,-0.023927
SIM-LFP-51-01,103,0.8003,10000.0,0.032865,-0.024815
SIM-LFP-51-01,118,0.7493,10.0,0.036548,-0.012349
SIM-LFP-51-01,118,0.7493,20.0,0.03702,-0.014387
SIM-LFP-51-01,118,0.7493,50.0,0.036185,-0.015506
SIM-LFP-51-01,118,0.7493,100.0,0.036801,-0.016825
SIM-LFP-51-01,118,0.7493,200.0,0.035871,-0.017233
SIM-LFP-51-01,118,0.7493,500.0,0.036385,-0.020003
SIM-LFP-51-01,118,0.7493,1000.0,0.03599,-0.022641
SIM-LFP-51-01,118,0.7493,2000.0,0.036183,-0.022854
SIM-LFP-51-01,118,0.7493,5000.0,0.03656,-0.024742
SIM-LFP-51-01,118,0.7493,10000.0,0.036185,-0.026059
SIM-LFP-51-01,134,0.6991,10.0,0.03898,-0.012634
SIM-LFP-51-01,134,0.6991,20.0,0.040124,-0.015102
SIM-LFP-51-01,134,0.6991,50.0,0.039921,-0.016168
SIM-LFP-51-01,134,0.6991,100.0,0.039532,-0.015406
SIM-LFP-51-01,134,0.6991,200.0,0.040538,-0.020734
SIM-LFP-51-01,134,0.6991,500.0,0.0405,-0.020531
SIM-LFP-51-01,134,0.6991,1000.0,0.039951,-0.020315
SIM-LFP-51-01,134,0.6991,2000.0,0.040206,-0.025721
SIM-LFP-51-01,134,0.6991,5000.0,0.040232,-0.023686
SIM-LFP-51-01,134,0.6991,10000.0,0.0401,-0.026482
SIM-LFP-51-02,18,0.9488,10.0,0.024175,-0.012502
SIM-LFP-51-02,18,0.9488,20.0,0.023452,-0.014592
SIM-LFP-51-02,18,0.9488,50.0,0.023898,-0.013896
SIM-LFP-51-02,18,0.9488,100.0,0.023408,-0.017191
SIM-LFP-51-02,18,0.9488,200.0,0.023363,-0.016647
SIM-LFP-51-02,18,0.9488,500.0,0.023952,-0.01992
SIM-LFP-51-02,18,0.9488,1000.0,0.023625,-0.021092
SIM-LFP-51-02,18,0.9488,2000.0,0.023472,-0.021189
SIM-LFP-51-02,18,0.9488,5000.0,0.023495,-0.023915
SIM-LFP-51-02,18,0.9488,10000.0,0.023744,-0.02354
SIM-LFP-51-02,45,0.9006,10.0,0.026463,-0.012491
SIM-LFP-51-02,45,0.9006,20.0,0.026629,-0.013696
SIM-LFP-51-02,45,0.9006,50.0,0.026077,-0.014743
SIM-LFP-51-02,45,0.9006,100.0,0.026208,-0.015624
SIM-LFP-51-02,45,0.9006,200.0,0.026235,-0.016929
SIM-LFP-51-02,45,0.9006,500.0,0.026286,-0.02137
SIM-LFP-51-02,45,0.9006,1000.0,0.026266,-0.020499
SIM-LFP-51-02,45,0.9006,2000.0,0.026496,-0.022009
SIM-LFP-51-02,45,0.9006,5000.0,0.02629,-0.023103
SIM-LFP-51-02,45,0.9006,10000.0,0.02675,-0.023479
SIM-LFP-51-02,79,0.8497,10.0,0.030533,-0.013081
SIM-LFP-51-02,79,0.8497,20.0,0.029746,-0.013818
SIM-LFP-51-02,79,0.8497,50.0,0.030429,-0.014578
SIM-LFP-51-02,79,0.8497,100.0,0.030031,-0.015223
SIM-LFP-51-02,79,0.8497,200.0,0.030495,-0.019922
SIM-LFP-51-02,79,0.8497,500.0,0.030056,-0.02082
SIM-LFP-51-02,79,0.8497,1000.0,0.030246,-0.021914
SIM-LFP-51-02,79,0.8497,2000.0,0.030268,-0.021913
SIM-LFP-51-02,79,0.8497,5000.0,0.030125,-0.023676
SIM-LFP-51-02,79,0.8497,10000.0,0.030179,-0.022844
SIM-LFP-51-02,98,0.8004,10.0,0.033077,-0.012396
SIM-LFP-51-02,98,0.8004,20.0,0.033121,-0.013921
SIM-LFP-51-02,98,0.8004,50.0,0.032173,-0.015301
SIM-LFP-51-02,98,0.8004,100.0,0.03343,-0.017252
SIM-LFP-51-02,98,0.8004,200.0,0.03318,-0.019237
SIM-LFP-51-02,98,0.8004,500.0,0.033116,-0.021395
SIM-LFP-51-02,98,0.8004,1000.0,0.033013,-0.022344
SIM-LFP-51-02,98,0.8004,2000.0,0.032724,-0.0218
SIM-LFP-51-02,98,0.8004,5000.0,0.032166,-0.024111
SIM-LFP-51-02,98,0.8004,10000.0,0.033064,-0.02412
SIM-LFP-51-02,113,0.7502,10.0,0.035978,-0.014193
SIM-LFP-51-02,113,0.7502,20.0,0.036318,-0.017494
SIM-LFP-51-02,113,0.7502,50.0,0.035937,-0.016355
SIM-LFP-51-02,113,0.7502,100.0,0.036464,-0.016917
SIM-LFP-51-02,113,0.7502,200.0,0.037006,-0.018264
SIM-LFP-51-02,113,0.7502,500.0,0.036894,-0.01995
SIM-LFP-51-02,113,0.7502,1000.0,0.036003,-0.021204
SIM-LFP-51-02,113,0.7502,2000.0,0.037082,-0.022288
SIM-LFP-51-02,113,0.7502,5000.0,0.036409,-0.023715
SIM-LFP-51-02,113,0.7502,10000.0,0.036241,-0.025835
SIM-LFP-51-02,128,0.7007,10.0,0.041042,-0.013489
SIM-LFP-51-02,128,0.7007,20.0,0.040228,-0.013184
SIM-LFP-51-02,128,0.7007,50.0,0.039961,-0.016601
SIM-LFP-51-02,128,0.7007,100.0,0.040749,-0.016509
SIM-LFP-51-02,128,0.7007,200.0,0.03936,-0.018183
SIM-LFP-51-02,128,0.7007,500.0,0.041013,-0.018746
SIM-LFP-51-02,128,0.7007,1000.0,0.03939,-0.022983
SIM-LFP-51-02,128,0.7007,2000.0,0.040655,-0.023951
SIM-LFP-51-02,128,0.7007,5000.0,0.039958,-0.023421
SIM-LFP-51-02,128,0.7007,10000.0,0.04013,-0.026048
SIM-LFP-51-03,18,0.9498,10.0,0.022365,-0.014558
SIM-LFP-51-03,18,0.9498,20.0,0.022851,-0.013618
SIM-LFP-51-03,18,0.9498,50.0,0.022916,-0.01597
SIM-LFP-51-03,18,0.9498,100.0,0.022562,-0.014783
SIM-LFP-51-03,18,0.9498,200.0,0.022877,-0.017066
SIM-LFP-51-03,18,0.9498,500.0,0.022914,-0.017128
SIM-LFP-51-03,18,0.9498,1000.0,0.022804,-0.018586
SIM-LFP-51-03,18,0.9498,2000.0,0.022768,-0.019853
SIM-LFP-51-03,18,0.9498,5000.0,0.023138,-0.022251
SIM-LFP-51-03,18,0.9498,10000.0,0.022599,-0.02376
SIM-LFP-51-03,45,0.8998,10.0,0.026435,-0.013649
SIM-LFP-51-03,45,0.8998,20.0,0.026483,-0.012853
SIM-LFP-51-03,45,0.8998,50.0,0.02619,-0.015719
SIM-LFP-51-03,45,0.8998,100.0,0.025826,-0.017488
SIM-LFP-51-03,45,0.8998,200.0,0.026257,-0.017065
SIM-LFP-51-03,45,0.8998,500.0,0.026193,-0.020925
SIM-LFP-51-03,45,0.8998,1000.0,0.026333,-0.019529
SIM-LFP-51-03,45,0.8998,2000.0,0.026096,-0.021597
SIM-LFP-51-03,45,0.8998,5000.0,0.026081,-0.022778
SIM-LFP-51-03,45,0.8998,10000.0,0.026113,-0.026297
SIM-LFP-51-03,79,0.8505,10.0,0.030297,-0.013599
SIM-LFP-51-03,79,0.8505,20.0,0.029988,-0.014143
SIM-LFP-51-03,79,0.8505,50.0,0.030654,-0.013888
SIM-LFP-51-03,79,0.8505,100.0,0.030285,-0.019285
SIM-LFP-51-03,79,0.8505,200.0,0.029957,-0.0169
SIM-LFP-51-03,79,0.8505,500.0,0.030399,-0.019436
SIM-LFP-51-03,79,0.8505,1000.0,0.030681,-0.021297
SIM-LFP-51-03,79,0.8505,2000.0,0.030615,-0.022913
SIM-LFP-51-03,79,0.8505,5000.0,0.030123,-0.023843
SIM-LFP-51-03,79,0.8505,10000.0,0.030093,-0.025701
SIM-LFP-51-03,94,0.8008,10.0,0.032696,-0.013608
SIM-LFP-51-03,94,0.8008,20.0,0.033129,-0.012027
SIM-LFP-51-03,94,0.8008,50.0,0.032963,-0.015545
SIM-LFP-51-03,94,0.8008,100.0,0.033203,-0.015896
SIM-LFP-51-03,94,0.8008,200.0,0.032594,-0.018203
SIM-LFP-51-03,94,0.8008,500.0,0.0327,-0.020272
SIM-LFP-51-03,94,0.8008,1000.0,0.032977,-0.022151
SIM-LFP-51-03,94,0.8008,2000.0,0.032815,-0.022429
SIM-LFP-51-03,94,0.8008,5000.0,0.032775,-0.024546
SIM-LFP-51-03,94,0.8008,10000.0,0.032959,-0.024365
SIM-LFP-51-03,109,0.7496,10.0,0.034877,-0.012645
SIM-LFP-51-03,109,0.7496,20.0,0.035488,-0.015011
SIM-LFP-51-03,109,0.7496,50.0,0.034721,-0.016741
SIM-LFP-51-03,109,0.7496,100.0,0.035192,-0.016399
SIM-LFP-51-03,109,0.7496,200.0,0.035004,-0.017834
SIM-LFP-51-03,109,0.7496,500.0,0.035377,-0.018655
SIM-LFP-51-03,109,0.7496,1000.0,0.035101,-0.02286
SIM-LFP-51-03,109,0.7496,2000.0,0.03487,-0.024593
SIM-LFP-51-03,109,0.7496,5000.0,0.034828,-0.02349
SIM-LFP-51-03,109,0.7496,10000.0,0.034633,-0.026963
SIM-LFP-51-03,124,0.6995,10.0,0.038828,-0.013349
SIM-LFP-51-03,124,0.6995,20.0,0.039298,-0.014675
SIM-LFP-51-03,124,0.6995,50.0,0.038827,-0.014576
SIM-LFP-51-03,124,0.6995,100.0,0.038475,-0.019104
SIM-LFP-51-03,124,0.6995,200.0,0.039229,-0.018892
SIM-LFP-51-03,124,0.6995,500.0,0.03873,-0.022666
SIM-LFP-51-03,124,0.6995,1000.0,0.038522,-0.023651
SIM-LFP-51-03,124,0.6995,2000.0,0.038601,-0.022036
SIM-LFP-51-03,124,0.6995,5000.0,0.038896,-0.02482
SIM-LFP-51-03,124,0.6995,10000.0,0.039445,-0.027657
SIM-NCM-01-01,475,0.95,10.0,0.040906,-0.01227
SIM-NCM-01-01,475,0.95,20.0,0.041038,-0.012673
SIM-NCM-01-01,475,0.95,50.0,0.041261,-0.014128
SIM-NCM-01-01,475,0.95,100.0,0.040926,-0.017455
SIM-NCM-01-01,475,0.95,200.0,0.041922,-0.015533
SIM-NCM-01-01,475,0.95,500.0,0.042291,-0.018906
SIM-NCM-01-01,475,0.95,1000.0,0.041745,-0.018859
SIM-NCM-01-01,475,0.95,2000.0,0.041826,-0.020859
SIM-NCM-01-01,475,0.95,5000.0,0.041427,-0.023955
SIM-NCM-01-01,475,0.95,10000.0,0.041292,-0.023416
SIM-NCM-01-01,970,0.9,10.0,0.069499,-0.014392
SIM-NCM-01-01,970,0.9,20.0,0.070129,-0.013506
SIM-NCM-01-01,970,0.9,50.0,0.068932,-0.015929
SIM-NCM-01-01,970,0.9,100.0,0.068441,-0.016365
SIM-NCM-01-01,970,0.9,200.0,0.069671,-0.016651
SIM-NCM-01-01,970,0.9,500.0,0.069279,-0.020057
SIM-NCM-01-01,970,0.9,1000.0,0.069193,-0.020821
SIM-NCM-01-01,970,0.9,2000.0,0.069143,-0.022012
SIM-NCM-01-01,970,0.9,5000.0,0.069637,-0.021065
SIM-NCM-01-01,970,0.9,10000.0,0.069972,-0.02617
SIM-NCM-01-01,1465,0.85,10.0,0.09506,-0.011324
SIM-NCM-01-01,1465,0.85,20.0,0.096451,-0.012394
SIM-NCM-01-01,1465,0.85,50.0,0.09478,-0.01544
SIM-NCM-01-01,1465,0.85,100.0,0.095608,-0.017874
SIM-NCM-01-01,1465,0.85,200.0,0.094983,-0.017772
SIM-NCM-01-01,1465,0.85,500.0,0.093533,-0.018129
SIM-NCM-01-01,1465,0.85,1000.0,0.095747,-0.023138
SIM-NCM-01-01,1465,0.85,2000.0,0.095074,-0.022107
SIM-NCM-01-01,1465,0.85,5000.0,0.094403,-0.022375
SIM-NCM-01-01,1465,0.85,10000.0,0.0935,-0.024848
SIM-NCM-01-01,1740,0.7999,10.0,0.125391,-0.011667
SIM-NCM-01-01,1740,0.7999,20.0,0.124657,-0.014021
SIM-NCM-01-01,1740,0.7999,50.0,0.122815,-0.015618
SIM-NCM-01-01,1740,0.7999,100.0,0.123541,-0.016639
SIM-NCM-01-01,1740,0.7999,200.0,0.12486,-0.018913
SIM-NCM-01-01,1740,0.7999,500.0,0.123181,-0.01883
SIM-NCM-01-01,1740,0.7999,1000.0,0.12377,-0.022847
SIM-NCM-01-01,1740,0.7999,2000.0,0.120734,-0.022062
SIM-NCM-01-01,1740,0.7999,5000.0,0.124448,-0.023393
SIM-NCM-01-01,1740,0.7999,10000.0,0.123174,-0.027449
SIM-NCM-01-01,1967,0.7497,10.0,0.150047,-0.015087
SIM-NCM-01-01,1967,0.7497,20.0,0.148093,-0.014432
SIM-NCM-01-01,1967,0.7497,50.0,0.150679,-0.015079
SIM-NCM-01-01,1967,0.7497,100.0,0.151081,-0.017468
SIM-NCM-01-01,1967,0.7497,200.0,0.150631,-0.018011
SIM-NCM-01-01,1967,0.7497,500.0,0.149479,-0.019504
SIM-NCM-01-01,1967,0.7497,1000.0,0.149221,-0.019079
SIM-NCM-01-01,1967,0.7497,2000.0,0.148607,-0.021735
SIM-NCM-01-01,1967,0.7497,5000.0,0.14561,-0.024364
SIM-NCM-01-01,1967,0.7497,10000.0,0.149272,-0.024638
SIM-NCM-01-01,2189,0.7,10.0,0.177108,-0.013713
SIM-NCM-01-01,2189,0.7,20.0,0.169925,-0.014953
SIM-NCM-01-01,2189,0.7,50.0,0.175945,-0.015177
SIM-NCM-01-01,2189,0.7,100.0,0.173238,-0.017772
SIM-NCM-01-01,2189,0.7,200.0,0.173666,-0.0174
SIM-NCM-01-01,2189,0.7,500.0,0.174845,-0.020333
SIM-NCM-01-01,2189,0.7,1000.0,0.174916,-0.02132
SIM-NCM-01-01,2189,0.7,2000.0,0.174339,-0.023219
SIM-NCM-01-01,2189,0.7,5000.0,0.17527,-0.024998
SIM-NCM-01-01,2189,0.7,10000.0,0.178025,-0.025915
SIM-NCM-01-02,466,0.95,10.0,0.041483,-0.01261
SIM-NCM-01-02,466,0.95,20.0,0.04157,-0.01379
SIM-NCM-01-02,466,0.95,50.0,0.041378,-0.014117
SIM-NCM-01-02,466,0.95,100.0,0.0415,-0.016748
SIM-NCM-01-02,466,0.95,200.0,0.04191,-0.019011
SIM-NCM-01-02,466,0.95,500.0,0.041499,-0.018826
SIM-NCM-01-02,466,0.95,1000.0,0.041265,-0.019146
SIM-NCM-01-02,466,0.95,2000.0,0.041245,-0.021493
SIM-NCM-01-02,466,0.95,5000.0,0.041144,-0.022732
SIM-NCM-01-02,466,0.95,10000.0,0.041825,-0.024384
SIM-NCM-01-02,960,0.9,10.0,0.069375,-0.013593
SIM-NCM-01-02,960,0.9,20.0,0.068945,-0.014822
SIM-NCM-01-02,960,0.9,50.0,0.067789,-0.013675
SIM-NCM-01-02,960,0.9,100.0,0.069118,-0.015577
SIM-NCM-01-02,960,0.9,200.0,0.067689,-0.017734
SIM-NCM-01-02,960,0.9,500.0,0.068885,-0.020471
SIM-NCM-01-02,960,0.9,1000.0,0.067571,-0.019007
SIM-NCM-01-02,960,0.9,2000.0,0.068823,-0.023822
SIM-NCM-01-02,960,0.9,5000.0,0.067603,-0.024612
SIM-NCM-01-02,960,0.9,10000.0,0.067485,-0.022946
SIM-NCM-01-02,1456,0.85,10.0,0.092953,-0.010158
SIM-NCM-01-02,1456,0.85,20.0,0.092944,-0.016465
SIM-NCM-01-02,1456,0.85,50.0,0.094034,-0.013213
SIM-NCM-01-02,1456,0.85,100.0,0.092771,-0.016746
SIM-NCM-01-02,1456,0.85,200.0,0.093858,-0.017904
SIM-NCM-01-02,1456,0.85,500.0,0.094366,-0.021784
SIM-NCM-01-02,1456,0.85,1000.0,0.093038,-0.018812
SIM-NCM-01-02,1456,0.85,2000.0,0.092248,-0.023341
SIM-NCM-01-02,1456,0.85,5000.0,0.09295,-0.024493
SIM-NCM-01-02,1456,0.85,10000.0,0.093249,-0.024638
SIM-NCM-01-02,1836,0.8,10.0,0.124679,-0.013366
SIM-NCM-01-02,1836,0.8,20.0,0.121249,-0.016084
SIM-NCM-01-02,1836,0.8,50.0,0.124804,-0.014428
SIM-NCM-01-02,1836,0.8,100.0,0.125242,-0.017801
SIM-NCM-01-02,1836,0.8,200.0,0.124072,-0.018539
SIM-NCM-01-02,1836,0.8,500.0,0.123925,-0.020141
SIM-NCM-01-02,1836,0.8,1000.0,0.124615,-0.02189
SIM-NCM-01-02,1836,0.8,2000.0,0.122799,-0.023656
SIM-NCM-01-02,1836,0.8,5000.0,0.124248,-0.023435
SIM-NCM-01-02,1836,0.8,10000.0,0.126019,-0.025269
SIM-NCM-01-02,2061,0.75,10.0,0.145692,-0.012658
SIM-NCM-01-02,2061,0.75,20.0,0.142504,-0.015236
SIM-NCM-01-02,2061,0.75,50.0,0.144248,-0.017194
SIM-NCM-01-02,2061,0.75,100.0,0.146993,-0.016897
SIM-NCM-01-02,2061,0.75,200.0,0.142156,-0.018751
SIM-NCM-01-02,2061,0.75,500.0,0.143742,-0.020141
SIM-NCM-01-02,2061,0.75,1000.0,0.145075,-0.02069
SIM-NCM-01-02,2061,0.75,2000.0,0.141585,-0.021245
SIM-NCM-01-02,2061,0.75,5000.0,0.144647,-0.022418
SIM-NCM-01-02,2061,0.75,10000.0,0.14674,-0.024888
SIM-NCM-01-02,2286,0.7003,10.0,0.170742,-0.014151
SIM-NCM-01-02,2286,0.7003,20.0,0.170533,-0.014016
SIM-NCM-01-02,2286,0.7003,50.0,0.172376,-0.017482
SIM-NCM-01-02,2286,0.7003,100.0,0.173203,-0.015578
SIM-NCM-01-02,2286,0.7003,200.0,0.173037,-0.019037
SIM-NCM-01-02,2286,0.7003,500.0,0.170327,-0.021702
SIM-NCM-01-02,2286,0.7003,1000.0,0.172087,-0.021356
SIM-NCM-01-02,2286,0.7003,2000.0,0.171492,-0.022711
SIM-NCM-01-02,2286,0.7003,5000.0,0.169104,-0.023761
SIM-NCM-01-02,2286,0.7003,10000.0,0.173066,-0.027072
SIM-NCM-01-03,477,0.9499,10.0,0.042134,-0.011237
SIM-NCM-01-03,477,0.9499,20.0,0.041193,-0.012137
SIM-NCM-01-03,477,0.9499,50.0,0.042134,-0.015135
SIM-NCM-01-03,477,0.9499,100.0,0.041595,-0.014618
SIM-NCM-01-03,477,0.9499,200.0,0.041627,-0.016296
SIM-NCM-01-03,477,0.9499,500.0,0.042138,-0.0199
SIM-NCM-01-03,477,0.9499,1000.0,0.041891,-0.019187
SIM-NCM-01-03,477,0.9499,2000.0,0.042304,-0.023554
SIM-NCM-01-03,477,0.9499,5000.0,0.041197,-0.023379
SIM-NCM-01-03,477,0.9499,10000.0,0.041866,-0.023077
SIM-NCM-01-03,959,0.9,10.0,0.065927,-0.012966
SIM-NCM-01-03,959,0.9,20.0,0.066125,-0.014543
SIM-NCM-01-03,959,0.9,50.0,0.067074,-0.01444
SIM-NCM-01-03,959,0.9,100.0,0.066322,-0.016862
SIM-NCM-01-03,959,0.9,200.0,0.066131,-0.018058
SIM-NCM-01-03,959,0.9,500.0,0.065465,-0.019552
SIM-NCM-01-03,959,0.9,1000.0,0.066097,-0.020417
SIM-NCM-01-03,959,0.9,2000.0,0.065929,-0.019459
SIM-NCM-01-03,959,0.9,5000.0,0.066078,-0.022214
SIM-NCM-01-03,959,0.9,10000.0,0.066719,-0.024633
SIM-NCM-01-03,1462,0.85,10.0,0.094387,-0.010245
SIM-NCM-01-03,1462,0.85,20.0,0.094763,-0.011971
SIM-NCM-01-03,1462,0.85,50.0,0.095956,-0.015903
SIM-NCM-01-03,1462,0.85,100.0,0.093527,-0.017239
SIM-NCM-01-03,1462,0.85,200.0,0.094237,-0.017933
SIM-NCM-01-03,1462,0.85,500.0,0.093104,-0.019378
SIM-NCM-01-03,1462,0.85,1000.0,0.094548,-0.020577
SIM-NCM-01-03,1462,0.85,2000.0,0.094352,-0.021162
SIM-NCM-01-03,1462,0.85,5000.0,0.092488,-0.0244
SIM-NCM-01-03,1462,0.85,10000.0,0.093567,-0.024864
SIM-NCM-01-03,1793,0.8001,10.0,0.122104,-0.011814
SIM-NCM-01-03,1793,0.8001,20.0,0.119542,-0.014147
SIM-NCM-01-03,1793,0.8001,50.0,0.120805,-0.016086
SIM-NCM-01-03,1793,0.8001,100.0,0.121611,-0.017768
SIM-NCM-01-03,1793,0.8001,200.0,0.12228,-0.01859
SIM-NCM-01-03,1793,0.8001,500.0,0.121659,-0.019837
SIM-NCM-01-03,1793,0.8001,1000.0,0.121885,-0.02248
SIM-NCM-01-03,1793,0.8001,2000.0,0.121485,-0.023243
SIM-NCM-01-03,1793,0.8001,5000.0,0.123498,-0.024406
SIM-NCM-01-03,1793,0.8001,10000.0,0.122077,-0.024985
SIM-NCM-01-03,2023,0.75,10.0,0.150984,-0.012877
SIM-NCM-01-03,2023,0.75,20.0,0.149002,-0.015327
SIM-NCM-01-03,2023,0.75,50.0,0.155938,-0.016107
SIM-NCM-01-03,2023,0.75,100.0,0.149582,-0.017973
SIM-NCM-01-03,2023,0.75,200.0,0.154425,-0.016836
SIM-NCM-01-03,2023,0.75,500.0,0.152395,-0.02251
SIM-NCM-01-03,2023,0.75,1000.0,0.153555,-0.022779
SIM-NCM-01-03,2023,0.75,2000.0,0.152313,-0.023271
SIM-NCM-01-03,2023,0.75,5000.0,0.150492,-0.024171
SIM-NCM-01-03,2023,0.75,10000.0,0.151837,-0.025102
SIM-NCM-01-03,2243,0.7003,10.0,0.171917,-0.014288
SIM-NCM-01-03,2243,0.7003,20.0,0.175091,-0.014915
SIM-NCM-01-03,2243,0.7003,50.0,0.176429,-0.01695
SIM-NCM-01-03,2243,0.7003,100.0,0.17441,-0.017735
SIM-NCM-01-03,2243,0.7003,200.0,0.17513,-0.01955
SIM-NCM-01-03,2243,0.7003,500.0,0.174098,-0.020403
SIM-NCM-01-03,2243,0.7003,1000.0,0.176018,-0.022198
SIM-NCM-01-03,2243,0.7003,2000.0,0.17516,-0.023694
SIM-NCM-01-03,2243,0.7003,5000.0,0.172265,-0.024101
SIM-NCM-01-03,2243,0.7003,10000.0,0.176343,-0.027162
SIM-NCM-02-01,345,0.9498,10.0,0.050295,-0.01111
SIM-NCM-02-01,345,0.9498,20.0,0.050483,-0.014691
SIM-NCM-02-01,345,0.9498,50.0,0.050928,-0.013235
SIM-NCM-02-01,345,0.9498,100.0,0.051419,-0.015679
SIM-NCM-02-01,345,0.9498,200.0,0.051934,-0.017054
SIM-NCM-02-01,345,0.9498,500.0,0.050995,-0.020114
SIM-NCM-02-01,345,0.9498,1000.0,0.051179,-0.022772
SIM-NCM-02-01,345,0.9498,2000.0,0.051611,-0.021744
SIM-NCM-02-01,345,0.9498,5000.0,0.050372,-0.022514
SIM-NCM-02-01,345,0.9498,10000.0,0.050947,-0.025491
SIM-NCM-02-01,722,0.8999,10.0,0.089089,-0.011298
SIM-NCM-02-01,722,0.8999,20.0,0.0881,-0.013048
SIM-NCM-02-01,722,0.8999,50.0,0.088643,-0.015994
SIM-NCM-02-01,722,0.8999,100.0,0.08914,-0.016778
SIM-NCM-02-01,722,0.8999,200.0,0.088591,-0.017392
SIM-NCM-02-01,722,0.8999,500.0,0.089464,-0.017683
SIM-NCM-02-01,722,0.8999,1000.0,0.088325,-0.02082
SIM-NCM-02-01,722,0.8999,2000.0,0.088653,-0.02173
SIM-NCM-02-01,722,0.8999,5000.0,0.089521,-0.023371
SIM-NCM-02-01,722,0.8999,10000.0,0.087828,-0.023895
SIM-NCM-02-01,1080,0.8502,10.0,0.128096,-0.011945
SIM-NCM-02-01,1080,0.8502,20.0,0.129465,-0.014618
SIM-NCM-02-01,1080,0.8502,50.0,0.127525,-0.014519
SIM-NCM-02-01,1080,0.8502,100.0,0.129256,-0.016558
SIM-NCM-02-01,1080,0.8502,200.0,0.130262,-0.018279
SIM-NCM-02-01,1080,0.8502,500.0,0.129093,-0.019085
SIM-NCM-02-01,1080,0.8502,1000.0,0.130153,-0.020359
SIM-NCM-02-01,1080,0.8502,2000.0,0.127177,-0.023669
SIM-NCM-02-01,1080,0.8502,5000.0,0.130297,-0.023819
SIM-NCM-02-01,1080,0.8502,10000.0,0.130061,-0.023835
SIM-NCM-02-01,1351,0.8,10.0,0.159749,-0.012509
SIM-NCM-02-01,1351,0.8,20.0,0.159832,-0.014295
SIM-NCM-02-01,1351,0.8,50.0,0.161634,-0.016241
SIM-NCM-02-01,1351,0.8,100.0,0.160728,-0.015389
SIM-NCM-02-01,1351,0.8,200.0,0.160208,-0.019323
SIM-NCM-02-01,1351,0.8,500.0,0.15913,-0.020211
SIM-NCM-02-01,1351,0.8,1000.0,0.158723,-0.02276
SIM-NCM-02-01,1351,0.8,2000.0,0.158667,-0.023644
SIM-NCM-02-01,1351,0.8,5000.0,0.160236,-0.024516
SIM-NCM-02-01,1351,0.8,10000.0,0.159244,-0.024781
SIM-NCM-02-01,1516,0.7498,10.0,0.206228,-0.012001
SIM-NCM-02-01,1516,0.7498,20.0,0.204414,-0.014612
SIM-NCM-02-01,1516,0.7498,50.0,0.203968,-0.015274
SIM-NCM-02-01,1516,0.7498,100.0,0.20788,-0.017581
SIM-NCM-02-01,1516,0.7498,200.0,0.203869,-0.019282
SIM-NCM-02-01,1516,0.7498,500.0,0.207724,-0.019048
SIM-NCM-02-01,1516,0.7498,1000.0,0.207844,-0.021933
SIM-NCM-02-01,1516,0.7498,2000.0,0.201845,-0.021602
SIM-NCM-02-01,1516,0.7498,5000.0,0.205457,-0.024724
SIM-NCM-02-01,1516,0.7498,10000.0,0.206622,-0.027257
SIM-NCM-02-01,1682,0.7,10.0,0.22613,-0.012418
SIM-NCM-02-01,1682,0.7,20.0,0.222891,-0.015711
SIM-NCM-02-01,1682,0.7,50.0,0.226541,-0.014424
SIM-NCM-02-01,1682,0.7,100.0,0.226573,-0.017276
SIM-NCM-02-01,1682,0.7,200.0,0.222693,-0.017905
SIM-NCM-02-01,1682,0.7,500.0,0.22487,-0.01769
SIM-NCM-02-01,1682,0.7,1000.0,0.227229,-0.023297
SIM-NCM-02-01,1682,0.7,2000.0,0.224876,-0.022431
SIM-NCM-02-01,1682,0.7,5000.0,0.22325,-0.025262
SIM-NCM-02-01,1682,0.7,10000.0,0.225154,-0.026088
SIM-NCM-02-02,353,0.95,10.0,0.053363,-0.013103
SIM-NCM-02-02,353,0.95,20.0,0.052898,-0.013915
SIM-NCM-02-02,353,0.95,50.0,0.05369,-0.014906
SIM-NCM-02-02,353,0.95,100.0,0.052624,-0.015928
SIM-NCM-02-02,353,0.95,200.0,0.05298,-0.016208
SIM-NCM-02-02,353,0.95,500.0,0.05291,-0.01892
SIM-NCM-02-02,353,0.95,1000.0,0.053315,-0.019841
SIM-NCM-02-02,353,0.95,2000.0,0.052357,-0.022491
SIM-NCM-02-02,353,0.95,5000.0,0.053112,-0.022803
SIM-NCM-02-02,353,0.95,10000.0,0.053328,-0.025258
SIM-NCM-02-02,708,0.9001,10.0,0.08792,-0.012448
SIM-NCM-02-02,708,0.9001,20.0,0.088152,-0.012256
SIM-NCM-02-02,708,0.9001,50.0,0.0875,-0.016343
SIM-NCM-02-02,708,0.9001,100.0,0.088047,-0.017723
SIM-NCM-02-02,708,0.9001,200.0,0.087997,-0.017344
SIM-NCM-02-02,708,0.9001,500.0,0.088948,-0.018118
SIM-NCM-02-02,708,0.9001,1000.0,0.087474,-0.019953
SIM-NCM-02-02,708,0.9001,2000.0,0.08566,-0.021561
SIM-NCM-02-02,708,0.9001,5000.0,0.08868,-0.022792
SIM-NCM-02-02,708,0.9001,10000.0,0.08765,-0.023652
SIM-NCM-02-02,1084,0.85,10.0,0.12772,-0.013655
SIM-NCM-02-02,1084,0.85,20.0,0.129304,-0.011055
SIM-NCM-02-02,1084,0.85,50.0,0.128182,-0.015356
SIM-NCM-02-02,1084,0.85,100.0,0.129174,-0.015313
SIM-NCM-02-02,1084,0.85,200.0,0.131008,-0.017523
SIM-NCM-02-02,1084,0.85,500.0,0.127498,-0.018612
SIM-NCM-02-02,1084,0.85,1000.0,0.128683,-0.021007
SIM-NCM-02-02,1084,0.85,2000.0,0.130539,-0.022797
SIM-NCM-02-02,1084,0.85,5000.0,0.128941,-0.023608
SIM-NCM-02-02,1084,0.85,10000.0,0.129802,-0.026164
SIM-NCM-02-02,1292,0.8001,10.0,0.167898,-0.012274
SIM-NCM-02-02,1292,0.8001,20.0,0.166284,-0.013214
SIM-NCM-02-02,1292,0.8001,50.0,0.163463,-0.016136
SIM-NCM-02-02,1292,0.8001,100.0,0.164973,-0.018106
SIM-NCM-02-02,1292,0.8001,200.0,0.165743,-0.019839
SIM-NCM-02-02,1292,0.8001,500.0,0.168511,-0.020698
SIM-NCM-02-02,1292,0.8001,1000.0,0.16945,-0.022462
SIM-NCM-02-02,1292,0.8001,2000.0,0.169722,-0.022091
SIM-NCM-02-02,1292,0.8001,5000.0,0.165778,-0.025369
SIM-NCM-02-02,1292,0.8001,10000.0,0.167349,-0.02678
SIM-NCM-02-02,1463,0.7501,10.0,0.186754,-0.011964
SIM-NCM-02-02,1463,0.7501,20.0,0.191196,-0.013051
SIM-NCM-02-02,1463,0.7501,50.0,0.192096,-0.015817
SIM-NCM-02-02,1463,0.7501,100.0,0.191359,-0.0155
SIM-NCM-02-02,1463,0.7501,200.0,0.189919,-0.019418
SIM-NCM-02-02,1463,0.7501,500.0,0.191961,-0.019035
SIM-NCM-02-02,1463,0.7501,1000.0,0.191625,-0.020914
SIM-NCM-02-02,1463,0.7501,2000.0,0.191429,-0.025473
SIM-NCM-02-02,1463,0.7501,5000.0,0.192326,-0.023434
SIM-NCM-02-02,1463,0.7501,10000.0,0.189719,-0.026375
SIM-NCM-02-02,1620,0.7,10.0,0.238743,-0.014098
SIM-NCM-02-02,1620,0.7,20.0,0.238136,-0.013716
SIM-NCM-02-02,1620,0.7,50.0,0.237717,-0.01773
SIM-NCM-02-02,1620,0.7,100.0,0.233659,-0.017507
SIM-NCM-02-02,1620,0.7,200.0,0.238487,-0.018643
SIM-NCM-02-02,1620,0.7,500.0,0.23794,-0.018291
SIM-NCM-02-02,1620,0.7,1000.0,0.238076,-0.023233
SIM-NCM-02-02,1620,0.7,2000.0,0.23572,-0.022086
SIM-NCM-02-02,1620,0.7,5000.0,0.238254,-0.023487
SIM-NCM-02-02,1620,0.7,10000.0,0.240706,-0.027269
SIM-NCM-02-03,343,0.9502,10.0,0.049405,-0.012373
SIM-NCM-02-03,343,0.9502,20.0,0.049698,-0.014626
SIM-NCM-02-03,343,0.9502,50.0,0.048468,-0.01473
SIM-NCM-02-03,343,0.9502,100.0,0.048643,-0.016312
SIM-NCM-02-03,343,0.9502,200.0,0.050164,-0.016784
SIM-NCM-02-03,343,0.9502,500.0,0.049343,-0.019665
SIM-NCM-02-03,343,0.9502,1000.0,0.049321,-0.021234
SIM-NCM-02-03,343,0.9502,2000.0,0.049504,-0.021134
SIM-NCM-02-03,343,0.9502,5000.0,0.049273,-0.023296
SIM-NCM-02-03,343,0.9502,10000.0,0.048696,-0.024242
SIM-NCM-02-03,718,0.9,10.0,0.087447,-0.012098
SIM-NCM-02-03,718,0.9,20.0,0.086516,-0.013712
SIM-NCM-02-03,718,0.9,50.0,0.087652,-0.01448
SIM-NCM-02-03,718,0.9,100.0,0.086494,-0.014608
SIM-NCM-02-03,718,0.9,200.0,0.086832,-0.016525
SIM-NCM-02-03,718,0.9,500.0,0.088143,-0.019008
SIM-NCM-02-03,718,0.9,1000.0,0.086845,-0.020652
SIM-NCM-02-03,718,0.9,2000.0,0.087161,-0.022095
SIM-NCM-02-03,718,0.9,5000.0,0.087656,-0.023594
SIM-NCM-02-03,718,0.9,10000.0,0.087875,-0.025151
SIM-NCM-02-03,1081,0.8498,10.0,0.124927,-0.013384
SIM-NCM-02-03,1081,0.8498,20.0,0.128046,-0.013529
SIM-NCM-02-03,1081,0.8498,50.0,0.126394,-0.01554
SIM-NCM-02-03,1081,0.8498,100.0,0.127128,-0.01547
SIM-NCM-02-03,1081,0.8498,200.0,0.126215,-0.017732
SIM-NCM-02-03,1081,0.8498,500.0,0.126812,-0.01987
SIM-NCM-02-03,1081,0.8498,1000.0,0.125806,-0.019453
SIM-NCM-02-03,1081,0.8498,2000.0,0.126596,-0.023052
SIM-NCM-02-03,1081,0.8498,5000.0,0.127895,-0.024947
SIM-NCM-02-03,1081,0.8498,10000.0,0.126434,-0.025708
SIM-NCM-02-03,1366,0.8002,10.0,0.165966,-0.010691
SIM-NCM-02-03,1366,0.8002,20.0,0.164034,-0.01463
SIM-NCM-02-03,1366,0.8002,50.0,0.164899,-0.01465
SIM-NCM-02-03,1366,0.8002,100.0,0.167534,-0.017429
SIM-NCM-02-03,1366,0.8002,200.0,0.162599,-0.019089
SIM-NCM-02-03,1366,0.8002,500.0,0.163696,-0.020499
SIM-NCM-02-03,1366,0.8002,1000.0,0.163744,-0.021315
SIM-NCM-02-03,1366,0.8002,2000.0,0.165661,-0.024696
SIM-NCM-02-03,1366,0.8002,5000.0,0.163084,-0.023224
SIM-NCM-02-03,1366,0.8002,10000.0,0.162677,-0.025091
SIM-NCM-02-03,1531,0.7504,10.0,0.197369,-0.013358
SIM-NCM-02-03,1531,0.7504,20.0,0.199417,-0.013525
SIM-NCM-02-03,1531,0.7504,50.0,0.197688,-0.016252
SIM-NCM-02-03,1531,0.7504,100.0,0.20168,-0.017831
SIM-NCM-02-03,1531,0.7504,200.0,0.197422,-0.017339
SIM-NCM-02-03,1531,0.7504,500.0,0.195494,-0.019713
SIM-NCM-02-03,1531,0.7504,1000.0,0.199816,-0.023188
SIM-NCM-02-03,1531,0.7504,2000.0,0.201024,-0.023261
SIM-NCM-02-03,1531,0.7504,5000.0,0.199841,-0.024211
SIM-NCM-02-03,1531,0.7504,10000.0,0.197273,-0.024978
SIM-NCM-02-03,1700,0.7003,10.0,0.233023,-0.012314
SIM-NCM-02-03,1700,0.7003,20.0,0.237113,-0.014289
SIM-NCM-02-03,1700,0.7003,50.0,0.237716,-0.013995
SIM-NCM-02-03,1700,0.7003,100.0,0.237306,-0.015461
SIM-NCM-02-03,1700,0.7003,200.0,0.236419,-0.017895
SIM-NCM-02-03,1700,0.7003,500.0,0.231936,-0.019532
SIM-NCM-02-03,1700,0.7003,1000.0,0.233341,-0.022611
SIM-NCM-02-03,1700,0.7003,2000.0,0.234284,-0.023705
SIM-NCM-02-03,1700,0.7003,5000.0,0.238935,-0.024847
SIM-NCM-02-03,1700,0.7003,10000.0,0.235762,-0.025827
SIM-NCM-03-01,263,0.95,10.0,0.061525,-0.012371
SIM-NCM-03-01,263,0.95,20.0,0.063081,-0.013889
SIM-NCM-03-01,263,0.95,50.0,0.062711,-0.013529
SIM-NCM-03-01,263,0.95,100.0,0.061626,-0.017281
SIM-NCM-03-01,263,0.95,200.0,0.061845,-0.017031
SIM-NCM-03-01,263,0.95,500.0,0.062419,-0.020054
SIM-NCM-03-01,263,0.95,1000.0,0.061775,-0.019501
SIM-NCM-03-01,263,0.95,2000.0,0.062406,-0.020111
SIM-NCM-03-01,263,0.95,5000.0,0.061722,-0.022243
SIM-NCM-03-01,263,0.95,10000.0,0.061222,-0.024409
SIM-NCM-03-01,550,0.9,10.0,0.110064,-0.01371
SIM-NCM-03-01,550,0.9,20.0,0.109691,-0.01433
SIM-NCM-03-01,550,0.9,50.0,0.108131,-0.015368
SIM-NCM-03-01,550,0.9,100.0,0.109522,-0.017498
SIM-NCM-03-01,550,0.9,200.0,0.109565,-0.017087
SIM-NCM-03-01,550,0.9,500.0,0.108371,-0.019219
SIM-NCM-03-01,550,0.9,1000.0,0.109343,-0.020832
SIM-NCM-03-01,550,0.9,2000.0,0.107263,-0.020875
SIM-NCM-03-01,550,0.9,5000.0,0.109334,-0.022847
SIM-NCM-03-01,550,0.9,10000.0,0.109646,-0.024995
SIM-NCM-03-01,836,0.8501,10.0,0.1545,-0.012425
SIM-NCM-03-01,836,0.8501,20.0,0.152103,-0.013433
SIM-NCM-03-01,836,0.8501,50.0,0.15243,-0.013882
SIM-NCM-03-01,836,0.8501,100.0,0.153067,-0.017105
SIM-NCM-03-01,836,0.8501,200.0,0.150743,-0.018973
SIM-NCM-03-01,836,0.8501,500.0,0.152457,-0.019663
SIM-NCM-03-01,836,0.8501,1000.0,0.149798,-0.020144
SIM-NCM-03-01,836,0.8501,2000.0,0.153542,-0.022307
SIM-NCM-03-01,836,0.8501,5000.0,0.152898,-0.022676
SIM-NCM-03-01,836,0.8501,10000.0,0.152722,-0.024233
SIM-NCM-03-01,1037,0.8002,10.0,0.204558,-0.012555
SIM-NCM-03-01,1037,0.8002,20.0,0.201284,-0.013404
SIM-NCM-03-01,1037,0.8002,50.0,0.202556,-0.014242
SIM-NCM-03-01,1037,0.8002,100.0,0.203297,-0.016761
SIM-NCM-03-01,1037,0.8002,200.0,0.20219,-0.018264
SIM-NCM-03-01,1037,0.8002,500.0,0.201071,-0.019104
SIM-NCM-03-01,1037,0.8002,1000.0,0.204119,-0.019894
SIM-NCM-03-01,1037,0.8002,2000.0,0.203993,-0.02187
SIM-NCM-03-01,1037,0.8002,5000.0,0.204981,-0.023985
SIM-NCM-03-01,1037,0.8002,10000.0,0.206438,-0.026495
SIM-NCM-03-01,1163,0.7501,10.0,0.240015,-0.012023
SIM-NCM-03-01,1163,0.7501,20.0,0.241417,-0.013378
SIM-NCM-03-01,1163,0.7501,50.0,0.243831,-0.016335
SIM-NCM-03-01,1163,0.7501,100.0,0.246601,-0.015671
SIM-NCM-03-01,1163,0.7501,200.0,0.234647,-0.018293
SIM-NCM-03-01,1163,0.7501,500.0,0.250034,-0.0211
SIM-NCM-03-01,1163,0.7501,1000.0,0.24254,-0.020118
SIM-NCM-03-01,1163,0.7501,2000.0,0.246775,-0.02338
SIM-NCM-03-01,1163,0.7501,5000.0,0.241523,-0.025404
SIM-NCM-03-01,1163,0.7501,10000.0,0.241687,-0.02757
SIM-NCM-03-01,1294,0.7001,10.0,0.28168,-0.012782
SIM-NCM-03-01,1294,0.7001,20.0,0.283345,-0.014216
SIM-NCM-03-01,1294,0.7001,50.0,0.279949,-0.015106
SIM-NCM-03-01,1294,0.7001,100.0,0.283057,-0.018527
SIM-NCM-03-01,1294,0.7001,200.0,0.280844,-0.019015
SIM-NCM-03-01,1294,0.7001,500.0,0.287335,-0.022541
SIM-NCM-03-01,1294,0.7001,1000.0,0.283559,-0.022799
SIM-NCM-03-01,1294,0.7001,2000.0,0.28119,-0.021931
SIM-NCM-03-01,1294,0.7001,5000.0,0.282101,-0.025693
SIM-NCM-03-01,1294,0.7001,10000.0,0.286597,-0.026391
SIM-NCM-03-02,263,0.95,10.0,0.061277,-0.011759
SIM-NCM-03-02,263,0.95,20.0,0.060333,-0.012589
SIM-NCM-03-02,263,0.95,50.0,0.06197,-0.012496
SIM-NCM-03-02,263,0.95,100.0,0.060814,-0.014871
SIM-NCM-03-02,263,0.95,200.0,0.060489,-0.017734
SIM-NCM-03-02,263,0.95,500.0,0.060622,-0.016944
SIM-NCM-03-02,263,0.95,1000.0,0.061292,-0.021146
SIM-NCM-03-02,263,0.95,2000.0,0.060848,-0.023282
SIM-NCM-03-02,263,0.95,5000.0,0.06159,-0.023543
SIM-NCM-03-02,263,0.95,10000.0,0.061089,-0.024277
SIM-NCM-03-02,545,0.9,10.0,0.111014,-0.011889
SIM-NCM-03-02,545,0.9,20.0,0.110421,-0.012222
SIM-NCM-03-02,545,0.9,50.0,0.110243,-0.016264
SIM-NCM-03-02,545,0.9,100.0,0.110682,-0.016621
SIM-NCM-03-02,545,0.9,200.0,0.111333,-0.017557
SIM-NCM-03-02,545,0.9,500.0,0.110645,-0.018229
SIM-NCM-03-02,545,0.9,1000.0,0.11128,-0.021086
SIM-NCM-03-02,545,0.9,2000.0,0.109497,-0.022786
SIM-NCM-03-02,545,0.9,5000.0,0.112427,-0.024201
SIM-NCM-03-02,545,0.9,10000.0,0.10935,-0.024109
SIM-NCM-03-02,829,0.8499,10.0,0.15655,-0.012683
SIM-NCM-03-02,829,0.8499,20.0,0.153184,-0.012334
SIM-NCM-03-02,829,0.8499,50.0,0.15313,-0.014427
SIM-NCM-03-02,829,0.8499,100.0,0.155725,-0.01595
SIM-NCM-03-02,829,0.8499,200.0,0.154826,-0.018149
SIM-NCM-03-02,829,0.8499,500.0,0.154109,-0.020785
SIM-NCM-03-02,829,0.8499,1000.0,0.154499,-0.020208
SIM-NCM-03-02,829,0.8499,2000.0,0.155466,-0.020939
SIM-NCM-03-02,829,0.8499,5000.0,0.153104,-0.02378
SIM-NCM-03-02,829,0.8499,10000.0,0.153955,-0.024014
SIM-NCM-03-02,1003,0.8002,10.0,0.207292,-0.01366
SIM-NCM-03-02,1003,0.8002,20.0,0.209481,-0.014052
SIM-NCM-03-02,1003,0.8002,50.0,0.206644,-0.017941
SIM-NCM-03-02,1003,0.8002,100.0,0.206817,-0.01745
SIM-NCM-03-02,1003,0.8002,200.0,0.207741,-0.020229
SIM-NCM-03-02,1003,0.8002,500.0,0.208802,-0.019814
SIM-NCM-03-02,1003,0.8002,1000.0,0.207312,-0.02101
SIM-NCM-03-02,1003,0.8002,2000.0,0.20482,-0.022092
SIM-NCM-03-02,1003,0.8002,5000.0,0.20397,-0.024602
SIM-NCM-03-02,1003,0.8002,10000.0,0.207716,-0.025753
SIM-NCM-03-02,1136,0.75,10.0,0.244472,-0.01287
SIM-NCM-03-02,1136,0.75,20.0,0.247166,-0.013239
SIM-NCM-03-02,1136,0.75,50.0,0.25005,-0.015458
SIM-NCM-03-02,1136,0.75,100.0,0.24953,-0.016508
SIM-NCM-03-02,1136,0.75,200.0,0.250026,-0.018777
SIM-NCM-03-02,1136,0.75,500.0,0.249614,-0.019168
SIM-NCM-03-02,1136,0.75,1000.0,0.249649,-0.02102
SIM-NCM-03-02,1136,0.75,2000.0,0.250245,-0.0227
SIM-NCM-03-02,1136,0.75,5000.0,0.246311,-0.025822
SIM-NCM-03-02,1136,0.75,10000.0,0.251032,-0.024342
SIM-NCM-03-02,1260,0.6999,10.0,0.286727,-0.014244
SIM-NCM-03-02,1260,0.6999,20.0,0.290789,-0.014865
SIM-NCM-03-02,1260,0.6999,50.0,0.284226,-0.015948
SIM-NCM-03-02,1260,0.6999,100.0,0.288914,-0.017211
SIM-NCM-03-02,1260,0.6999,200.0,0.284502,-0.018656
SIM-NCM-03-02,1260,0.6999,500.0,0.29259,-0.021221
SIM-NCM-03-02,1260,0.6999,1000.0,0.292152,-0.021281
SIM-NCM-03-02,1260,0.6999,2000.0,0.293693,-0.024352
SIM-NCM-03-02,1260,0.6999,5000.0,0.287773,-0.025085
SIM-NCM-03-02,1260,0.6999,10000.0,0.287307,-0.024521
SIM-NCM-03-03,259,0.9501,10.0,0.059133,-0.011653
SIM-NCM-03-03,259,0.9501,20.0,0.06089,-0.011517
SIM-NCM-03-03,259,0.9501,50.0,0.060234,-0.015614
SIM-NCM-03-03,259,0.9501,100.0,0.059212,-0.016444
SIM-NCM-03-03,259,0.9501,200.0,0.05963,-0.017705
SIM-NCM-03-03,259,0.9501,500.0,0.059649,-0.01781
SIM-NCM-03-03,259,0.9501,1000.0,0.060453,-0.020498
SIM-NCM-03-03,259,0.9501,2000.0,0.06075,-0.022121
SIM-NCM-03-03,259,0.9501,5000.0,0.059276,-0.023988
SIM-NCM-03-03,259,0.9501,10000.0,0.060731,-0.025172
SIM-NCM-03-03,546,0.8999,10.0,0.106674,-0.011812
SIM-NCM-03-03,546,0.8999,20.0,0.105628,-0.014816
SIM-NCM-03-03,546,0.8999,50.0,0.106885,-0.015282
SIM-NCM-03-03,546,0.8999,100.0,0.10678,-0.015685
SIM-NCM-03-03,546,0.8999,200.0,0.107554,-0.016593
SIM-NCM-03-03,546,0.8999,500.0,0.108503,-0.020046
SIM-NCM-03-03,546,0.8999,1000.0,0.107195,-0.019279
SIM-NCM-03-03,546,0.8999,2000.0,0.108703,-0.021885
SIM-NCM-03-03,546,0.8999,5000.0,0.107349,-0.023483
SIM-NCM-03-03,546,0.8999,10000.0,0.108138,-0.024567
SIM-NCM-03-03,824,0.8502,10.0,0.150148,-0.012591
SIM-NCM-03-03,824,0.8502,20.0,0.15154,-0.01438
SIM-NCM-03-03,824,0.8502,50.0,0.148944,-0.014778
SIM-NCM-03-03,824,0.8502,100.0,0.149931,-0.018291
SIM-NCM-03-03,824,0.8502,200.0,0.152434,-0.016315
SIM-NCM-03-03,824,0.8502,500.0,0.149869,-0.019025
SIM-NCM-03-03,824,0.8502,1000.0,0.151603,-0.021728
SIM-NCM-03-03,824,0.8502,2000.0,0.149751,-0.022148
SIM-NCM-03-03,824,0.8502,5000.0,0.153261,-0.023175
SIM-NCM-03-03,824,0.8502,10000.0,0.152066,-0.025342
SIM-NCM-03-03,958,0.8003,10.0,0.195538,-0.012978
SIM-NCM-03-03,958,0.8003,20.0,0.194159,-0.013487
SIM-NCM-03-03,958,0.8003,50.0,0.201838,-0.016123
SIM-NCM-03-03,958,0.8003,100.0,0.196177,-0.017182
SIM-NCM-03-03,958,0.8003,200.0,0.198721,-0.018405
SIM-NCM-03-03,958,0.8003,500.0,0.196783,-0.019182
SIM-NCM-03-03,958,0.8003,1000.0,0.198258,-0.02181
SIM-NCM-03-03,958,0.8003,2000.0,0.198247,-0.02194
SIM-NCM-03-03,958,0.8003,5000.0,0.198562,-0.022987
SIM-NCM-03-03,958,0.8003,10000.0,0.197572,-0.025129
SIM-NCM-03-03,1092,0.75,10.0,0.253954,-0.011732
SIM-NCM-03-03,1092,0.75,20.0,0.25057,-0.015181
SIM-NCM-03-03,1092,0.75,50.0,0.252094,-0.016103
SIM-NCM-03-03,1092,0.75,100.0,0.251597,-0.017996
SIM-NCM-03-03,1092,0.75,200.0,0.252971,-0.019935
SIM-NCM-03-03,1092,0.75,500.0,0.25287,-0.020311
SIM-NCM-03-03,1092,0.75,1000.0,0.253838,-0.020565
SIM-NCM-03-03,1092,0.75,2000.0,0.257033,-0.020778
SIM-NCM-03-03,1092,0.75,5000.0,0.255923,-0.024056
SIM-NCM-03-03,1092,0.75,10000.0,0.254607,-0.026115
SIM-NCM-03-03,1215,0.7,10.0,0.293726,-0.010611
SIM-NCM-03-03,1215,0.7,20.0,0.294025,-0.01438
SIM-NCM-03-03,1215,0.7,50.0,0.288557,-0.01543
SIM-NCM-03-03,1215,0.7,100.0,0.294562,-0.018702
SIM-NCM-03-03,1215,0.7,200.0,0.294805,-0.018677
SIM-NCM-03-03,1215,0.7,500.0,0.293598,-0.019062
SIM-NCM-03-03,1215,0.7,1000.0,0.292395,-0.022295
SIM-NCM-03-03,1215,0.7,2000.0,0.289326,-0.022937
SIM-NCM-03-03,1215,0.7,5000.0,0.292733,-0.02414
SIM-NCM-03-03,1215,0.7,10000.0,0.292903,-0.026267
SIM-NCM-04-01,336,0.9501,10.0,0.043693,-0.010842
SIM-NCM-04-01,336,0.9501,20.0,0.043413,-0.014713
SIM-NCM-04-01,336,0.9501,50.0,0.04473,-0.01426
SIM-NCM-04-01,336,0.9501,100.0,0.044062,-0.017685
SIM-NCM-04-01,336,0.9501,200.0,0.043264,-0.015974
SIM-NCM-04-01,336,0.9501,500.0,0.04446,-0.01674
SIM-NCM-04-01,336,0.9501,1000.0,0.044137,-0.020182
SIM-NCM-04-01,336,0.9501,2000.0,0.043469,-0.02207
SIM-NCM-04-01,336,0.9501,5000.0,0.04373,-0.020007
SIM-NCM-04-01,336,0.9501,10000.0,0.043649,-0.023492
SIM-NCM-04-01,675,0.9003,10.0,0.065971,-0.013011
SIM-NCM-04-01,675,0.9003,20.0,0.068331,-0.014221
SIM-NCM-04-01,675,0.9003,50.0,0.067107,-0.015348
SIM-NCM-04-01,675,0.9003,100.0,0.066866,-0.01776
SIM-NCM-04-01,675,0.9003,200.0,0.066616,-0.016844
SIM-NCM-04-01,675,0.9003,500.0,0.067551,-0.020007
SIM-NCM-04-01,675,0.9003,1000.0,0.06525,-0.020859
SIM-NCM-04-01,675,0.9003,2000.0,0.065542,-0.022007
SIM-NCM-04-01,675,0.9003,5000.0,0.066653,-0.024578
SIM-NCM-04-01,675,0.9003,10000.0,0.068409,-0.024652
SIM-NCM-04-01,1041,0.85,10.0,0.096428,-0.013039
SIM-NCM-04-01,1041,0.85,20.0,0.097198,-0.014698
SIM-NCM-04-01,1041,0.85,50.0,0.094808,-0.016035
SIM-NCM-04-01,1041,0.85,100.0,0.095679,-0.016236
SIM-NCM-04-01,1041,0.85,200.0,0.094377,-0.018186
SIM-NCM-04-01,1041,0.85,500.0,0.096579,-0.020007
SIM-NCM-04-01,1041,0.85,1000.0,0.095697,-0.022458
SIM-NCM-04-01,1041,0.85,2000.0,0.095829,-0.020796
SIM-NCM-04-01,1041,0.85,5000.0,0.096251,-0.02433
SIM-NCM-04-01,1041,0.85,10000.0,0.096153,-0.025765
SIM-NCM-04-01,1286,0.8004,10.0,0.122993,-0.012618
SIM-NCM-04-01,1286,0.8004,20.0,0.1214,-0.016669
SIM-NCM-04-01,1286,0.8004,50.0,0.121351,-0.01543
SIM-NCM-04-01,1286,0.8004,100.0,0.119597,-0.015474
SIM-NCM-04-01,1286,0.8004,200.0,0.124168,-0.01974
SIM-NCM-04-01,1286,0.8004,500.0,0.122673,-0.021928
SIM-NCM-04-01,1286,0.8004,1000.0,0.120295,-0.020234
SIM-NCM-04-01,1286,0.8004,2000.0,0.118764,-0.02085
SIM-NCM-04-01,1286,0.8004,5000.0,0.120862,-0.022357
SIM-NCM-04-01,1286,0.8004,10000.0,0.120643,-0.024237
SIM-NCM-04-01,1453,0.75,10.0,0.150218,-0.012918
SIM-NCM-04-01,1453,0.75,20.0,0.150374,-0.01558
SIM-NCM-04-01,1453,0.75,50.0,0.146827,-0.015846
SIM-NCM-04-01,1453,0.75,100.0,0.149013,-0.017534
SIM-NCM-04-01,1453,0.75,200.0,0.149883,-0.018885
SIM-NCM-04-01,1453,0.75,500.0,0.147782,-0.021372
SIM-NCM-04-01,1453,0.75,1000.0,0.148634,-0.022578
SIM-NCM-04-01,1453,0.75,2000.0,0.147646,-0.021945
SIM-NCM-04-01,1453,0.75,5000.0,0.147622,-0.024474
SIM-NCM-04-01,1453,0.75,10000.0,0.147533,-0.024142
SIM-NCM-04-01,1603,0.7012,10.0,0.173694,-0.013792
SIM-NCM-04-01,1603,0.7012,20.0,0.171673,-0.01502
SIM-NCM-04-01,1603,0.7012,50.0,0.171324,-0.015874
SIM-NCM-04-01,1603,0.7012,100.0,0.172855,-0.01664
SIM-NCM-04-01,1603,0.7012,200.0,0.169815,-0.018783
SIM-NCM-04-01,1603,0.7012,500.0,0.174758,-0.023386
SIM-NCM-04-01,1603,0.7012,1000.0,0.172898,-0.020015
SIM-NCM-04-01,1603,0.7012,2000.0,0.17001,-0.023924
SIM-NCM-04-01,1603,0.7012,5000.0,0.174743,-0.023193
SIM-NCM-04-01,1603,0.7012,10000.0,0.173036,-0.026877
SIM-NCM-04-02,316,0.9499,10.0,0.041647,-0.011468
SIM-NCM-04-02,316,0.9499,20.0,0.041098,-0.013607
SIM-NCM-04-02,316,0.9499,50.0,0.040994,-0.015736
SIM-NCM-04-02,316,0.9499,100.0,0.041321,-0.016274
SIM-NCM-04-02,316,0.9499,200.0,0.040734,-0.018283
SIM-NCM-04-02,316,0.9499,500.0,0.041453,-0.020141
SIM-NCM-04-02,316,0.9499,1000.0,0.041483,-0.01954
SIM-NCM-04-02,316,0.9499,2000.0,0.040449,-0.021999
SIM-NCM-04-02,316,0.9499,5000.0,0.041301,-0.023087
SIM-NCM-04-02,316,0.9499,10000.0,0.041169,-0.024864
SIM-NCM-04-02,688,0.9,10.0,0.067741,-0.011557
SIM-NCM-04-02,688,0.9,20.0,0.068066,-0.013498
SIM-NCM-04-02,688,0.9,50.0,0.068641,-0.016507
SIM-NCM-04-02,688,0.9,100.0,0.067098,-0.015327
SIM-NCM-04-02,688,0.9,200.0,0.067357,-0.018861
SIM-NCM-04-02,688,0.9,500.0,0.068359,-0.019098
SIM-NCM-04-02,688,0.9,1000.0,0.068144,-0.020203
SIM-NCM-04-02,688,0.9,2000.0,0.06879,-0.022381
SIM-NCM-04-02,688,0.9,5000.0,0.067223,-0.023045
SIM-NCM-04-02,688,0.9,10000.0,0.0679,-0.023537
SIM-NCM-04-02,1031,0.85,10.0,0.097571,-0.010858
SIM-NCM-04-02,1031,0.85,20.0,0.095642,-0.014024
SIM-NCM-04-02,1031,0.85,50.0,0.098795,-0.01557
SIM-NCM-04-02,1031,0.85,100.0,0.096254,-0.01701
SIM-NCM-04-02,1031,0.85,200.0,0.097444,-0.016312
SIM-NCM-04-02,1031,0.85,500.0,0.097808,-0.019515
SIM-NCM-04-02,1031,0.85,1000.0,0.096907,-0.019881
SIM-NCM-04-02,1031,0.85,2000.0,0.098717,-0.021447
SIM-NCM-04-02,1031,0.85,5000.0,0.096275,-0.023108
SIM-NCM-04-02,1031,0.85,10000.0,0.097521,-0.02373
SIM-NCM-04-02,1183,0.8001,10.0,0.126139,-0.012957
SIM-NCM-04-02,1183,0.8001,20.0,0.122072,-0.013379
SIM-NCM-04-02,1183,0.8001,50.0,0.123759,-0.014279
SIM-NCM-04-02,1183,0.8001,100.0,0.123792,-0.015854
SIM-NCM-04-02,1183,0.8001,200.0,0.123359,-0.01828
SIM-NCM-04-02,1183,0.8001,500.0,0.125233,-0.019809
SIM-NCM-04-02,1183,0.8001,1000.0,0.125001,-0.02262
SIM-NCM-04-02,1183,0.8001,2000.0,0.123531,-0.02231
SIM-NCM-04-02,1183,0.8001,5000.0,0.123637,-0.024006
SIM-NCM-04-02,1183,0.8001,10000.0,0.123156,-0.025
SIM-NCM-04-02,1339,0.7499,10.0,0.144096,-0.012201
SIM-NCM-04-02,1339,0.7499,20.0,0.140536,-0.015239
SIM-NCM-04-02,1339,0.7499,50.0,0.14114,-0.016205
SIM-NCM-04-02,1339,0.7499,100.0,0.140002,-0.018976
SIM-NCM-04-02,1339,0.7499,200.0,0.143839,-0.017539
SIM-NCM-04-02,1339,0.7499,500.0,0.143069,-0.020712
SIM-NCM-04-02,1339,0.7499,1000.0,0.142827,-0.020247
SIM-NCM-04-02,1339,0.7499,2000.0,0.143238,-0.024784
SIM-NCM-04-02,1339,0.7499,5000.0,0.141888,-0.024449
SIM-NCM-04-02,1339,0.7499,10000.0,0.144864,-0.026416
SIM-NCM-04-02,1502,0.7009,10.0,0.170627,-0.012541
SIM-NCM-04-02,1502,0.7009,20.0,0.171882,-0.014527
SIM-NCM-04-02,1502,0.7009,50.0,0.17331,-0.01529
SIM-NCM-04-02,1502,0.7009,100.0,0.174999,-0.016942
SIM-NCM-04-02,1502,0.7009,200.0,0.170394,-0.018841
SIM-NCM-04-02,1502,0.7009,500.0,0.174139,-0.020868
SIM-NCM-04-02,1502,0.7009,1000.0,0.168732,-0.020971
SIM-NCM-04-02,1502,0.7009,2000.0,0.171515,-0.022244
SIM-NCM-04-02,1502,0.7009,5000.0,0.172133,-0.024287
SIM-NCM-04-02,1502,0.7009,10000.0,0.172426,-0.024973
SIM-NCM-04-03,331,0.95,10.0,0.042157,-0.013064
SIM-NCM-04-03,331,0.95,20.0,0.043207,-0.013498
SIM-NCM-04-03,331,0.95,50.0,0.042349,-0.016726
SIM-NCM-04-03,331,0.95,100.0,0.043297,-0.016973
SIM-NCM-04-03,331,0.95,200.0,0.042659,-0.017885
SIM-NCM-04-03,331,0.95,500.0,0.04305,-0.017418
SIM-NCM-04-03,331,0.95,1000.0,0.042937,-0.020587
SIM-NCM-04-03,331,0.95,2000.0,0.042451,-0.021746
SIM-NCM-04-03,331,0.95,5000.0,0.042751,-0.023308
SIM-NCM-04-03,331,0.95,10000.0,0.042326,-0.024697
SIM-NCM-04-03,672,0.9,10.0,0.069982,-0.011152
SIM-NCM-04-03,672,0.9,20.0,0.069615,-0.013644
SIM-NCM-04-03,672,0.9,50.0,0.070521,-0.016053
SIM-NCM-04-03,672,0.9,100.0,0.070226,-0.018157
SIM-NCM-04-03,672,0.9,200.0,0.068756,-0.016612
SIM-NCM-04-03,672,0.9,500.0,0.069937,-0.017602
SIM-NCM-04-03,672,0.9,1000.0,0.070172,-0.021994
SIM-NCM-04-03,672,0.9,2000.0,0.068824,-0.020229
SIM-NCM-04-03,672,0.9,5000.0,0.069448,-0.021187
SIM-NCM-04-03,672,0.9,10000.0,0.070532,-0.023402
SIM-NCM-04-03,1016,0.8501,10.0,0.092829,-0.011981
SIM-NCM-04-03,1016,0.8501,20.0,0.093639,-0.014749
SIM-NCM-04-03,1016,0.8501,50.0,0.092343,-0.014857
SIM-NCM-04-03,1016,0.8501,100.0,0.091736,-0.017199
SIM-NCM-04-03,1016,0.8501,200.0,0.094238,-0.020111
SIM-NCM-04-03,1016,0.8501,500.0,0.094156,-0.0184
SIM-NCM-04-03,1016,0.8501,1000.0,0.092289,-0.020705
SIM-NCM-04-03,1016,0.8501,2000.0,0.094047,-0.021416
SIM-NCM-04-03,1016,0.8501,5000.0,0.094783,-0.023843
SIM-NCM-04-03,1016,0.8501,10000.0,0.090933,-0.028015
SIM-NCM-04-03,1268,0.7997,10.0,0.118597,-0.014152
SIM-NCM-04-03,1268,0.7997,20.0,0.11974,-0.013013
SIM-NCM-04-03,1268,0.7997,50.0,0.11975,-0.016422
SIM-NCM-04-03,1268,0.7997,100.0,0.120377,-0.016475
SIM-NCM-04-03,1268,0.7997,200.0,0.118897,-0.018439
SIM-NCM-04-03,1268,0.7997,500.0,0.117226,-0.019846
SIM-NCM-04-03,1268,0.7997,1000.0,0.119087,-0.02249
SIM-NCM-04-03,1268,0.7997,2000.0,0.118287,-0.022434
SIM-NCM-04-03,1268,0.7997,5000.0,0.11745,-0.023891
SIM-NCM-04-03,1268,0.7997,10000.0,0.120005,-0.025712
SIM-NCM-04-03,1427,0.7501,10.0,0.156029,-0.01238
SIM-NCM-04-03,1427,0.7501,20.0,0.154348,-0.014748
SIM-NCM-04-03,1427,0.7501,50.0,0.151886,-0.015297
SIM-NCM-04-03,1427,0.7501,100.0,0.153842,-0.017455
SIM-NCM-04-03,1427,0.7501,200.0,0.152985,-0.018116
SIM-NCM-04-03,1427,0.7501,500.0,0.15059,-0.019726
SIM-NCM-04-03,1427,0.7501,1000.0,0.151318,-0.0228
SIM-NCM-04-03,1427,0.7501,2000.0,0.150668,-0.023341
SIM-NCM-04-03,1427,0.7501,5000.0,0.153672,-0.024248
SIM-NCM-04-03,1427,0.7501,10000.0,0.150649,-0.025867
SIM-NCM-04-03,1587,0.6999,10.0,0.167595,-0.012834
SIM-NCM-04-03,1587,0.6999,20.0,0.166239,-0.014733
SIM-NCM-04-03,1587,0.6999,50.0,0.170537,-0.015465
SIM-NCM-04-03,1587,0.6999,100.0,0.169345,-0.019297
SIM-NCM-04-03,1587,0.6999,200.0,0.1697,-0.020985
SIM-NCM-04-03,1587,0.6999,500.0,0.169498,-0.019607
SIM-NCM-04-03,1587,0.6999,1000.0,0.172877,-0.022236
SIM-NCM-04-03,1587,0.6999,2000.0,0.170663,-0.023588
SIM-NCM-04-03,1587,0.6999,5000.0,0.169294,-0.023988
SIM-NCM-04-03,1587,0.6999,10000.0,0.171927,-0.026942
SIM-NCM-05-01,246,0.95,10.0,0.05327,-0.011375
SIM-NCM-05-01,246,0.95,20.0,0.052638,-0.015027
SIM-NCM-05-01,246,0.95,50.0,0.052435,-0.015222
SIM-NCM-05-01,246,0.95,100.0,0.053438,-0.014914
SIM-NCM-05-01,246,0.95,200.0,0.052835,-0.018912
SIM-NCM-05-01,246,0.95,500.0,0.053425,-0.019836
SIM-NCM-05-01,246,0.95,1000.0,0.053411,-0.018461
SIM-NCM-05-01,246,0.95,2000.0,0.053542,-0.02211
SIM-NCM-05-01,246,0.95,5000.0,0.051816,-0.023611
SIM-NCM-05-01,246,0.95,10000.0,0.052481,-0.023033
SIM-NCM-05-01,497,0.9002,10.0,0.087606,-0.012933
SIM-NCM-05-01,497,0.9002,20.0,0.089221,-0.013537
SIM-NCM-05-01,497,0.9002,50.0,0.089444,-0.017696
SIM-NCM-05-01,497,0.9002,100.0,0.08934,-0.016201
SIM-NCM-05-01,497,0.9002,200.0,0.088857,-0.01796
SIM-NCM-05-01,497,0.9002,500.0,0.089304,-0.02147
SIM-NCM-05-01,497,0.9002,1000.0,0.085115,-0.020015
SIM-NCM-05-01,497,0.9002,2000.0,0.086511,-0.02191
SIM-NCM-05-01,497,0.9002,5000.0,0.088834,-0.02399
SIM-NCM-05-01,497,0.9002,10000.0,0.088512,-0.024762
SIM-NCM-05-01,757,0.85,10.0,0.120042,-0.012979
SIM-NCM-05-01,757,0.85,20.0,0.11985,-0.013398
SIM-NCM-05-01,757,0.85,50.0,0.119367,-0.016439
SIM-NCM-05-01,757,0.85,100.0,0.116425,-0.016643
SIM-NCM-05-01,757,0.85,200.0,0.117298,-0.018262
SIM-NCM-05-01,757,0.85,500.0,0.117456,-0.018043
SIM-NCM-05-01,757,0.85,1000.0,0.119221,-0.02321
SIM-NCM-05-01,757,0.85,2000.0,0.116693,-0.021884
SIM-NCM-05-01,757,0.85,5000.0,0.117035,-0.023404
SIM-NCM-05-01,757,0.85,10000.0,0.118953,-0.023793
SIM-NCM-05-01,917,0.8,10.0,0.164505,-0.012594
SIM-NCM-05-01,917,0.8,20.0,0.163527,-0.016166
SIM-NCM-05-01,917,0.8,50.0,0.166607,-0.015995
SIM-NCM-05-01,917,0.8,100.0,0.165923,-0.017428
SIM-NCM-05-01,917,0.8,200.0,0.164691,-0.016839
SIM-NCM-05-01,917,0.8,500.0,0.162961,-0.019402
SIM-NCM-05-01,917,0.8,1000.0,0.164316,-0.021447
SIM-NCM-05-01,917,0.8,2000.0,0.168858,-0.022135
SIM-NCM-05-01,917,0.8,5000.0,0.167111,-0.02435
SIM-NCM-05-01,917,0.8,10000.0,0.161818,-0.024093
SIM-NCM-05-01,1034,0.7496,10.0,0.189522,-0.013685
SIM-NCM-05-01,1034,0.7496,20.0,0.190292,-0.014236
SIM-NCM-05-01,1034,0.7496,50.0,0.191262,-0.014881
SIM-NCM-05-01,1034,0.7496,100.0,0.192192,-0.017634
SIM-NCM-05-01,1034,0.7496,200.0,0.193249,-0.018068
SIM-NCM-05-01,1034,0.7496,500.0,0.189872,-0.021149
SIM-NCM-05-01,1034,0.7496,1000.0,0.191036,-0.022487
SIM-NCM-05-01,1034,0.7496,2000.0,0.193237,-0.022548
SIM-NCM-05-01,1034,0.7496,5000.0,0.190379,-0.023101
SIM-NCM-05-01,1034,0.7496,10000.0,0.190632,-0.025053
SIM-NCM-05-01,1155,0.7005,10.0,0.230705,-0.011811
SIM-NCM-05-01,1155,0.7005,20.0,0.231704,-0.012566
SIM-NCM-05-01,1155,0.7005,50.0,0.223465,-0.015052
SIM-NCM-05-01,1155,0.7005,100.0,0.232948,-0.015461
SIM-NCM-05-01,1155,0.7005,200.0,0.229415,-0.019456
SIM-NCM-05-01,1155,0.7005,500.0,0.228365,-0.020367
SIM-NCM-05-01,1155,0.7005,1000.0,0.22909,-0.022304
SIM-NCM-05-01,1155,0.7005,2000.0,0.230395,-0.022176
SIM-NCM-05-01,1155,0.7005,5000.0,0.230687,-0.027099
SIM-NCM-05-01,1155,0.7005,10000.0,0.228645,-0.026539
SIM-NCM-05-02,237,0.95,10.0,0.051762,-0.011532
SIM-NCM-05-02,237,0.95,20.0,0.051363,-0.015009
SIM-NCM-05-02,237,0.95,50.0,0.05117,-0.014656
SIM-NCM-05-02,237,0.95,100.0,0.051758,-0.017207
SIM-NCM-05-02,237,0.95,200.0,0.051934,-0.016663
SIM-NCM-05-02,237,0.95,500.0,0.050897,-0.020909
SIM-NCM-05-02,237,0.95,1000.0,0.051578,-0.018915
SIM-NCM-05-02,237,0.95,2000.0,0.052296,-0.021321
SIM-NCM-05-02,237,0.95,5000.0,0.051884,-0.02353
SIM-NCM-05-02,237,0.95,10000.0,0.051666,-0.027125
SIM-NCM-05-02,494,0.9,10.0,0.086681,-0.010437
SIM-NCM-05-02,494,0.9,20.0,0.084853,-0.014816
SIM-NCM-05-02,494,0.9,50.0,0.086547,-0.014482
SIM-NCM-05-02,494,0.9,100.0,0.086558,-0.018055
SIM-NCM-05-02,494,0.9,200.0,0.085245,-0.017412
SIM-NCM-05-02,494,0.9,500.0,0.086565,-0.019818
SIM-NCM-05-02,494,0.9,1000.0,0.085845,-0.019483
SIM-NCM-05-02,494,0.9,2000.0,0.084916,-0.021968
SIM-NCM-05-02,494,0.9,5000.0,0.08633,-0.023603
SIM-NCM-05-02,494,0.9,10000.0,0.087338,-0.027137
SIM-NCM-05-02,764,0.8504,10.0,0.124637,-0.01459
SIM-NCM-05-02,764,0.8504,20.0,0.124124,-0.014479
SIM-NCM-05-02,764,0.8504,50.0,0.124032,-0.015761
SIM-NCM-05-02,764,0.8504,100.0,0.12452,-0.016151
SIM-NCM-05-02,764,0.8504,200.0,0.125277,-0.016183
SIM-NCM-05-02,764,0.8504,500.0,0.126567,-0.021215
SIM-NCM-05-02,764,0.8504,1000.0,0.124375,-0.021457
SIM-NCM-05-02,764,0.8504,2000.0,0.125874,-0.021472
SIM-NCM-05-02,764,0.8504,5000.0,0.124426,-0.023462
SIM-NCM-05-02,764,0.8504,10000.0,0.123934,-0.026658
SIM-NCM-05-02,906,0.7999,10.0,0.163265,-0.013247
SIM-NCM-05-02,906,0.7999,20.0,0.162971,-0.014257
SIM-NCM-05-02,906,0.7999,50.0,0.164395,-0.014897
SIM-NCM-05-02,906,0.7999,100.0,0.16227,-0.016057
SIM-NCM-05-02,906,0.7999,200.0,0.163689,-0.017119
SIM-NCM-05-02,906,0.7999,500.0,0.159345,-0.021176
SIM-NCM-05-02,906,0.7999,1000.0,0.160591,-0.021896
SIM-NCM-05-02,906,0.7999,2000.0,0.162316,-0.023708
SIM-NCM-05-02,906,0.7999,5000.0,0.163317,-0.023779
SIM-NCM-05-02,906,0.7999,10000.0,0.163146,-0.024267
SIM-NCM-05-02,1017,0.75,10.0,0.197448,-0.012779
SIM-NCM-05-02,1017,0.75,20.0,0.194717,-0.014273
SIM-NCM-05-02,1017,0.75,50.0,0.194883,-0.015136
SIM-NCM-05-02,1017,0.75,100.0,0.196454,-0.017478
SIM-NCM-05-02,1017,0.75,200.0,0.193991,-0.018279
SIM-NCM-05-02,1017,0.75,500.0,0.195281,-0.018848
SIM-NCM-05-02,1017,0.75,1000.0,0.194986,-0.021694
SIM-NCM-05-02,1017,0.75,2000.0,0.195295,-0.02423
SIM-NCM-05-02,1017,0.75,5000.0,0.196388,-0.025629
SIM-NCM-05-02,1017,0.75,10000.0,0.194182,-0.026151
SIM-NCM-05-02,1135,0.7004,10.0,0.237997,-0.01258
SIM-NCM-05-02,1135,0.7004,20.0,0.238172,-0.013342
SIM-NCM-05-02,1135,0.7004,50.0,0.244209,-0.015168
SIM-NCM-05-02,1135,0.7004,100.0,0.234631,-0.017789
SIM-NCM-05-02,1135,0.7004,200.0,0.237322,-0.018356
SIM-NCM-05-02,1135,0.7004,500.0,0.235373,-0.022375
SIM-NCM-05-02,1135,0.7004,1000.0,0.235385,-0.019683
SIM-NCM-05-02,1135,0.7004,2000.0,0.241375,-0.021997
SIM-NCM-05-02,1135,0.7004,5000.0,0.240746,-0.024335
SIM-NCM-05-02,1135,0.7004,10000.0,0.238353,-0.026057
SIM-NCM-05-03,236,0.95,10.0,0.0508,-0.00997
SIM-NCM-05-03,236,0.95,20.0,0.050587,-0.012708
SIM-NCM-05-03,236,0.95,50.0,0.050885,-0.016663
SIM-NCM-05-03,236,0.95,100.0,0.050545,-0.016286
SIM-NCM-05-03,236,0.95,200.0,0.051322,-0.01806
SIM-NCM-05-03,236,0.95,500.0,0.049749,-0.01876
SIM-NCM-05-03,236,0.95,1000.0,0.051303,-0.020511
SIM-NCM-05-03,236,0.95,2000.0,0.049763,-0.020726
SIM-NCM-05-03,236,0.95,5000.0,0.050799,-0.024315
SIM-NCM-05-03,236,0.95,10000.0,0.051012,-0.023655
SIM-NCM-05-03,493,0.9,10.0,0.08603,-0.012867
SIM-NCM-05-03,493,0.9,20.0,0.085952,-0.012618
SIM-NCM-05-03,493,0.9,50.0,0.084171,-0.014031
SIM-NCM-05-03,493,0.9,100.0,0.085933,-0.01691
SIM-NCM-05-03,493,0.9,200.0,0.084936,-0.017823
SIM-NCM-05-03,493,0.9,500.0,0.08509,-0.018538
SIM-NCM-05-03,493,0.9,1000.0,0.085528,-0.020343
SIM-NCM-05-03,493,0.9,2000.0,0.085293,-0.022798
SIM-NCM-05-03,493,0.9,5000.0,0.08534,-0.023077
SIM-NCM-05-03,493,0.9,10000.0,0.086395,-0.023491
SIM-NCM-05-03,755,0.8498,10.0,0.126985,-0.012879
SIM-NCM-05-03,755,0.8498,20.0,0.125008,-0.014942
SIM-NCM-05-03,755,0.8498,50.0,0.125196,-0.016298
SIM-NCM-05-03,755,0.8498,100.0,0.12714,-0.014007
SIM-NCM-05-03,755,0.8498,200.0,0.127337,-0.018383
SIM-NCM-05-03,755,0.8498,500.0,0.124122,-0.019264
SIM-NCM-05-03,755,0.8498,1000.0,0.125716,-0.020097
SIM-NCM-05-03,755,0.8498,2000.0,0.12461,-0.020674
SIM-NCM-05-03,755,0.8498,5000.0,0.126346,-0.024007
SIM-NCM-05-03,755,0.8498,10000.0,0.123866,-0.025328
SIM-NCM-05-03,943,0.8,10.0,0.159272,-0.012294
SIM-NCM-05-03,943,0.8,20.0,0.159026,-0.014797
SIM-NCM-05-03,943,0.8,50.0,0.158716,-0.014689
SIM-NCM-05-03,943,0.8,100.0,0.158256,-0.016492
SIM-NCM-05-03,943,0.8,200.0,0.159708,-0.019158
SIM-NCM-05-03,943,0.8,500.0,0.158222,-0.020764
SIM-NCM-05-03,943,0.8,1000.0,0.158696,-0.020067
SIM-NCM-05-03,943,0.8,2000.0,0.160787,-0.022766
SIM-NCM-05-03,943,0.8,5000.0,0.160022,-0.024722
SIM-NCM-05-03,943,0.8,10000.0,0.159065,-0.025963
SIM-NCM-05-03,1058,0.7498,10.0,0.194038,-0.012692
SIM-NCM-05-03,1058,0.7498,20.0,0.192744,-0.013548
SIM-NCM-05-03,1058,0.7498,50.0,0.192471,-0.016649
SIM-NCM-05-03,1058,0.7498,100.0,0.19198,-0.018806
SIM-NCM-05-03,1058,0.7498,200.0,0.191965,-0.018373
SIM-NCM-05-03,1058,0.7498,500.0,0.191618,-0.020687
SIM-NCM-05-03,1058,0.7498,1000.0,0.190906,-0.021933
SIM-NCM-05-03,1058,0.7498,2000.0,0.19604,-0.023451
SIM-NCM-05-03,1058,0.7498,5000.0,0.190993,-0.022652
SIM-NCM-05-03,1058,0.7498,10000.0,0.194278,-0.02653
SIM-NCM-05-03,1177,0.6999,10.0,0.228186,-0.012596
SIM-NCM-05-03,1177,0.6999,20.0,0.231477,-0.014442
SIM-NCM-05-03,1177,0.6999,50.0,0.230836,-0.017044
SIM-NCM-05-03,1177,0.6999,100.0,0.231711,-0.018282
SIM-NCM-05-03,1177,0.6999,200.0,0.22823,-0.020385
SIM-NCM-05-03,1177,0.6999,500.0,0.229677,-0.018999
SIM-NCM-05-03,1177,0.6999,1000.0,0.23098,-0.021235
SIM-NCM-05-03,1177,0.6999,2000.0,0.227629,-0.024625
SIM-NCM-05-03,1177,0.6999,5000.0,0.226099,-0.024636
SIM-NCM-05-03,1177,0.6999,10000.0,0.226581,-0.026069
SIM-NCM-06-01,182,0.9501,10.0,0.060552,-0.012956
SIM-NCM-06-01,182,0.9501,20.0,0.062394,-0.014878
SIM-NCM-06-01,182,0.9501,50.0,0.061376,-0.014954
SIM-NCM-06-01,182,0.9501,100.0,0.062488,-0.015368
SIM-NCM-06-01,182,0.9501,200.0,0.061555,-0.018295
SIM-NCM-06-01,182,0.9501,500.0,0.062085,-0.019893
SIM-NCM-06-01,182,0.9501,1000.0,0.062382,-0.020092
SIM-NCM-06-01,182,0.9501,2000.0,0.060972,-0.021429
SIM-NCM-06-01,182,0.9501,5000.0,0.061572,-0.024095
SIM-NCM-06-01,182,0.9501,10000.0,0.063274,-0.023639
SIM-NCM-06-01,376,0.9001,10.0,0.105201,-0.012648
SIM-NCM-06-01,376,0.9001,20.0,0.104219,-0.014796
SIM-NCM-06-01,376,0.9001,50.0,0.105013,-0.013801
SIM-NCM-06-01,376,0.9001,100.0,0.106688,-0.016773
SIM-NCM-06-01,376,0.9001,200.0,0.10739,-0.017631
SIM-NCM-06-01,376,0.9001,500.0,0.105449,-0.018017
SIM-NCM-06-01,376,0.9001,1000.0,0.107864,-0.021905
SIM-NCM-06-01,376,0.9001,2000.0,0.104082,-0.021328
SIM-NCM-06-01,376,0.9001,5000.0,0.108478,-0.023629
SIM-NCM-06-01,376,0.9001,10000.0,0.104189,-0.025102
SIM-NCM-06-01,578,0.8501,10.0,0.158212,-0.01267
SIM-NCM-06-01,578,0.8501,20.0,0.15578,-0.013555
SIM-NCM-06-01,578,0.8501,50.0,0.157016,-0.015087
SIM-NCM-06-01,578,0.8501,100.0,0.157342,-0.015419
SIM-NCM-06-01,578,0.8501,200.0,0.158411,-0.019565
SIM-NCM-06-01,578,0.8501,500.0,0.157679,-0.02018
SIM-NCM-06-01,578,0.8501,1000.0,0.160934,-0.021085
SIM-NCM-06-01,578,0.8501,2000.0,0.156569,-0.022541
SIM-NCM-06-01,578,0.8501,5000.0,0.156596,-0.02371
SIM-NCM-06-01,578,0.8501,10000.0,0.159445,-0.024044
SIM-NCM-06-01,686,0.7998,10.0,0.216654,-0.013264
SIM-NCM-06-01,686,0.7998,20.0,0.211886,-0.015902
SIM-NCM-06-01,686,0.7998,50.0,0.21493,-0.017102
SIM-NCM-06-01,686,0.7998,100.0,0.212937,-0.016607
SIM-NCM-06-01,686,0.7998,200.0,0.21628,-0.019014
SIM-NCM-06-01,686,0.7998,500.0,0.212196,-0.018791
SIM-NCM-06-01,686,0.7998,1000.0,0.21713,-0.020898
SIM-NCM-06-01,686,0.7998,2000.0,0.21533,-0.023336
SIM-NCM-06-01,686,0.7998,5000.0,0.209373,-0.023385
SIM-NCM-06-01,686,0.7998,10000.0,0.211418,-0.026084
SIM-NCM-06-01,776,0.75,10.0,0.247039,-0.01257
SIM-NCM-06-01,776,0.75,20.0,0.245709,-0.015361
SIM-NCM-06-01,776,0.75,50.0,0.249063,-0.016831
SIM-NCM-06-01,776,0.75,100.0,0.248922,-0.018491
SIM-NCM-06-01,776,0.75,200.0,0.244797,-0.01728
SIM-NCM-06-01,776,0.75,500.0,0.24385,-0.021049
SIM-NCM-06-01,776,0.75,1000.0,0.248178,-0.021242
SIM-NCM-06-01,776,0.75,2000.0,0.244126,-0.023198
SIM-NCM-06-01,776,0.75,5000.0,0.245498,-0.025812
SIM-NCM-06-01,776,0.75,10000.0,0.244617,-0.02518
SIM-NCM-06-01,868,0.7011,10.0,0.292775,-0.014776
SIM-NCM-06-01,868,0.7011,20.0,0.289187,-0.01447
SIM-NCM-06-01,868,0.7011,50.0,0.289705,-0.016917
SIM-NCM-06-01,868,0.7011,100.0,0.294601,-0.017963
SIM-NCM-06-01,868,0.7011,200.0,0.293008,-0.018954
SIM-NCM-06-01,868,0.7011,500.0,0.2935,-0.021536
SIM-NCM-06-01,868,0.7011,1000.0,0.294113,-0.021297
SIM-NCM-06-01,868,0.7011,2000.0,0.291918,-0.023848
SIM-NCM-06-01,868,0.7011,5000.0,0.294047,-0.024273
SIM-NCM-06-01,868,0.7011,10000.0,0.292082,-0.025325
SIM-NCM-06-02,179,0.95,10.0,0.061148,-0.011215
SIM-NCM-06-02,179,0.95,20.0,0.06263,-0.013735
SIM-NCM-06-02,179,0.95,50.0,0.061928,-0.017514
SIM-NCM-06-02,179,0.95,100.0,0.062435,-0.016363
SIM-NCM-06-02,179,0.95,200.0,0.061582,-0.016581
SIM-NCM-06-02,179,0.95,500.0,0.061284,-0.019769
SIM-NCM-06-02,179,0.95,1000.0,0.061724,-0.02009
SIM-NCM-06-02,179,0.95,2000.0,0.06157,-0.020458
SIM-NCM-06-02,179,0.95,5000.0,0.061604,-0.024041
SIM-NCM-06-02,179,0.95,10000.0,0.061042,-0.024076
SIM-NCM-06-02,378,0.8999,10.0,0.104715,-0.01068
SIM-NCM-06-02,378,0.8999,20.0,0.105063,-0.014733
SIM-NCM-06-02,378,0.8999,50.0,0.103289,-0.01443
SIM-NCM-06-02,378,0.8999,100.0,0.107259,-0.015963
SIM-NCM-06-02,378,0.8999,200.0,0.105028,-0.016856
SIM-NCM-06-02,378,0.8999,500.0,0.107921,-0.018946
SIM-NCM-06-02,378,0.8999,1000.0,0.106168,-0.020355
SIM-NCM-06-02,378,0.8999,2000.0,0.106259,-0.020759
SIM-NCM-06-02,378,0.8999,5000.0,0.106073,-0.021731
SIM-NCM-06-02,378,0.8999,10000.0,0.103943,-0.023934
SIM-NCM-06-02,579,0.8498,10.0,0.154395,-0.013832
SIM-NCM-06-02,579,0.8498,20.0,0.154292,-0.014845
SIM-NCM-06-02,579,0.8498,50.0,0.155321,-0.015152
SIM-NCM-06-02,579,0.8498,100.0,0.156503,-0.016973
SIM-NCM-06-02,579,0.8498,200.0,0.154837,-0.016799
SIM-NCM-06-02,579,0.8498,500.0,0.153789,-0.021186
SIM-NCM-06-02,579,0.8498,1000.0,0.156503,-0.020508
SIM-NCM-06-02,579,0.8498,2000.0,0.152869,-0.022055
SIM-NCM-06-02,579,0.8498,5000.0,0.151269,-0.024542
SIM-NCM-06-02,579,0.8498,10000.0,0.15279,-0.024503
SIM-NCM-06-02,712,0.7996,10.0,0.199017,-0.012419
SIM-NCM-06-02,712,0.7996,20.0,0.202146,-0.014066
SIM-NCM-06-02,712,0.7996,50.0,0.2002,-0.016435
SIM-NCM-06-02,712,0.7996,100.0,0.202159,-0.017329
SIM-NCM-06-02,712,0.7996,200.0,0.203235,-0.017453
SIM-NCM-06-02,712,0.7996,500.0,0.197941,-0.018536
SIM-NCM-06-02,712,0.7996,1000.0,0.202575,-0.021001
SIM-NCM-06-02,712,0.7996,2000.0,0.203049,-0.021339
SIM-NCM-06-02,712,0.7996,5000.0,0.203033,-0.023394
SIM-NCM-06-02,712,0.7996,10000.0,0.198539,-0.025528
SIM-NCM-06-02,803,0.7502,10.0,0.246657,-0.013791
SIM-NCM-06-02,803,0.7502,20.0,0.248496,-0.014174
SIM-NCM-06-02,803,0.7502,50.0,0.249296,-0.016399
SIM-NCM-06-02,803,0.7502,100.0,0.241973,-0.018627
SIM-NCM-06-02,803,0.7502,200.0,0.24712,-0.018075
SIM-NCM-06-02,803,0.7502,500.0,0.24504,-0.020708
SIM-NCM-06-02,803,0.7502,1000.0,0.246879,-0.020683
SIM-NCM-06-02,803,0.7502,2000.0,0.248051,-0.019729
SIM-NCM-06-02,803,0.7502,5000.0,0.245818,-0.023585
SIM-NCM-06-02,803,0.7502,10000.0,0.249619,-0.026429
SIM-NCM-06-02,895,0.7002,10.0,0.315206,-0.013856
SIM-NCM-06-02,895,0.7002,20.0,0.312964,-0.015774
SIM-NCM-06-02,895,0.7002,50.0,0.307657,-0.016705
SIM-NCM-06-02,895,0.7002,100.0,0.308898,-0.017175
SIM-NCM-06-02,895,0.7002,200.0,0.308502,-0.018805
SIM-NCM-06-02,895,0.7002,500.0,0.313746,-0.018835
SIM-NCM-06-02,895,0.7002,1000.0,0.304317,-0.019733
SIM-NCM-06-02,895,0.7002,2000.0,0.308229,-0.022986
SIM-NCM-06-02,895,0.7002,5000.0,0.312503,-0.024748
SIM-NCM-06-02,895,0.7002,10000.0,0.315652,-0.024948
SIM-NCM-06-03,182,0.95,10.0,0.062587,-0.012216
SIM-NCM-06-03,182,0.95,20.0,0.06179,-0.015206
SIM-NCM-06-03,182,0.95,50.0,0.06216,-0.01715
SIM-NCM-06-03,182,0.95,100.0,0.062541,-0.018332
SIM-NCM-06-03,182,0.95,200.0,0.062612,-0.015362
SIM-NCM-06-03,182,0.95,500.0,0.061173,-0.018803
SIM-NCM-06-03,182,0.95,1000.0,0.062078,-0.019898
SIM-NCM-06-03,182,0.95,2000.0,0.062197,-0.021433
SIM-NCM-06-03,182,0.95,5000.0,0.063178,-0.023533
SIM-NCM-06-03,182,0.95,10000.0,0.062221,-0.024737
SIM-NCM-06-03,377,0.9001,10.0,0.102919,-0.011359
SIM-NCM-06-03,377,0.9001,20.0,0.103087,-0.012694
SIM-NCM-06-03,377,0.9001,50.0,0.105135,-0.014573
SIM-NCM-06-03,377,0.9001,100.0,0.103492,-0.018966
SIM-NCM-06-03,377,0.9001,200.0,0.102718,-0.016385
SIM-NCM-06-03,377,0.9001,500.0,0.102942,-0.018092
SIM-NCM-06-03,377,0.9001,1000.0,0.103239,-0.022513
SIM-NCM-06-03,377,0.9001,2000.0,0.103221,-0.021637
SIM-NCM-06-03,377,0.9001,5000.0,0.104714,-0.022877
SIM-NCM-06-03,377,0.9001,10000.0,0.102823,-0.024824
SIM-NCM-06-03,583,0.85,10.0,0.152587,-0.01189
SIM-NCM-06-03,583,0.85,20.0,0.151741,-0.014462
SIM-NCM-06-03,583,0.85,50.0,0.151345,-0.014389
SIM-NCM-06-03,583,0.85,100.0,0.151327,-0.016683
SIM-NCM-06-03,583,0.85,200.0,0.151069,-0.017861
SIM-NCM-06-03,583,0.85,500.0,0.149904,-0.019232
SIM-NCM-06-03,583,0.85,1000.0,0.150808,-0.021626
SIM-NCM-06-03,583,0.85,2000.0,0.148919,-0.022729
SIM-NCM-06-03,583,0.85,5000.0,0.149606,-0.022899
SIM-NCM-06-03,583,0.85,10000.0,0.152387,-0.0252
SIM-NCM-06-03,716,0.8003,10.0,0.205577,-0.011164
SIM-NCM-06-03,716,0.8003,20.0,0.205029,-0.014333
SIM-NCM-06-03,716,0.8003,50.0,0.206472,-0.016668
SIM-NCM-06-03,716,0.8003,100.0,0.204568,-0.015961
SIM-NCM-06-03,716,0.8003,200.0,0.199504,-0.018091
SIM-NCM-06-03,716,0.8003,500.0,0.202434,-0.01943
SIM-NCM-06-03,716,0.8003,1000.0,0.205282,-0.020714
SIM-NCM-06-03,716,0.8003,2000.0,0.20215,-0.02468
SIM-NCM-06-03,716,0.8003,5000.0,0.203786,-0.02512
SIM-NCM-06-03,716,0.8003,10000.0,0.203797,-0.024901
SIM-NCM-06-03,809,0.75,10.0,0.248046,-0.011445
SIM-NCM-06-03,809,0.75,20.0,0.244588,-0.015859
SIM-NCM-06-03,809,0.75,50.0,0.247467,-0.014296
SIM-NCM-06-03,809,0.75,100.0,0.247545,-0.017926
SIM-NCM-06-03,809,0.75,200.0,0.25064,-0.017424
SIM-NCM-06-03,809,0.75,500.0,0.244125,-0.019828
SIM-NCM-06-03,809,0.75,1000.0,0.248676,-0.021777
SIM-NCM-06-03,809,0.75,2000.0,0.246378,-0.023226
SIM-NCM-06-03,809,0.75,5000.0,0.246339,-0.023493
SIM-NCM-06-03,809,0.75,10000.0,0.252146,-0.025186
SIM-NCM-06-03,898,0.7,10.0,0.291727,-0.011578
SIM-NCM-06-03,898,0.7,20.0,0.289372,-0.014927
SIM-NCM-06-03,898,0.7,50.0,0.285671,-0.015446
SIM-NCM-06-03,898,0.7,100.0,0.286817,-0.016683
SIM-NCM-06-03,898,0.7,200.0,0.293095,-0.018383
SIM-NCM-06-03,898,0.7,500.0,0.289086,-0.018599
SIM-NCM-06-03,898,0.7,1000.0,0.293219,-0.021032
SIM-NCM-06-03,898,0.7,2000.0,0.293758,-0.02516
SIM-NCM-06-03,898,0.7,5000.0,0.291101,-0.025344
SIM-NCM-06-03,898,0.7,10000.0,0.29542,-0.025236
SIM-NCM-07-01,196,0.9498,10.0,0.042609,-0.01314
SIM-NCM-07-01,196,0.9498,20.0,0.042527,-0.012584
SIM-NCM-07-01,196,0.9498,50.0,0.042614,-0.014583
SIM-NCM-07-01,196,0.9498,100.0,0.043009,-0.016304
SIM-NCM-07-01,196,0.9498,200.0,0.041924,-0.019047
SIM-NCM-07-01,196,0.9498,500.0,0.042193,-0.018474
SIM-NCM-07-01,196,0.9498,1000.0,0.041381,-0.020142
SIM-NCM-07-01,196,0.9498,2000.0,0.042015,-0.021184
SIM-NCM-07-01,196,0.9498,5000.0,0.041683,-0.02113
SIM-NCM-07-01,196,0.9498,10000.0,0.042989,-0.023269
SIM-NCM-07-01,410,0.9,10.0,0.069095,-0.015522
SIM-NCM-07-01,410,0.9,20.0,0.06867,-0.013902
SIM-NCM-07-01,410,0.9,50.0,0.068746,-0.014805
SIM-NCM-07-01,410,0.9,100.0,0.069275,-0.016871
SIM-NCM-07-01,410,0.9,200.0,0.069254,-0.017766
SIM-NCM-07-01,410,0.9,500.0,0.068836,-0.017715
SIM-NCM-07-01,410,0.9,1000.0,0.068527,-0.020597
SIM-NCM-07-01,410,0.9,2000.0,0.068803,-0.023143
SIM-NCM-07-01,410,0.9,5000.0,0.069036,-0.023874
SIM-NCM-07-01,410,0.9,10000.0,0.068469,-0.024591
SIM-NCM-07-01,617,0.8501,10.0,0.094713,-0.013432
SIM-NCM-07-01,617,0.8501,20.0,0.09524,-0.013926
SIM-NCM-07-01,617,0.8501,50.0,0.092535,-0.014432
SIM-NCM-07-01,617,0.8501,100.0,0.0942,-0.018048
SIM-NCM-07-01,617,0.8501,200.0,0.093884,-0.019314
SIM-NCM-07-01,617,0.8501,500.0,0.094628,-0.020573
SIM-NCM-07-01,617,0.8501,1000.0,0.09324,-0.019686
SIM-NCM-07-01,617,0.8501,2000.0,0.092056,-0.022694
SIM-NCM-07-01,617,0.8501,5000.0,0.095476,-0.021868
SIM-NCM-07-01,617,0.8501,10000.0,0.093389,-0.024755
SIM-NCM-07-01,761,0.7997,10.0,0.124587,-0.012673
SIM-NCM-07-01,761,0.7997,20.0,0.120829,-0.015002
SIM-NCM-07-01,761,0.7997,50.0,0.124871,-0.015841
SIM-NCM-07-01,761,0.7997,100.0,0.124567,-0.01786
SIM-NCM-07-01,761,0.7997,200.0,0.125822,-0.017338
SIM-NCM-07-01,761,0.7997,500.0,0.126563,-0.018896
SIM-NCM-07-01,761,0.7997,1000.0,0.124083,-0.021422
SIM-NCM-07-01,761,0.7997,2000.0,0.124646,-0.022153
SIM-NCM-07-01,761,0.7997,5000.0,0.122282,-0.023845
SIM-NCM-07-01,761,0.7997,10000.0,0.122568,-0.025436
SIM-NCM-07-01,860,0.7498,10.0,0.141871,-0.012971
SIM-NCM-07-01,860,0.7498,20.0,0.144391,-0.014064
SIM-NCM-07-01,860,0.7498,50.0,0.143542,-0.015018
SIM-NCM-07-01,860,0.7498,100.0,0.145151,-0.016269
SIM-NCM-07-01,860,0.7498,200.0,0.144668,-0.018079
SIM-NCM-07-01,860,0.7498,500.0,0.143219,-0.018504
SIM-NCM-07-01,860,0.7498,1000.0,0.141465,-0.0231
SIM-NCM-07-01,860,0.7498,2000.0,0.144829,-0.025315
SIM-NCM-07-01,860,0.7498,5000.0,0.142759,-0.025257
SIM-NCM-07-01,860,0.7498,10000.0,0.143915,-0.025713
SIM-NCM-07-01,953,0.6999,10.0,0.170536,-0.013726
SIM-NCM-07-01,953,0.6999,20.0,0.173974,-0.014965
SIM-NCM-07-01,953,0.6999,50.0,0.169041,-0.016419
SIM-NCM-07-01,953,0.6999,100.0,0.170668,-0.017411
SIM-NCM-07-01,953,0.6999,200.0,0.169193,-0.018935
SIM-NCM-07-01,953,0.6999,500.0,0.171523,-0.019999
SIM-NCM-07-01,953,0.6999,1000.0,0.172708,-0.020871
SIM-NCM-07-01,953,0.6999,2000.0,0.172045,-0.022779
SIM-NCM-07-01,953,0.6999,5000.0,0.171005,-0.02469
SIM-NCM-07-01,953,0.6999,10000.0,0.173055,-0.023711
SIM-NCM-07-02,190,0.9502,10.0,0.041055,-0.011937
SIM-NCM-07-02,190,0.9502,20.0,0.041256,-0.014589
SIM-NCM-07-02,190,0.9502,50.0,0.040627,-0.015131
SIM-NCM-07-02,190,0.9502,100.0,0.040702,-0.016488
SIM-NCM-07-02,190,0.9502,200.0,0.041262,-0.016845
SIM-NCM-07-02,190,0.9502,500.0,0.040755,-0.019076
SIM-NCM-07-02,190,0.9502,1000.0,0.041379,-0.020554
SIM-NCM-07-02,190,0.9502,2000.0,0.040287,-0.021307
SIM-NCM-07-02,190,0.9502,5000.0,0.040383,-0.02276
SIM-NCM-07-02,190,0.9502,10000.0,0.040276,-0.025276
SIM-NCM-07-02,411,0.9,10.0,0.0685,-0.012131
SIM-NCM-07-02,411,0.9,20.0,0.068409,-0.012412
SIM-NCM-07-02,411,0.9,50.0,0.069157,-0.016391
SIM-NCM-07-02,411,0.9,100.0,0.069158,-0.01616
SIM-NCM-07-02,411,0.9,200.0,0.069018,-0.018186
SIM-NCM-07-02,411,0.9,500.0,0.068271,-0.019434
SIM-NCM-07-02,411,0.9,1000.0,0.067799,-0.022355
SIM-NCM-07-02,411,0.9,2000.0,0.068472,-0.024203
SIM-NCM-07-02,411,0.9,5000.0,0.069023,-0.024165
SIM-NCM-07-02,411,0.9,10000.0,0.068691,-0.024735
SIM-NCM-07-02,621,0.8499,10.0,0.096323,-0.01429
SIM-NCM-07-02,621,0.8499,20.0,0.09673,-0.013638
SIM-NCM-07-02,621,0.8499,50.0,0.096233,-0.014092
SIM-NCM-07-02,621,0.8499,100.0,0.096821,-0.017053
SIM-NCM-07-02,621,0.8499,200.0,0.096765,-0.017427
SIM-NCM-07-02,621,0.8499,500.0,0.095208,-0.018355
SIM-NCM-07-02,621,0.8499,1000.0,0.096956,-0.020483
SIM-NCM-07-02,621,0.8499,2000.0,0.095984,-0.020934
SIM-NCM-07-02,621,0.8499,5000.0,0.097597,-0.024504
SIM-NCM-07-02,621,0.8499,10000.0,0.095505,-0.025788
SIM-NCM-07-02,723,0.8,10.0,0.127754,-0.011741
SIM-NCM-07-02,723,0.8,20.0,0.126805,-0.013074
SIM-NCM-07-02,723,0.8,50.0,0.124213,-0.014237
SIM-NCM-07-02,723,0.8,100.0,0.12621,-0.016856
SIM-NCM-07-02,723,0.8,200.0,0.12391,-0.01809
SIM-NCM-07-02,723,0.8,500.0,0.124905,-0.020231
SIM-NCM-07-02,723,0.8,1000.0,0.125996,-0.019505
SIM-NCM-07-02,723,0.8,2000.0,0.125148,-0.022016
SIM-NCM-07-02,723,0.8,5000.0,0.122616,-0.023353
SIM-NCM-07-02,723,0.8,10000.0,0.123011,-0.025608
SIM-NCM-07-02,816,0.7501,10.0,0.141423,-0.012426
SIM-NCM-07-02,816,0.7501,20.0,0.141546,-0.014758
SIM-NCM-07-02,816,0.7501,50.0,0.142428,-0.015487
SIM-NCM-07-02,816,0.7501,100.0,0.142251,-0.018334
SIM-NCM-07-02,816,0.7501,200.0,0.143507,-0.018546
SIM-NCM-07-02,816,0.7501,500.0,0.143267,-0.021809
SIM-NCM-07-02,816,0.7501,1000.0,0.142076,-0.021287
SIM-NCM-07-02,816,0.7501,2000.0,0.142369,-0.021429
SIM-NCM-07-02,816,0.7501,5000.0,0.14329,-0.023697
SIM-NCM-07-02,816,0.7501,10000.0,0.144388,-0.025636
SIM-NCM-07-02,916,0.6997,10.0,0.173562,-0.012961
SIM-NCM-07-02,916,0.6997,20.0,0.173417,-0.01508
SIM-NCM-07-02,916,0.6997,50.0,0.17129,-0.017301
SIM-NCM-07-02,916,0.6997,100.0,0.175423,-0.016625
SIM-NCM-07-02,916,0.6997,200.0,0.170411,-0.019302
SIM-NCM-07-02,916,0.6997,500.0,0.172804,-0.020045
SIM-NCM-07-02,916,0.6997,1000.0,0.17299,-0.021947
SIM-NCM-07-02,916,0.6997,2000.0,0.174132,-0.023411
SIM-NCM-07-02,916,0.6997,5000.0,0.173135,-0.026664
SIM-NCM-07-02,916,0.6997,10000.0,0.172851,-0.026558
SIM-NCM-07-03,186,0.95,10.0,0.041132,-0.012196
SIM-NCM-07-03,186,0.95,20.0,0.040507,-0.013421
SIM-NCM-07-03,186,0.95,50.0,0.04115,-0.014768
SIM-NCM-07-03,186,0.95,100.0,0.041263,-0.016566
SIM-NCM-07-03,186,0.95,200.0,0.041414,-0.01803
SIM-NCM-07-03,186,0.95,500.0,0.041161,-0.018769
SIM-NCM-07-03,186,0.95,1000.0,0.04119,-0.019306
SIM-NCM-07-03,186,0.95,2000.0,0.041797,-0.019853
SIM-NCM-07-03,186,0.95,5000.0,0.04088,-0.022799
SIM-NCM-07-03,186,0.95,10000.0,0.041818,-0.024288
SIM-NCM-07-03,401,0.9,10.0,0.067239,-0.012537
SIM-NCM-07-03,401,0.9,20.0,0.067043,-0.012836
SIM-NCM-07-03,401,0.9,50.0,0.067105,-0.014895
SIM-NCM-07-03,401,0.9,100.0,0.067813,-0.016959
SIM-NCM-07-03,401,0.9,200.0,0.06766,-0.019103
SIM-NCM-07-03,401,0.9,500.0,0.067777,-0.020335
SIM-NCM-07-03,401,0.9,1000.0,0.067629,-0.021271
SIM-NCM-07-03,401,0.9,2000.0,0.068451,-0.02109
SIM-NCM-07-03,401,0.9,5000.0,0.068297,-0.024131
SIM-NCM-07-03,401,0.9,10000.0,0.068794,-0.024517
SIM-NCM-07-03,617,0.8501,10.0,0.095744,-0.0125
SIM-NCM-07-03,617,0.8501,20.0,0.095096,-0.013821
SIM-NCM-07-03,617,0.8501,50.0,0.094044,-0.016156
SIM-NCM-07-03,617,0.8501,100.0,0.093826,-0.017225
SIM-NCM-07-03,617,0.8501,200.0,0.095819,-0.017729
SIM-NCM-07-03,617,0.8501,500.0,0.094327,-0.019089
SIM-NCM-07-03,617,0.8501,1000.0,0.093531,-0.021758
SIM-NCM-07-03,617,0.8501,2000.0,0.0924,-0.022501
SIM-NCM-07-03,617,0.8501,5000.0,0.094215,-0.023647
SIM-NCM-07-03,617,0.8501,10000.0,0.094696,-0.024338
SIM-NCM-07-03,781,0.7997,10.0,0.124039,-0.013773
SIM-NCM-07-03,781,0.7997,20.0,0.125684,-0.014729
SIM-NCM-07-03,781,0.7997,50.0,0.125852,-0.015048
SIM-NCM-07-03,781,0.7997,100.0,0.125925,-0.017424
SIM-NCM-07-03,781,0.7997,200.0,0.124759,-0.016313
SIM-NCM-07-03,781,0.7997,500.0,0.128483,-0.01922
SIM-NCM-07-03,781,0.7997,1000.0,0.126657,-0.021463
SIM-NCM-07-03,781,0.7997,2000.0,0.126,-0.022335
SIM-NCM-07-03,781,0.7997,5000.0,0.127596,-0.022931
SIM-NCM-07-03,781,0.7997,10000.0,0.126901,-0.02433
SIM-NCM-07-03,878,0.7499,10.0,0.14653,-0.013497
SIM-NCM-07-03,878,0.7499,20.0,0.147323,-0.017305
SIM-NCM-07-03,878,0.7499,50.0,0.146493,-0.017642
SIM-NCM-07-03,878,0.7499,100.0,0.1471,-0.014596
SIM-NCM-07-03,878,0.7499,200.0,0.144967,-0.018031
SIM-NCM-07-03,878,0.7499,500.0,0.14906,-0.020642
SIM-NCM-07-03,878,0.7499,1000.0,0.14849,-0.021893
SIM-NCM-07-03,878,0.7499,2000.0,0.149317,-0.022304
SIM-NCM-07-03,878,0.7499,5000.0,0.145681,-0.024294
SIM-NCM-07-03,878,0.7499,10000.0,0.148165,-0.028941
SIM-NCM-07-03,973,0.6997,10.0,0.172604,-0.014382
SIM-NCM-07-03,973,0.6997,20.0,0.173729,-0.01572
SIM-NCM-07-03,973,0.6997,50.0,0.172454,-0.016274
SIM-NCM-07-03,973,0.6997,100.0,0.172941,-0.016203
SIM-NCM-07-03,973,0.6997,200.0,0.175595,-0.018462
SIM-NCM-07-03,973,0.6997,500.0,0.175265,-0.021215
SIM-NCM-07-03,973,0.6997,1000.0,0.17548,-0.021387
SIM-NCM-07-03,973,0.6997,2000.0,0.177233,-0.022501
SIM-NCM-07-03,973,0.6997,5000.0,0.174474,-0.025806
SIM-NCM-07-03,973,0.6997,10000.0,0.17607,-0.027416
SIM-NCM-08-01,142,0.9501,10.0,0.051959,-0.011558
SIM-NCM-08-01,142,0.9501,20.0,0.051863,-0.014058
SIM-NCM-08-01,142,0.9501,50.0,0.051745,-0.013534
SIM-NCM-08-01,142,0.9501,100.0,0.051401,-0.016876
SIM-NCM-08-01,142,0.9501,200.0,0.050978,-0.016116
SIM-NCM-08-01,142,0.9501,500.0,0.052049,-0.019712
SIM-NCM-08-01,142,0.9501,1000.0,0.051237,-0.020171
SIM-NCM-08-01,142,0.9501,2000.0,0.05266,-0.020849
SIM-NCM-08-01,142,0.9501,5000.0,0.052668,-0.024113
SIM-NCM-08-01,142,0.9501,10000.0,0.051803,-0.02488
SIM-NCM-08-01,301,0.9,10.0,0.087816,-0.013152
SIM-NCM-08-01,301,0.9,20.0,0.085338,-0.016017
SIM-NCM-08-01,301,0.9,50.0,0.087925,-0.015444
SIM-NCM-08-01,301,0.9,100.0,0.085974,-0.017223
SIM-NCM-08-01,301,0.9,200.0,0.086864,-0.018865
SIM-NCM-08-01,301,0.9,500.0,0.085764,-0.019875
SIM-NCM-08-01,301,0.9,1000.0,0.085875,-0.020752
SIM-NCM-08-01,301,0.9,2000.0,0.086365,-0.021723
SIM-NCM-08-01,301,0.9,5000.0,0.0859,-0.023473
SIM-NCM-08-01,301,0.9,10000.0,0.083994,-0.023676
SIM-NCM-08-01,457,0.8498,10.0,0.125398,-0.012051
SIM-NCM-08-01,457,0.8498,20.0,0.126035,-0.014696
SIM-NCM-08-01,457,0.8498,50.0,0.124,-0.014644
SIM-NCM-08-01,457,0.8498,100.0,0.12435,-0.016878
SIM-NCM-08-01,457,0.8498,200.0,0.126157,-0.017947
SIM-NCM-08-01,457,0.8498,500.0,0.125207,-0.019341
SIM-NCM-08-01,457,0.8498,1000.0,0.126609,-0.019115
SIM-NCM-08-01,457,0.8498,2000.0,0.123177,-0.020899
SIM-NCM-08-01,457,0.8498,5000.0,0.122813,-0.024612
SIM-NCM-08-01,457,0.8498,10000.0,0.125897,-0.025291
SIM-NCM-08-01,578,0.8001,10.0,0.16227,-0.012039
SIM-NCM-08-01,578,0.8001,20.0,0.164683,-0.015967
SIM-NCM-08-01,578,0.8001,50.0,0.166448,-0.014664
SIM-NCM-08-01,578,0.8001,100.0,0.16426,-0.017615
SIM-NCM-08-01,578,0.8001,200.0,0.164863,-0.017234
SIM-NCM-08-01,578,0.8001,500.0,0.163937,-0.020657
SIM-NCM-08-01,578,0.8001,1000.0,0.163067,-0.020179
SIM-NCM-08-01,578,0.8001,2000.0,0.163183,-0.022568
SIM-NCM-08-01,578,0.8001,5000.0,0.165068,-0.024261
SIM-NCM-08-01,578,0.8001,10000.0,0.161624,-0.024345
SIM-NCM-08-01,648,0.7501,10.0,0.205751,-0.014415
SIM-NCM-08-01,648,0.7501,20.0,0.202961,-0.015334
SIM-NCM-08-01,648,0.7501,50.0,0.199339,-0.016487
SIM-NCM-08-01,648,0.7501,100.0,0.202728,-0.016564
SIM-NCM-08-01,648,0.7501,200.0,0.205926,-0.017073
SIM-NCM-08-01,648,0.7501,500.0,0.203478,-0.021762
SIM-NCM-08-01,648,0.7501,1000.0,0.201666,-0.022293
SIM-NCM-08-01,648,0.7501,2000.0,0.202863,-0.024017
SIM-NCM-08-01,648,0.7501,5000.0,0.199756,-0.023662
SIM-NCM-08-01,648,0.7501,10000.0,0.200338,-0.025822
SIM-NCM-08-01,719,0.7002,10.0,0.234347,-0.01273
SIM-NCM-08-01,719,0.7002,20.0,0.232242,-0.01513
SIM-NCM-08-01,719,0.7002,50.0,0.233216,-0.01531
SIM-NCM-08-01,719,0.7002,100.0,0.231807,-0.016358
SIM-NCM-08-01,719,0.7002,200.0,0.230894,-0.017883
SIM-NCM-08-01,719,0.7002,500.0,0.233512,-0.019175
SIM-NCM-08-01,719,0.7002,1000.0,0.229899,-0.021235
SIM-NCM-08-01,719,0.7002,2000.0,0.23063,-0.025278
SIM-NCM-08-01,719,0.7002,5000.0,0.230821,-0.024584
SIM-NCM-08-01,719,0.7002,10000.0,0.232024,-0.02499
SIM-NCM-08-02,138,0.9501,10.0,0.051744,-0.012504
SIM-NCM-08-02,138,0.9501,20.0,0.050728,-0.013857
SIM-NCM-08-02,138,0.9501,50.0,0.050608,-0.013737
SIM-NCM-08-02,138,0.9501,100.0,0.051247,-0.016396
SIM-NCM-08-02,138,0.9501,200.0,0.050932,-0.015666
SIM-NCM-08-02,138,0.9501,500.0,0.051178,-0.019681
SIM-NCM-08-02,138,0.9501,1000.0,0.051468,-0.02045
SIM-NCM-08-02,138,0.9501,2000.0,0.051023,-0.020721
SIM-NCM-08-02,138,0.9501,5000.0,0.051264,-0.023724
SIM-NCM-08-02,138,0.9501,10000.0,0.050336,-0.02504
SIM-NCM-08-02,297,0.9001,10.0,0.088009,-0.013068
SIM-NCM-08-02,297,0.9001,20.0,0.089198,-0.014374
SIM-NCM-08-02,297,0.9001,50.0,0.089631,-0.015521
SIM-NCM-08-02,297,0.9001,100.0,0.087966,-0.015681
SIM-NCM-08-02,297,0.9001,200.0,0.087089,-0.016886
SIM-NCM-08-02,297,0.9001,500.0,0.089852,-0.019388
SIM-NCM-08-02,297,0.9001,1000.0,0.089226,-0.020647
SIM-NCM-08-02,297,0.9001,2000.0,0.087992,-0.0212
SIM-NCM-08-02,297,0.9001,5000.0,0.087105,-0.022988
SIM-NCM-08-02,297,0.9001,10000.0,0.087385,-0.024831
SIM-NCM-08-02,462,0.8502,10.0,0.125098,-0.012091
SIM-NCM-08-02,462,0.8502,20.0,0.123479,-0.014278
SIM-NCM-08-02,462,0.8502,50.0,0.124816,-0.015666
SIM-NCM-08-02,462,0.8502,100.0,0.124102,-0.017256
SIM-NCM-08-02,462,0.8502,200.0,0.125784,-0.018401
SIM-NCM-08-02,462,0.8502,500.0,0.124539,-0.02104
SIM-NCM-08-02,462,0.8502,1000.0,0.12576,-0.019622
SIM-NCM-08-02,462,0.8502,2000.0,0.12397,-0.020267
SIM-NCM-08-02,462,0.8502,5000.0,0.124586,-0.024148
SIM-NCM-08-02,462,0.8502,10000.0,0.126688,-0.025713
SIM-NCM-08-02,547,0.7997,10.0,0.160371,-0.012985
SIM-NCM-08-02,547,0.7997,20.0,0.15894,-0.013062
SIM-NCM-08-02,547,0.7997,50.0,0.161197,-0.01523
SIM-NCM-08-02,547,0.7997,100.0,0.158143,-0.017541
SIM-NCM-08-02,547,0.7997,200.0,0.164665,-0.018411
SIM-NCM-08-02,547,0.7997,500.0,0.161281,-0.021669
SIM-NCM-08-02,547,0.7997,1000.0,0.16024,-0.01995
SIM-NCM-08-02,547,0.7997,2000.0,0.161819,-0.020354
SIM-NCM-08-02,547,0.7997,5000.0,0.159366,-0.024459
SIM-NCM-08-02,547,0.7997,10000.0,0.160741,-0.024713
SIM-NCM-08-02,621,0.7499,10.0,0.196068,-0.013001
SIM-NCM-08-02,621,0.7499,20.0,0.195569,-0.014887
SIM-NCM-08-02,621,0.7499,50.0,0.194593,-0.016656
SIM-NCM-08-02,621,0.7499,100.0,0.194211,-0.01744
SIM-NCM-08-02,621,0.7499,200.0,0.198175,-0.019123
SIM-NCM-08-02,621,0.7499,500.0,0.195069,-0.020856
SIM-NCM-08-02,621,0.7499,1000.0,0.193547,-0.02291
SIM-NCM-08-02,621,0.7499,2000.0,0.195585,-0.022104
SIM-NCM-08-02,621,0.7499,5000.0,0.197943,-0.024934
SIM-NCM-08-02,621,0.7499,10000.0,0.196784,-0.026218
SIM-NCM-08-02,694,0.7007,10.0,0.23171,-0.013834
SIM-NCM-08-02,694,0.7007,20.0,0.234405,-0.01526
SIM-NCM-08-02,694,0.7007,50.0,0.235222,-0.017189
SIM-NCM-08-02,694,0.7007,100.0,0.229815,-0.019965
SIM-NCM-08-02,694,0.7007,200.0,0.237776,-0.018359
SIM-NCM-08-02,694,0.7007,500.0,0.235179,-0.019815
SIM-NCM-08-02,694,0.7007,1000.0,0.236679,-0.021753
SIM-NCM-08-02,694,0.7007,2000.0,0.236312,-0.023892
SIM-NCM-08-02,694,0.7007,5000.0,0.233044,-0.025492
SIM-NCM-08-02,694,0.7007,10000.0,0.237987,-0.025472
SIM-NCM-08-03,139,0.9499,10.0,0.051991,-0.013781
SIM-NCM-08-03,139,0.9499,20.0,0.053103,-0.012828
SIM-NCM-08-03,139,0.9499,50.0,0.052306,-0.014348
SIM-NCM-08-03,139,0.9499,100.0,0.051599,-0.017044
SIM-NCM-08-03,139,0.9499,200.0,0.052037,-0.018339
SIM-NCM-08-03,139,0.9499,500.0,0.05317,-0.021108
SIM-NCM-08-03,139,0.9499,1000.0,0.053189,-0.020211
SIM-NCM-08-03,139,0.9499,2000.0,0.052948,-0.022937
SIM-NCM-08-03,139,0.9499,5000.0,0.052256,-0.023869
SIM-NCM-08-03,139,0.9499,10000.0,0.051961,-0.024047
SIM-NCM-08-03,304,0.9,10.0,0.087289,-0.012789
SIM-NCM-08-03,304,0.9,20.0,0.087319,-0.0134
SIM-NCM-08-03,304,0.9,50.0,0.087223,-0.016595
SIM-NCM-08-03,304,0.9,100.0,0.08612,-0.014729
SIM-NCM-08-03,304,0.9,200.0,0.085836,-0.01911
SIM-NCM-08-03,304,0.9,500.0,0.086673,-0.019162
SIM-NCM-08-03,304,0.9,1000.0,0.085519,-0.020641
SIM-NCM-08-03,304,0.9,2000.0,0.087455,-0.020954
SIM-NCM-08-03,304,0.9,5000.0,0.088728,-0.022843
SIM-NCM-08-03,304,0.9,10000.0,0.084971,-0.024983
SIM-NCM-08-03,457,0.85,10.0,0.126941,-0.013735
SIM-NCM-08-03,457,0.85,20.0,0.126441,-0.015678
SIM-NCM-08-03,457,0.85,50.0,0.126223,-0.015154
SIM-NCM-08-03,457,0.85,100.0,0.126246,-0.013869
SIM-NCM-08-03,457,0.85,200.0,0.124948,-0.020059
SIM-NCM-08-03,457,0.85,500.0,0.12853,-0.018826
SIM-NCM-08-03,457,0.85,1000.0,0.125729,-0.021994
SIM-NCM-08-03,457,0.85,2000.0,0.124896,-0.021759
SIM-NCM-08-03,457,0.85,5000.0,0.128127,-0.022307
SIM-NCM-08-03,457,0.85,10000.0,0.124203,-0.025697
SIM-NCM-08-03,532,0.7999,10.0,0.168662,-0.013399
SIM-NCM-08-03,532,0.7999,20.0,0.163032,-0.014619
SIM-NCM-08-03,532,0.7999,50.0,0.166468,-0.016394
SIM-NCM-08-03,532,0.7999,100.0,0.167143,-0.016867
SIM-NCM-08-03,532,0.7999,200.0,0.165223,-0.018323
SIM-NCM-08-03,532,0.7999,500.0,0.166109,-0.019727
SIM-NCM-08-03,532,0.7999,1000.0,0.163907,-0.022471
SIM-NCM-08-03,532,0.7999,2000.0,0.167323,-0.02365
SIM-NCM-08-03,532,0.7999,5000.0,0.168788,-0.02323
SIM-NCM-08-03,532,0.7999,10000.0,0.164792,-0.023532
SIM-NCM-08-03,607,0.7502,10.0,0.19748,-0.010399
SIM-NCM-08-03,607,0.7502,20.0,0.197978,-0.013949
SIM-NCM-08-03,607,0.7502,50.0,0.19592,-0.016642
SIM-NCM-08-03,607,0.7502,100.0,0.199128,-0.017894
SIM-NCM-08-03,607,0.7502,200.0,0.19028,-0.019669
SIM-NCM-08-03,607,0.7502,500.0,0.194689,-0.020877
SIM-NCM-08-03,607,0.7502,1000.0,0.198487,-0.022187
SIM-NCM-08-03,607,0.7502,2000.0,0.195377,-0.023526
SIM-NCM-08-03,607,0.7502,5000.0,0.196795,-0.024528
SIM-NCM-08-03,607,0.7502,10000.0,0.19638,-0.025555
SIM-NCM-08-03,678,0.7006,10.0,0.236668,-0.012322
SIM-NCM-08-03,678,0.7006,20.0,0.240427,-0.015051
SIM-NCM-08-03,678,0.7006,50.0,0.239912,-0.016338
SIM-NCM-08-03,678,0.7006,100.0,0.242423,-0.018852
SIM-NCM-08-03,678,0.7006,200.0,0.239341,-0.017571
SIM-NCM-08-03,678,0.7006,500.0,0.238991,-0.019984
SIM-NCM-08-03,678,0.7006,1000.0,0.238451,-0.022181
SIM-NCM-08-03,678,0.7006,2000.0,0.238184,-0.022945
SIM-NCM-08-03,678,0.7006,5000.0,0.236961,-0.02333
SIM-NCM-08-03,678,0.7006,10000.0,0.243849,-0.025556
SIM-NCM-09-01,105,0.95,10.0,0.062956,-0.01256
SIM-NCM-09-01,105,0.95,20.0,0.06241,-0.014268
SIM-NCM-09-01,105,0.95,50.0,0.062718,-0.016042
SIM-NCM-09-01,105,0.95,100.0,0.062921,-0.015941
SIM-NCM-09-01,105,0.95,200.0,0.061931,-0.016263
SIM-NCM-09-01,105,0.95,500.0,0.062471,-0.021077
SIM-NCM-09-01,105,0.95,1000.0,0.062861,-0.021951
SIM-NCM-09-01,105,0.95,2000.0,0.063062,-0.020577
SIM-NCM-09-01,105,0.95,5000.0,0.062491,-0.023914
SIM-NCM-09-01,105,0.95,10000.0,0.062716,-0.025074
SIM-NCM-09-01,228,0.8995,10.0,0.108778,-0.012563
SIM-NCM-09-01,228,0.8995,20.0,0.109111,-0.01268
SIM-NCM-09-01,228,0.8995,50.0,0.107792,-0.014887
SIM-NCM-09-01,228,0.8995,100.0,0.109786,-0.016362
SIM-NCM-09-01,228,0.8995,200.0,0.107606,-0.016304
SIM-NCM-09-01,228,0.8995,500.0,0.108892,-0.021068
SIM-NCM-09-01,228,0.8995,1000.0,0.108074,-0.02062
SIM-NCM-09-01,228,0.8995,2000.0,0.108655,-0.021878
SIM-NCM-09-01,228,0.8995,5000.0,0.108924,-0.026393
SIM-NCM-09-01,228,0.8995,10000.0,0.107157,-0.023739
SIM-NCM-09-01,350,0.8501,10.0,0.156048,-0.011047
SIM-NCM-09-01,350,0.8501,20.0,0.156195,-0.013667
SIM-NCM-09-01,350,0.8501,50.0,0.155672,-0.015434
SIM-NCM-09-01,350,0.8501,100.0,0.157064,-0.016597
SIM-NCM-09-01,350,0.8501,200.0,0.154984,-0.018046
SIM-NCM-09-01,350,0.8501,500.0,0.151714,-0.018642
SIM-NCM-09-01,350,0.8501,1000.0,0.157109,-0.021224
SIM-NCM-09-01,350,0.8501,2000.0,0.15254,-0.023278
SIM-NCM-09-01,350,0.8501,5000.0,0.154886,-0.023612
SIM-NCM-09-01,350,0.8501,10000.0,0.157477,-0.023348
SIM-NCM-09-01,410,0.8001,10.0,0.200384,-0.012482
SIM-NCM-09-01,410,0.8001,20.0,0.202866,-0.013891
SIM-NCM-09-01,410,0.8001,50.0,0.204205,-0.014986
SIM-NCM-09-01,410,0.8001,100.0,0.202014,-0.017529
SIM-NCM-09-01,410,0.8001,200.0,0.204541,-0.015759
SIM-NCM-09-01,410,0.8001,500.0,0.207697,-0.01967
SIM-NCM-09-01,410,0.8001,1000.0,0.204495,-0.021488
SIM-NCM-09-01,410,0.8001,2000.0,0.204883,-0.020481
SIM-NCM-09-01,410,0.8001,5000.0,0.202536,-0.023963
SIM-NCM-09-01,410,0.8001,10000.0,0.202725,-0.026596
SIM-NCM-09-01,465,0.7496,10.0,0.249899,-0.013679
SIM-NCM-09-01,465,0.7496,20.0,0.24784,-0.013335
SIM-NCM-09-01,465,0.7496,50.0,0.249546,-0.016036
SIM-NCM-09-01,465,0.7496,100.0,0.250363,-0.018204
SIM-NCM-09-01,465,0.7496,200.0,0.249091,-0.019359
SIM-NCM-09-01,465,0.7496,500.0,0.246234,-0.022183
SIM-NCM-09-01,465,0.7496,1000.0,0.250676,-0.023266
SIM-NCM-09-01,465,0.7496,2000.0,0.249675,-0.023921
SIM-NCM-09-01,465,0.7496,5000.0,0.249564,-0.022963
SIM-NCM-09-01,465,0.7496,10000.0,0.248732,-0.024071
SIM-NCM-09-01,523,0.7001,10.0,0.282979,-0.013322
SIM-NCM-09-01,523,0.7001,20.0,0.276448,-0.014635
SIM-NCM-09-01,523,0.7001,50.0,0.284333,-0.015496
SIM-NCM-09-01,523,0.7001,100.0,0.283303,-0.018372
SIM-NCM-09-01,523,0.7001,200.0,0.281372,-0.018906
SIM-NCM-09-01,523,0.7001,500.0,0.283375,-0.021831
SIM-NCM-09-01,523,0.7001,1000.0,0.28254,-0.022538
SIM-NCM-09-01,523,0.7001,2000.0,0.276008,-0.02426
SIM-NCM-09-01,523,0.7001,5000.0,0.281565,-0.024939
SIM-NCM-09-01,523,0.7001,10000.0,0.283815,-0.027837
SIM-NCM-09-02,100,0.9503,10.0,0.058966,-0.012912
SIM-NCM-09-02,100,0.9503,20.0,0.060502,-0.01322
SIM-NCM-09-02,100,0.9503,50.0,0.059336,-0.015459
SIM-NCM-09-02,100,0.9503,100.0,0.059943,-0.017643
SIM-NCM-09-02,100,0.9503,200.0,0.059401,-0.019574
SIM-NCM-09-02,100,0.9503,500.0,0.059823,-0.018415
SIM-NCM-09-02,100,0.9503,1000.0,0.058494,-0.01843
SIM-NCM-09-02,100,0.9503,2000.0,0.0599,-0.020358
SIM-NCM-09-02,100,0.9503,5000.0,0.058728,-0.023179
SIM-NCM-09-02,100,0.9503,10000.0,0.05975,-0.024418
SIM-NCM-09-02,227,0.9001,10.0,0.107694,-0.012751
SIM-NCM-09-02,227,0.9001,20.0,0.107396,-0.01385
SIM-NCM-09-02,227,0.9001,50.0,0.108192,-0.014237
SIM-NCM-09-02,227,0.9001,100.0,0.107109,-0.015315
SIM-NCM-09-02,227,0.9001,200.0,0.108381,-0.018524
SIM-NCM-09-02,227,0.9001,500.0,0.107666,-0.019973
SIM-NCM-09-02,227,0.9001,1000.0,0.108587,-0.019742
SIM-NCM-09-02,227,0.9001,2000.0,0.108742,-0.023495
SIM-NCM-09-02,227,0.9001,5000.0,0.110121,-0.023559
SIM-NCM-09-02,227,0.9001,10000.0,0.10733,-0.024378
SIM-NCM-09-02,350,0.8497,10.0,0.154379,-0.012464
SIM-NCM-09-02,350,0.8497,20.0,0.154412,-0.013527
SIM-NCM-09-02,350,0.8497,50.0,0.15388,-0.014262
SIM-NCM-09-02,350,0.8497,100.0,0.154532,-0.016431
SIM-NCM-09-02,350,0.8497,200.0,0.155618,-0.017746
SIM-NCM-09-02,350,0.8497,500.0,0.153422,-0.019167
SIM-NCM-09-02,350,0.8497,1000.0,0.152527,-0.018633
SIM-NCM-09-02,350,0.8497,2000.0,0.154494,-0.022415
SIM-NCM-09-02,350,0.8497,5000.0,0.154089,-0.022913
SIM-NCM-09-02,350,0.8497,10000.0,0.153779,-0.024691
SIM-NCM-09-02,423,0.8,10.0,0.200788,-0.013679
SIM-NCM-09-02,423,0.8,20.0,0.198614,-0.014441
SIM-NCM-09-02,423,0.8,50.0,0.198047,-0.015499
SIM-NCM-09-02,423,0.8,100.0,0.200184,-0.016015
SIM-NCM-09-02,423,0.8,200.0,0.203446,-0.01878
SIM-NCM-09-02,423,0.8,500.0,0.201948,-0.019226
SIM-NCM-09-02,423,0.8,1000.0,0.202596,-0.020804
SIM-NCM-09-02,423,0.8,2000.0,0.201337,-0.021599
SIM-NCM-09-02,423,0.8,5000.0,0.201602,-0.023735
SIM-NCM-09-02,423,0.8,10000.0,0.200335,-0.026708
SIM-NCM-09-02,478,0.7501,10.0,0.257457,-0.014508
SIM-NCM-09-02,478,0.7501,20.0,0.252991,-0.013852
SIM-NCM-09-02,478,0.7501,50.0,0.25454,-0.016017
SIM-NCM-09-02,478,0.7501,100.0,0.254558,-0.017891
SIM-NCM-09-02,478,0.7501,200.0,0.251687,-0.019544
SIM-NCM-09-02,478,0.7501,500.0,0.255918,-0.019509
SIM-NCM-09-02,478,0.7501,1000.0,0.256334,-0.02162
SIM-NCM-09-02,478,0.7501,2000.0,0.25003,-0.022635
SIM-NCM-09-02,478,0.7501,5000.0,0.257046,-0.025539
SIM-NCM-09-02,478,0.7501,10000.0,0.258474,-0.026784
SIM-NCM-09-02,535,0.6993,10.0,0.293035,-0.012027
SIM-NCM-09-02,535,0.6993,20.0,0.295249,-0.016246
SIM-NCM-09-02,535,0.6993,50.0,0.292479,-0.015142
SIM-NCM-09-02,535,0.6993,100.0,0.288203,-0.018038
SIM-NCM-09-02,535,0.6993,200.0,0.290961,-0.019901
SIM-NCM-09-02,535,0.6993,500.0,0.300915,-0.02009
SIM-NCM-09-02,535,0.6993,1000.0,0.294892,-0.020819
SIM-NCM-09-02,535,0.6993,2000.0,0.288373,-0.022886
SIM-NCM-09-02,535,0.6993,5000.0,0.297348,-0.02474
SIM-NCM-09-02,535,0.6993,10000.0,0.2938,-0.027675
SIM-NCM-09-03,102,0.9498,10.0,0.061748,-0.012846
SIM-NCM-09-03,102,0.9498,20.0,0.060856,-0.014269
SIM-NCM-09-03,102,0.9498,50.0,0.060552,-0.014304
SIM-NCM-09-03,102,0.9498,100.0,0.061222,-0.014424
SIM-NCM-09-03,102,0.9498,200.0,0.061076,-0.01796
SIM-NCM-09-03,102,0.9498,500.0,0.060727,-0.020383
SIM-NCM-09-03,102,0.9498,1000.0,0.060577,-0.020526
SIM-NCM-09-03,102,0.9498,2000.0,0.060112,-0.022259
SIM-NCM-09-03,102,0.9498,5000.0,0.061669,-0.021666
SIM-NCM-09-03,102,0.9498,10000.0,0.061297,-0.024881
SIM-NCM-09-03,227,0.9002,10.0,0.112801,-0.012924
SIM-NCM-09-03,227,0.9002,20.0,0.11159,-0.013392
SIM-NCM-09-03,227,0.9002,50.0,0.110055,-0.015525
SIM-NCM-09-03,227,0.9002,100.0,0.109237,-0.01517
SIM-NCM-09-03,227,0.9002,200.0,0.111087,-0.017727
SIM-NCM-09-03,227,0.9002,500.0,0.111051,-0.020366
SIM-NCM-09-03,227,0.9002,1000.0,0.111307,-0.02166
SIM-NCM-09-03,227,0.9002,2000.0,0.111976,-0.023416
SIM-NCM-09-03,227,0.9002,5000.0,0.109543,-0.024616
SIM-NCM-09-03,227,0.9002,10000.0,0.111965,-0.025213
SIM-NCM-09-03,344,0.8501,10.0,0.153059,-0.012553
SIM-NCM-09-03,344,0.8501,20.0,0.154165,-0.012354
SIM-NCM-09-03,344,0.8501,50.0,0.154861,-0.01707
SIM-NCM-09-03,344,0.8501,100.0,0.151477,-0.017631
SIM-NCM-09-03,344,0.8501,200.0,0.153003,-0.017538
SIM-NCM-09-03,344,0.8501,500.0,0.150075,-0.022713
SIM-NCM-09-03,344,0.8501,1000.0,0.152239,-0.019574
SIM-NCM-09-03,344,0.8501,2000.0,0.152887,-0.019839
SIM-NCM-09-03,344,0.8501,5000.0,0.154146,-0.024106
SIM-NCM-09-03,344,0.8501,10000.0,0.153136,-0.024187
SIM-NCM-09-03,433,0.8002,10.0,0.204056,-0.012589
SIM-NCM-09-03,433,0.8002,20.0,0.205583,-0.013621
SIM-NCM-09-03,433,0.8002,50.0,0.202499,-0.015653
SIM-NCM-09-03,433,0.8002,100.0,0.207595,-0.016128
SIM-NCM-09-03,433,0.8002,200.0,0.205223,-0.017824
SIM-NCM-09-03,433,0.8002,500.0,0.205675,-0.018846
SIM-NCM-09-03,433,0.8002,1000.0,0.206538,-0.022293
SIM-NCM-09-03,433,0.8002,2000.0,0.209507,-0.022544
SIM-NCM-09-03,433,0.8002,5000.0,0.209224,-0.024359
SIM-NCM-09-03,433,0.8002,10000.0,0.20407,-0.024117
SIM-NCM-09-03,488,0.7495,10.0,0.245093,-0.012317
SIM-NCM-09-03,488,0.7495,20.0,0.251605,-0.014985
SIM-NCM-09-03,488,0.7495,50.0,0.244993,-0.015214
SIM-NCM-09-03,488,0.7495,100.0,0.250363,-0.016356
SIM-NCM-09-03,488,0.7495,200.0,0.244775,-0.018866
SIM-NCM-09-03,488,0.7495,500.0,0.244243,-0.019121
SIM-NCM-09-03,488,0.7495,1000.0,0.249634,-0.021593
SIM-NCM-09-03,488,0.7495,2000.0,0.245022,-0.022235
SIM-NCM-09-03,488,0.7495,5000.0,0.249553,-0.026321
SIM-NCM-09-03,488,0.7495,10000.0,0.246484,-0.026132
SIM-NCM-09-03,545,0.6999,10.0,0.301251,-0.012262
SIM-NCM-09-03,545,0.6999,20.0,0.299033,-0.015433
SIM-NCM-09-03,545,0.6999,50.0,0.297751,-0.015308
SIM-NCM-09-03,545,0.6999,100.0,0.295889,-0.017866
SIM-NCM-09-03,545,0.6999,200.0,0.301074,-0.017288
SIM-NCM-09-03,545,0.6999,500.0,0.298924,-0.019786
SIM-NCM-09-03,545,0.6999,1000.0,0.295919,-0.021197
SIM-NCM-09-03,545,0.6999,2000.0,0.30117,-0.022379
SIM-NCM-09-03,545,0.6999,5000.0,0.294873,-0.024602
SIM-NCM-09-03,545,0.6999,10000.0,0.293172,-0.026725
SIM-NCM-10-01,247,0.9503,10.0,0.039853,-0.010727
SIM-NCM-10-01,247,0.9503,20.0,0.039848,-0.013622
SIM-NCM-10-01,247,0.9503,50.0,0.039275,-0.016708
SIM-NCM-10-01,247,0.9503,100.0,0.039896,-0.017424
SIM-NCM-10-01,247,0.9503,200.0,0.040133,-0.016895
SIM-NCM-10-01,247,0.9503,500.0,0.039509,-0.018413
SIM-NCM-10-01,247,0.9503,1000.0,0.039515,-0.022335
SIM-NCM-10-01,247,0.9503,2000.0,0.040395,-0.02375
SIM-NCM-10-01,247,0.9503,5000.0,0.040332,-0.021699
SIM-NCM-10-01,247,0.9503,10000.0,0.040083,-0.0235
SIM-NCM-10-01,521,0.9,10.0,0.065278,-0.011785
SIM-NCM-10-01,521,0.9,20.0,0.064051,-0.013571
SIM-NCM-10-01,521,0.9,50.0,0.065882,-0.013407
SIM-NCM-10-01,521,0.9,100.0,0.066575,-0.017252
SIM-NCM-10-01,521,0.9,200.0,0.06369,-0.018874
SIM-NCM-10-01,521,0.9,500.0,0.065559,-0.019262
SIM-NCM-10-01,521,0.9,1000.0,0.065203,-0.021469
SIM-NCM-10-01,521,0.9,2000.0,0.06504,-0.020469
SIM-NCM-10-01,521,0.9,5000.0,0.06489,-0.022355
SIM-NCM-10-01,521,0.9,10000.0,0.065241,-0.02554
SIM-NCM-10-01,797,0.85,10.0,0.097713,-0.010994
SIM-NCM-10-01,797,0.85,20.0,0.096595,-0.012556
SIM-NCM-10-01,797,0.85,50.0,0.095169,-0.014055
SIM-NCM-10-01,797,0.85,100.0,0.096258,-0.016407
SIM-NCM-10-01,797,0.85,200.0,0.096067,-0.017507
SIM-NCM-10-01,797,0.85,500.0,0.097491,-0.017603
SIM-NCM-10-01,797,0.85,1000.0,0.09596,-0.020773
SIM-NCM-10-01,797,0.85,2000.0,0.09565,-0.022278
SIM-NCM-10-01,797,0.85,5000.0,0.09599,-0.025578
SIM-NCM-10-01,797,0.85,10000.0,0.097468,-0.025452
SIM-NCM-10-01,934,0.8001,10.0,0.118981,-0.013686
SIM-NCM-10-01,934,0.8001,20.0,0.117799,-0.015261
SIM-NCM-10-01,934,0.8001,50.0,0.11943,-0.017316
SIM-NCM-10-01,934,0.8001,100.0,0.11672,-0.017231
SIM-NCM-10-01,934,0.8001,200.0,0.117795,-0.01897
SIM-NCM-10-01,934,0.8001,500.0,0.117997,-0.019656
SIM-NCM-10-01,934,0.8001,1000.0,0.117447,-0.021722
SIM-NCM-10-01,934,0.8001,2000.0,0.117166,-0.021929
SIM-NCM-10-01,934,0.8001,5000.0,0.118754,-0.024645
SIM-NCM-10-01,934,0.8001,10000.0,0.119442,-0.026798
SIM-NCM-10-01,1053,0.7501,10.0,0.15224,-0.013661
SIM-NCM-10-01,1053,0.7501,20.0,0.15421,-0.014296
SIM-NCM-10-01,1053,0.7501,50.0,0.152724,-0.015545
SIM-NCM-10-01,1053,0.7501,100.0,0.152136,-0.017888
SIM-NCM-10-01,1053,0.7501,200.0,0.152791,-0.018966
SIM-NCM-10-01,1053,0.7501,500.0,0.153596,-0.020175
SIM-NCM-10-01,1053,0.7501,1000.0,0.153328,-0.019829
SIM-NCM-10-01,1053,0.7501,2000.0,0.148724,-0.02173
SIM-NCM-10-01,1053,0.7501,5000.0,0.15229,-0.024932
SIM-NCM-10-01,1053,0.7501,10000.0,0.152429,-0.02466
SIM-NCM-10-01,1178,0.7008,10.0,0.177501,-0.013501
SIM-NCM-10-01,1178,0.7008,20.0,0.179864,-0.013892
SIM-NCM-10-01,1178,0.7008,50.0,0.180436,-0.016068
SIM-NCM-10-01,1178,0.7008,100.0,0.177824,-0.019685
SIM-NCM-10-01,1178,0.7008,200.0,0.176419,-0.018848
SIM-NCM-10-01,1178,0.7008,500.0,0.178368,-0.019912
SIM-NCM-10-01,1178,0.7008,1000.0,0.18075,-0.020795
SIM-NCM-10-01,1178,0.7008,2000.0,0.177845,-0.022924
SIM-NCM-10-01,1178,0.7008,5000.0,0.176728,-0.02454
SIM-NCM-10-01,1178,0.7008,10000.0,0.177133,-0.025748
SIM-NCM-10-02,244,0.9503,10.0,0.040756,-0.013324
SIM-NCM-10-02,244,0.9503,20.0,0.040795,-0.013807
SIM-NCM-10-02,244,0.9503,50.0,0.039749,-0.015902
SIM-NCM-10-02,244,0.9503,100.0,0.039562,-0.017351
SIM-NCM-10-02,244,0.9503,200.0,0.039863,-0.018212
SIM-NCM-10-02,244,0.9503,500.0,0.039829,-0.018846
SIM-NCM-10-02,244,0.9503,1000.0,0.039921,-0.020076
SIM-NCM-10-02,244,0.9503,2000.0,0.040242,-0.021928
SIM-NCM-10-02,244,0.9503,5000.0,0.039874,-0.022846
SIM-NCM-10-02,244,0.9503,10000.0,0.040083,-0.025618
SIM-NCM-10-02,521,0.8999,10.0,0.068842,-0.014602
SIM-NCM-10-02,521,0.8999,20.0,0.068583,-0.015245
SIM-NCM-10-02,521,0.8999,50.0,0.069266,-0.014355
SIM-NCM-10-02,521,0.8999,100.0,0.068332,-0.015191
SIM-NCM-10-02,521,0.8999,200.0,0.068659,-0.016964
SIM-NCM-10-02,521,0.8999,500.0,0.070379,-0.018617
SIM-NCM-10-02,521,0.8999,1000.0,0.068042,-0.019572
SIM-NCM-10-02,521,0.8999,2000.0,0.068764,-0.023715
SIM-NCM-10-02,521,0.8999,5000.0,0.068937,-0.022969
SIM-NCM-10-02,521,0.8999,10000.0,0.068004,-0.023566
SIM-NCM-10-02,798,0.8499,10.0,0.098814,-0.01174
SIM-NCM-10-02,798,0.8499,20.0,0.099425,-0.012998
SIM-NCM-10-02,798,0.8499,50.0,0.098948,-0.013896
SIM-NCM-10-02,798,0.8499,100.0,0.099787,-0.017332
SIM-NCM-10-02,798,0.8499,200.0,0.097941,-0.017724
SIM-NCM-10-02,798,0.8499,500.0,0.098239,-0.020564
SIM-NCM-10-02,798,0.8499,1000.0,0.098217,-0.020397
SIM-NCM-10-02,798,0.8499,2000.0,0.099144,-0.022604
SIM-NCM-10-02,798,0.8499,5000.0,0.099652,-0.025048
SIM-NCM-10-02,798,0.8499,10000.0,0.098757,-0.025573
SIM-NCM-10-02,952,0.7999,10.0,0.118799,-0.011361
SIM-NCM-10-02,952,0.7999,20.0,0.118127,-0.01259
SIM-NCM-10-02,952,0.7999,50.0,0.11624,-0.016697
SIM-NCM-10-02,952,0.7999,100.0,0.118365,-0.017856
SIM-NCM-10-02,952,0.7999,200.0,0.119565,-0.018356
SIM-NCM-10-02,952,0.7999,500.0,0.116256,-0.021364
SIM-NCM-10-02,952,0.7999,1000.0,0.116419,-0.020634
SIM-NCM-10-02,952,0.7999,2000.0,0.119979,-0.022286
SIM-NCM-10-02,952,0.7999,5000.0,0.118694,-0.0248
SIM-NCM-10-02,952,0.7999,10000.0,0.116487,-0.025529
SIM-NCM-10-02,1082,0.7494,10.0,0.144022,-0.011731
SIM-NCM-10-02,1082,0.7494,20.0,0.146091,-0.014817
SIM-NCM-10-02,1082,0.7494,50.0,0.144509,-0.017469
SIM-NCM-10-02,1082,0.7494,100.0,0.144667,-0.016822
SIM-NCM-10-02,1082,0.7494,200.0,0.145738,-0.018413
SIM-NCM-10-02,1082,0.7494,500.0,0.144206,-0.019996
SIM-NCM-10-02,1082,0.7494,1000.0,0.145289,-0.022337
SIM-NCM-10-02,1082,0.7494,2000.0,0.146921,-0.022255
SIM-NCM-10-02,1082,0.7494,5000.0,0.145269,-0.02398
SIM-NCM-10-02,1082,0.7494,10000.0,0.144552,-0.02726
SIM-NCM-10-02,1204,0.7001,10.0,0.16953,-0.012075
SIM-NCM-10-02,1204,0.7001,20.0,0.175737,-0.015757
SIM-NCM-10-02,1204,0.7001,50.0,0.177565,-0.016345
SIM-NCM-10-02,1204,0.7001,100.0,0.173582,-0.016679
SIM-NCM-10-02,1204,0.7001,200.0,0.172133,-0.019042
SIM-NCM-10-02,1204,0.7001,500.0,0.174074,-0.021335
SIM-NCM-10-02,1204,0.7001,1000.0,0.172254,-0.021304
SIM-NCM-10-02,1204,0.7001,2000.0,0.174759,-0.021729
SIM-NCM-10-02,1204,0.7001,5000.0,0.173355,-0.023119
SIM-NCM-10-02,1204,0.7001,10000.0,0.176767,-0.024347
SIM-NCM-10-03,245,0.9501,10.0,0.040445,-0.013923
SIM-NCM-10-03,245,0.9501,20.0,0.040956,-0.013598
SIM-NCM-10-03,245,0.9501,50.0,0.041034,-0.014578
SIM-NCM-10-03,245,0.9501,100.0,0.040604,-0.014107
SIM-NCM-10-03,245,0.9501,200.0,0.040429,-0.016448
SIM-NCM-10-03,245,0.9501,500.0,0.040764,-0.019415
SIM-NCM-10-03,245,0.9501,1000.0,0.040362,-0.020277
SIM-NCM-10-03,245,0.9501,2000.0,0.039742,-0.021877
SIM-NCM-10-03,245,0.9501,5000.0,0.040816,-0.022362
SIM-NCM-10-03,245,0.9501,10000.0,0.041003,-0.024998
SIM-NCM-10-03,524,0.8999,10.0,0.06664,-0.012014
SIM-NCM-10-03,524,0.8999,20.0,0.066388,-0.013339
SIM-NCM-10-03,524,0.8999,50.0,0.06676,-0.014642
SIM-NCM-10-03,524,0.8999,100.0,0.066275,-0.015907
SIM-NCM-10-03,524,0.8999,200.0,0.068074,-0.016548
SIM-NCM-10-03,524,0.8999,500.0,0.065791,-0.019557
SIM-NCM-10-03,524,0.8999,1000.0,0.066603,-0.020589
SIM-NCM-10-03,524,0.8999,2000.0,0.065794,-0.022229
SIM-NCM-10-03,524,0.8999,5000.0,0.066502,-0.023681
SIM-NCM-10-03,524,0.8999,10000.0,0.067106,-0.025927
SIM-NCM-10-03,794,0.85,10.0,0.093972,-0.013808
SIM-NCM-10-03,794,0.85,20.0,0.095364,-0.012471
SIM-NCM-10-03,794,0.85,50.0,0.095135,-0.017241
SIM-NCM-10-03,794,0.85,100.0,0.093047,-0.017299
SIM-NCM-10-03,794,0.85,200.0,0.09413,-0.017964
SIM-NCM-10-03,794,0.85,500.0,0.094041,-0.02091
SIM-NCM-10-03,794,0.85,1000.0,0.093512,-0.020178
SIM-NCM-10-03,794,0.85,2000.0,0.092912,-0.023281
SIM-NCM-10-03,794,0.85,5000.0,0.094073,-0.021979
SIM-NCM-10-03,794,0.85,10000.0,0.094351,-0.026059
SIM-NCM-10-03,973,0.8001,10.0,0.127006,-0.012718
SIM-NCM-10-03,973,0.8001,20.0,0.125839,-0.012854
SIM-NCM-10-03,973,0.8001,50.0,0.127524,-0.016125
SIM-NCM-10-03,973,0.8001,100.0,0.125653,-0.018877
SIM-NCM-10-03,973,0.8001,200.0,0.126435,-0.018065
SIM-NCM-10-03,973,0.8001,500.0,0.128106,-0.018387
SIM-NCM-10-03,973,0.8001,1000.0,0.127587,-0.021465
SIM-NCM-10-03,973,0.8001,2000.0,0.125594,-0.023327
SIM-NCM-10-03,973,0.8001,5000.0,0.126259,-0.022782
SIM-NCM-10-03,973,0.8001,10000.0,0.128348,-0.023988
SIM-NCM-10-03,1100,0.7499,10.0,0.148633,-0.013135
SIM-NCM-10-03,1100,0.7499,20.0,0.150273,-0.01242
SIM-NCM-10-03,1100,0.7499,50.0,0.153601,-0.014805
SIM-NCM-10-03,1100,0.7499,100.0,0.153502,-0.01687
SIM-NCM-10-03,1100,0.7499,200.0,0.148696,-0.018496
SIM-NCM-10-03,1100,0.7499,500.0,0.148593,-0.019795
SIM-NCM-10-03,1100,0.7499,1000.0,0.151336,-0.022246
SIM-NCM-10-03,1100,0.7499,2000.0,0.150811,-0.02434
SIM-NCM-10-03,1100,0.7499,5000.0,0.148803,-0.026385
SIM-NCM-10-03,1100,0.7499,10000.0,0.150989,-0.025709
SIM-NCM-10-03,1217,0.7004,10.0,0.17459,-0.013139
SIM-NCM-10-03,1217,0.7004,20.0,0.172997,-0.01436
SIM-NCM-10-03,1217,0.7004,50.0,0.172168,-0.016604
SIM-NCM-10-03,1217,0.7004,100.0,0.171999,-0.01669
SIM-NCM-10-03,1217,0.7004,200.0,0.173,-0.020057
SIM-NCM-10-03,1217,0.7004,500.0,0.172795,-0.020953
SIM-NCM-10-03,1217,0.7004,1000.0,0.170145,-0.02213
SIM-NCM-10-03,1217,0.7004,2000.0,0.171558,-0.022412
SIM-NCM-10-03,1217,0.7004,5000.0,0.170263,-0.024287
SIM-NCM-10-03,1217,0.7004,10000.0,0.172656,-0.025033
SIM-NCM-11-01,183,0.9501,10.0,0.052985,-0.012789
SIM-NCM-11-01,183,0.9501,20.0,0.052352,-0.014782
SIM-NCM-11-01,183,0.9501,50.0,0.053408,-0.013346
SIM-NCM-11-01,183,0.9501,100.0,0.052878,-0.015583
SIM-NCM-11-01,183,0.9501,200.0,0.052871,-0.018005
SIM-NCM-11-01,183,0.9501,500.0,0.053174,-0.019819
SIM-NCM-11-01,183,0.9501,1000.0,0.052457,-0.019362
SIM-NCM-11-01,183,0.9501,2000.0,0.053906,-0.019654
SIM-NCM-11-01,183,0.9501,5000.0,0.053024,-0.024137
SIM-NCM-11-01,183,0.9501,10000.0,0.053894,-0.024769
SIM-NCM-11-01,388,0.8997,10.0,0.091532,-0.013627
SIM-NCM-11-01,388,0.8997,20.0,0.090812,-0.014186
SIM-NCM-11-01,388,0.8997,50.0,0.088811,-0.015493
SIM-NCM-11-01,388,0.8997,100.0,0.08998,-0.016616
SIM-NCM-11-01,388,0.8997,200.0,0.090146,-0.017487
SIM-NCM-11-01,388,0.8997,500.0,0.089983,-0.019104
SIM-NCM-11-01,388,0.8997,1000.0,0.089211,-0.021088
SIM-NCM-11-01,388,0.8997,2000.0,0.090058,-0.021825
SIM-NCM-11-01,388,0.8997,5000.0,0.090613,-0.025093
SIM-NCM-11-01,388,0.8997,10000.0,0.089089,-0.025287
SIM-NCM-11-01,589,0.8499,10.0,0.121071,-0.012953
SIM-NCM-11-01,589,0.8499,20.0,0.121307,-0.013632
SIM-NCM-11-01,589,0.8499,50.0,0.123689,-0.016692
SIM-NCM-11-01,589,0.8499,100.0,0.121364,-0.015741
SIM-NCM-11-01,589,0.8499,200.0,0.121455,-0.018259
SIM-NCM-11-01,589,0.8499,500.0,0.122163,-0.020575
SIM-NCM-11-01,589,0.8499,1000.0,0.125269,-0.021409
SIM-NCM-11-01,589,0.8499,2000.0,0.124076,-0.021009
SIM-NCM-11-01,589,0.8499,5000.0,0.123241,-0.024421
SIM-NCM-11-01,589,0.8499,10000.0,0.124169,-0.024406
SIM-NCM-11-01,704,0.8002,10.0,0.158121,-0.012527
SIM-NCM-11-01,704,0.8002,20.0,0.15522,-0.014717
SIM-NCM-11-01,704,0.8002,50.0,0.158244,-0.015343
SIM-NCM-11-01,704,0.8002,100.0,0.158953,-0.016508
SIM-NCM-11-01,704,0.8002,200.0,0.156021,-0.018467
SIM-NCM-11-01,704,0.8002,500.0,0.156302,-0.019353
SIM-NCM-11-01,704,0.8002,1000.0,0.156787,-0.022169
SIM-NCM-11-01,704,0.8002,2000.0,0.155701,-0.022206
SIM-NCM-11-01,704,0.8002,5000.0,0.159203,-0.024758
SIM-NCM-11-01,704,0.8002,10000.0,0.154564,-0.024069
SIM-NCM-11-01,796,0.7502,10.0,0.196004,-0.0127
SIM-NCM-11-01,796,0.7502,20.0,0.200697,-0.015455
SIM-NCM-11-01,796,0.7502,50.0,0.193616,-0.017259
SIM-NCM-11-01,796,0.7502,100.0,0.196049,-0.017531
SIM-NCM-11-01,796,0.7502,200.0,0.195196,-0.018143
SIM-NCM-11-01,796,0.7502,500.0,0.192464,-0.018529
SIM-NCM-11-01,796,0.7502,1000.0,0.196971,-0.022386
SIM-NCM-11-01,796,0.7502,2000.0,0.194139,-0.023859
SIM-NCM-11-01,796,0.7502,5000.0,0.199536,-0.024098
SIM-NCM-11-01,796,0.7502,10000.0,0.196762,-0.026171
SIM-NCM-11-01,886,0.7,10.0,0.237854,-0.013044
SIM-NCM-11-01,886,0.7,20.0,0.241974,-0.014487
SIM-NCM-11-01,886,0.7,50.0,0.239816,-0.017149
SIM-NCM-11-01,886,0.7,100.0,0.243774,-0.017429
SIM-NCM-11-01,886,0.7,200.0,0.237166,-0.019088
SIM-NCM-11-01,886,0.7,500.0,0.241622,-0.020053
SIM-NCM-11-01,886,0.7,1000.0,0.240931,-0.020638
SIM-NCM-11-01,886,0.7,2000.0,0.241938,-0.021715
SIM-NCM-11-01,886,0.7,5000.0,0.239714,-0.024009
SIM-NCM-11-01,886,0.7,10000.0,0.241728,-0.025765
SIM-NCM-11-02,188,0.95,10.0,0.052987,-0.012546
SIM-NCM-11-02,188,0.95,20.0,0.053511,-0.012232
SIM-NCM-11-02,188,0.95,50.0,0.052797,-0.013857
SIM-NCM-11-02,188,0.95,100.0,0.053735,-0.016586
SIM-NCM-11-02,188,0.95,200.0,0.053376,-0.016671
SIM-NCM-11-02,188,0.95,500.0,0.05304,-0.020172
SIM-NCM-11-02,188,0.95,1000.0,0.052343,-0.020572
SIM-NCM-11-02,188,0.95,2000.0,0.053456,-0.021406
SIM-NCM-11-02,188,0.95,5000.0,0.052492,-0.024782
SIM-NCM-11-02,188,0.95,10000.0,0.05387,-0.024422
SIM-NCM-11-02,384,0.9001,10.0,0.089453,-0.013636
SIM-NCM-11-02,384,0.9001,20.0,0.089797,-0.014969
SIM-NCM-11-02,384,0.9001,50.0,0.086546,-0.013565
SIM-NCM-11-02,384,0.9001,100.0,0.088937,-0.016295
SIM-NCM-11-02,384,0.9001,200.0,0.088971,-0.017434
SIM-NCM-11-02,384,0.9001,500.0,0.08741,-0.01808
SIM-NCM-11-02,384,0.9001,1000.0,0.088794,-0.02233
SIM-NCM-11-02,384,0.9001,2000.0,0.087508,-0.024144
SIM-NCM-11-02,384,0.9001,5000.0,0.088938,-0.022826
SIM-NCM-11-02,384,0.9001,10000.0,0.087749,-0.02435
SIM-NCM-11-02,581,0.85,10.0,0.126252,-0.012116
SIM-NCM-11-02,581,0.85,20.0,0.127247,-0.013444
SIM-NCM-11-02,581,0.85,50.0,0.127207,-0.016259
SIM-NCM-11-02,581,0.85,100.0,0.125099,-0.017283
SIM-NCM-11-02,581,0.85,200.0,0.127807,-0.017316
SIM-NCM-11-02,581,0.85,500.0,0.127845,-0.020453
SIM-NCM-11-02,581,0.85,1000.0,0.122097,-0.021173
SIM-NCM-11-02,581,0.85,2000.0,0.127038,-0.023678
SIM-NCM-11-02,581,0.85,5000.0,0.127027,-0.022041
SIM-NCM-11-02,581,0.85,10000.0,0.12458,-0.023062
SIM-NCM-11-02,730,0.7999,10.0,0.16121,-0.012441
SIM-NCM-11-02,730,0.7999,20.0,0.161422,-0.014153
SIM-NCM-11-02,730,0.7999,50.0,0.161168,-0.016432
SIM-NCM-11-02,730,0.7999,100.0,0.160578,-0.016433
SIM-NCM-11-02,730,0.7999,200.0,0.158143,-0.01762
SIM-NCM-11-02,730,0.7999,500.0,0.162377,-0.021787
SIM-NCM-11-02,730,0.7999,1000.0,0.161019,-0.022146
SIM-NCM-11-02,730,0.7999,2000.0,0.162362,-0.021887
SIM-NCM-11-02,730,0.7999,5000.0,0.162099,-0.024889
SIM-NCM-11-02,730,0.7999,10000.0,0.163102,-0.026122
SIM-NCM-11-02,824,0.7492,10.0,0.197493,-0.012858
SIM-NCM-11-02,824,0.7492,20.0,0.197344,-0.01376
SIM-NCM-11-02,824,0.7492,50.0,0.196274,-0.017968
SIM-NCM-11-02,824,0.7492,100.0,0.196063,-0.017381
SIM-NCM-11-02,824,0.7492,200.0,0.199722,-0.019125
SIM-NCM-11-02,824,0.7492,500.0,0.196803,-0.019791
SIM-NCM-11-02,824,0.7492,1000.0,0.195256,-0.021561
SIM-NCM-11-02,824,0.7492,2000.0,0.193947,-0.023779
SIM-NCM-11-02,824,0.7492,5000.0,0.19945,-0.022492
SIM-NCM-11-02,824,0.7492,10000.0,0.197979,-0.027737
SIM-NCM-11-02,914,0.7018,10.0,0.226198,-0.012779
SIM-NCM-11-02,914,0.7018,20.0,0.225669,-0.014981
SIM-NCM-11-02,914,0.7018,50.0,0.223525,-0.01673
SIM-NCM-11-02,914,0.7018,100.0,0.224305,-0.018819
SIM-NCM-11-02,914,0.7018,200.0,0.223402,-0.018948
SIM-NCM-11-02,914,0.7018,500.0,0.227358,-0.019853
SIM-NCM-11-02,914,0.7018,1000.0,0.229048,-0.022555
SIM-NCM-11-02,914,0.7018,2000.0,0.229152,-0.023187
SIM-NCM-11-02,914,0.7018,5000.0,0.224843,-0.025813
SIM-NCM-11-02,914,0.7018,10000.0,0.228324,-0.026217
SIM-NCM-11-03,184,0.9499,10.0,0.051725,-0.012455
SIM-NCM-11-03,184,0.9499,20.0,0.052248,-0.013196
SIM-NCM-11-03,184,0.9499,50.0,0.051723,-0.014775
SIM-NCM-11-03,184,0.9499,100.0,0.051423,-0.016842
SIM-NCM-11-03,184,0.9499,200.0,0.051543,-0.018233
SIM-NCM-11-03,184,0.9499,500.0,0.051918,-0.019511
SIM-NCM-11-03,184,0.9499,1000.0,0.052164,-0.019556
SIM-NCM-11-03,184,0.9499,2000.0,0.050977,-0.02135
SIM-NCM-11-03,184,0.9499,5000.0,0.051513,-0.022554
SIM-NCM-11-03,184,0.9499,10000.0,0.052141,-0.024532
SIM-NCM-11-03,386,0.9001,10.0,0.088383,-0.011096
SIM-NCM-11-03,386,0.9001,20.0,0.089344,-0.013634
SIM-NCM-11-03,386,0.9001,50.0,0.090159,-0.015167
SIM-NCM-11-03,386,0.9001,100.0,0.090399,-0.01753
SIM-NCM-11-03,386,0.9001,200.0,0.089835,-0.018457
SIM-NCM-11-03,386,0.9001,500.0,0.088529,-0.019356
SIM-NCM-11-03,386,0.9001,1000.0,0.089171,-0.020614
SIM-NCM-11-03,386,0.9001,2000.0,0.09081,-0.021262
SIM-NCM-11-03,386,0.9001,5000.0,0.091018,-0.024394
SIM-NCM-11-03,386,0.9001,10000.0,0.089144,-0.023059
SIM-NCM-11-03,583,0.8501,10.0,0.122922,-0.011732
SIM-NCM-11-03,583,0.8501,20.0,0.124332,-0.01328
SIM-NCM-11-03,583,0.8501,50.0,0.122889,-0.01495
SIM-NCM-11-03,583,0.8501,100.0,0.12312,-0.015699
SIM-NCM-11-03,583,0.8501,200.0,0.123208,-0.019325
SIM-NCM-11-03,583,0.8501,500.0,0.119401,-0.018167
SIM-NCM-11-03,583,0.8501,1000.0,0.122869,-0.022652
SIM-NCM-11-03,583,0.8501,2000.0,0.122806,-0.021668
SIM-NCM-11-03,583,0.8501,5000.0,0.122327,-0.024359
SIM-NCM-11-03,583,0.8501,10000.0,0.122367,-0.025174
SIM-NCM-11-03,722,0.7997,10.0,0.1682,-0.01316
SIM-NCM-11-03,722,0.7997,20.0,0.164159,-0.014045
SIM-NCM-11-03,722,0.7997,50.0,0.165163,-0.014997
SIM-NCM-11-03,722,0.7997,100.0,0.165063,-0.016316
SIM-NCM-11-03,722,0.7997,200.0,0.165512,-0.017962
SIM-NCM-11-03,722,0.7997,500.0,0.167365,-0.019757
SIM-NCM-11-03,722,0.7997,1000.0,0.169901,-0.021586
SIM-NCM-11-03,722,0.7997,2000.0,0.167534,-0.022303
SIM-NCM-11-03,722,0.7997,5000.0,0.168315,-0.02546
SIM-NCM-11-03,722,0.7997,10000.0,0.163915,-0.025314
SIM-NCM-11-03,810,0.7499,10.0,0.195515,-0.013735
SIM-NCM-11-03,810,0.7499,20.0,0.190911,-0.013835
SIM-NCM-11-03,810,0.7499,50.0,0.193312,-0.014713
SIM-NCM-11-03,810,0.7499,100.0,0.190869,-0.016283
SIM-NCM-11-03,810,0.7499,200.0,0.191457,-0.019747
SIM-NCM-11-03,810,0.7499,500.0,0.187862,-0.020344
SIM-NCM-11-03,810,0.7499,1000.0,0.192218,-0.020344
SIM-NCM-11-03,810,0.7499,2000.0,0.186195,-0.022655
SIM-NCM-11-03,810,0.7499,5000.0,0.190645,-0.025077
SIM-NCM-11-03,810,0.7499,10000.0,0.194109,-0.025787
SIM-NCM-11-03,901,0.6999,10.0,0.234346,-0.012922
SIM-NCM-11-03,901,0.6999,20.0,0.2331,-0.013147
SIM-NCM-11-03,901,0.6999,50.0,0.234601,-0.01513
SIM-NCM-11-03,901,0.6999,100.0,0.235758,-0.016289
SIM-NCM-11-03,901,0.6999,200.0,0.236268,-0.018879
SIM-NCM-11-03,901,0.6999,500.0,0.230979,-0.019995
SIM-NCM-11-03,901,0.6999,1000.0,0.235889,-0.021496
SIM-NCM-11-03,901,0.6999,2000.0,0.232754,-0.023243
SIM-NCM-11-03,901,0.6999,5000.0,0.237982,-0.02471
SIM-NCM-11-03,901,0.6999,10000.0,0.237195,-0.026422
SIM-NCM-12-01,136,0.95,10.0,0.062708,-0.011541
SIM-NCM-12-01,136,0.95,20.0,0.061748,-0.012819
SIM-NCM-12-01,136,0.95,50.0,0.060648,-0.016039
SIM-NCM-12-01,136,0.95,100.0,0.060365,-0.016437
SIM-NCM-12-01,136,0.95,200.0,0.060247,-0.017491
SIM-NCM-12-01,136,0.95,500.0,0.061314,-0.018517
SIM-NCM-12-01,136,0.95,1000.0,0.06139,-0.021645
SIM-NCM-12-01,136,0.95,2000.0,0.061663,-0.020642
SIM-NCM-12-01,136,0.95,5000.0,0.060959,-0.023745
SIM-NCM-12-01,136,0.95,10000.0,0.061069,-0.025141
SIM-NCM-12-01,291,0.9,10.0,0.102219,-0.012687
SIM-NCM-12-01,291,0.9,20.0,0.106542,-0.015301
SIM-NCM-12-01,291,0.9,50.0,0.106201,-0.014295
SIM-NCM-12-01,291,0.9,100.0,0.108567,-0.017869
SIM-NCM-12-01,291,0.9,200.0,0.108036,-0.018171
SIM-NCM-12-01,291,0.9,500.0,0.105437,-0.019033
SIM-NCM-12-01,291,0.9,1000.0,0.106869,-0.020357
SIM-NCM-12-01,291,0.9,2000.0,0.105987,-0.021031
SIM-NCM-12-01,291,0.9,5000.0,0.106334,-0.023162
SIM-NCM-12-01,291,0.9,10000.0,0.106752,-0.024255
SIM-NCM-12-01,453,0.8504,10.0,0.156926,-0.011982
SIM-NCM-12-01,453,0.8504,20.0,0.156958,-0.014402
SIM-NCM-12-01,453,0.8504,50.0,0.15657,-0.015675
SIM-NCM-12-01,453,0.8504,100.0,0.15431,-0.017115
SIM-NCM-12-01,453,0.8504,200.0,0.156478,-0.020024
SIM-NCM-12-01,453,0.8504,500.0,0.157901,-0.0185
SIM-NCM-12-01,453,0.8504,1000.0,0.156405,-0.021895
SIM-NCM-12-01,453,0.8504,2000.0,0.157596,-0.021528
SIM-NCM-12-01,453,0.8504,5000.0,0.154596,-0.024101
SIM-NCM-12-01,453,0.8504,10000.0,0.157825,-0.024389
SIM-NCM-12-01,534,0.7992,10.0,0.212315,-0.012157
SIM-NCM-12-01,534,0.7992,20.0,0.211552,-0.013604
SIM-NCM-12-01,534,0.7992,50.0,0.208209,-0.013291
SIM-NCM-12-01,534,0.7992,100.0,0.211093,-0.01879
SIM-NCM-12-01,534,0.7992,200.0,0.206836,-0.018255
SIM-NCM-12-01,534,0.7992,500.0,0.211901,-0.020302
SIM-NCM-12-01,534,0.7992,1000.0,0.209773,-0.020873
SIM-NCM-12-01,534,0.7992,2000.0,0.209543,-0.023511
SIM-NCM-12-01,534,0.7992,5000.0,0.210942,-0.024349
SIM-NCM-12-01,534,0.7992,10000.0,0.211245,-0.026019
SIM-NCM-12-01,602,0.7501,10.0,0.250377,-0.013244
SIM-NCM-12-01,602,0.7501,20.0,0.254445,-0.0126
SIM-NCM-12-01,602,0.7501,50.0,0.254725,-0.014889
SIM-NCM-12-01,602,0.7501,100.0,0.252221,-0.015403
SIM-NCM-12-01,602,0.7501,200.0,0.251836,-0.019531
SIM-NCM-12-01,602,0.7501,500.0,0.251774,-0.019617
SIM-NCM-12-01,602,0.7501,1000.0,0.251337,-0.023827
SIM-NCM-12-01,602,0.7501,2000.0,0.248785,-0.022971
SIM-NCM-12-01,602,0.7501,5000.0,0.253724,-0.025035
SIM-NCM-12-01,602,0.7501,10000.0,0.250687,-0.026295
SIM-NCM-12-01,675,0.7001,10.0,0.299135,-0.01186
SIM-NCM-12-01,675,0.7001,20.0,0.296494,-0.014703
SIM-NCM-12-01,675,0.7001,50.0,0.291942,-0.014262
SIM-NCM-12-01,675,0.7001,100.0,0.297841,-0.017797
SIM-NCM-12-01,675,0.7001,200.0,0.297764,-0.021103
SIM-NCM-12-01,675,0.7001,500.0,0.296472,-0.021531
SIM-NCM-12-01,675,0.7001,1000.0,0.297059,-0.021627
SIM-NCM-12-01,675,0.7001,2000.0,0.298974,-0.02163
SIM-NCM-12-01,675,0.7001,5000.0,0.295958,-0.024718
SIM-NCM-12-01,675,0.7001,10000.0,0.290737,-0.026735
SIM-NCM-12-02,137,0.95,10.0,0.058616,-0.012652
SIM-NCM-12-02,137,0.95,20.0,0.058863,-0.01076
SIM-NCM-12-02,137,0.95,50.0,0.059033,-0.014303
SIM-NCM-12-02,137,0.95,100.0,0.059999,-0.01601
SIM-NCM-12-02,137,0.95,200.0,0.058437,-0.017373
SIM-NCM-12-02,137,0.95,500.0,0.059733,-0.01906
SIM-NCM-12-02,137,0.95,1000.0,0.059032,-0.020124
SIM-NCM-12-02,137,0.95,2000.0,0.059453,-0.02219
SIM-NCM-12-02,137,0.95,5000.0,0.059856,-0.021231
SIM-NCM-12-02,137,0.95,10000.0,0.061012,-0.023118
SIM-NCM-12-02,288,0.8999,10.0,0.109201,-0.012032
SIM-NCM-12-02,288,0.8999,20.0,0.106952,-0.014095
SIM-NCM-12-02,288,0.8999,50.0,0.107227,-0.013985
SIM-NCM-12-02,288,0.8999,100.0,0.107022,-0.016929
SIM-NCM-12-02,288,0.8999,200.0,0.107538,-0.017865
SIM-NCM-12-02,288,0.8999,500.0,0.109938,-0.018757
SIM-NCM-12-02,288,0.8999,1000.0,0.107963,-0.019667
SIM-NCM-12-02,288,0.8999,2000.0,0.110335,-0.022053
SIM-NCM-12-02,288,0.8999,5000.0,0.109429,-0.023285
SIM-NCM-12-02,288,0.8999,10000.0,0.108882,-0.024417
SIM-NCM-12-02,455,0.85,10.0,0.160403,-0.014073
SIM-NCM-12-02,455,0.85,20.0,0.161821,-0.013936
SIM-NCM-12-02,455,0.85,50.0,0.161177,-0.015787
SIM-NCM-12-02,455,0.85,100.0,0.160446,-0.017361
SIM-NCM-12-02,455,0.85,200.0,0.16159,-0.018237
SIM-NCM-12-02,455,0.85,500.0,0.159484,-0.019348
SIM-NCM-12-02,455,0.85,1000.0,0.161516,-0.021351
SIM-NCM-12-02,455,0.85,2000.0,0.158516,-0.022903
SIM-NCM-12-02,455,0.85,5000.0,0.160161,-0.022227
SIM-NCM-12-02,455,0.85,10000.0,0.161225,-0.024917
SIM-NCM-12-02,548,0.8001,10.0,0.198288,-0.013188
SIM-NCM-12-02,548,0.8001,20.0,0.195939,-0.01342
SIM-NCM-12-02,548,0.8001,50.0,0.197465,-0.016308
SIM-NCM-12-02,548,0.8001,100.0,0.199444,-0.016837
SIM-NCM-12-02,548,0.8001,200.0,0.197191,-0.018468
SIM-NCM-12-02,548,0.8001,500.0,0.198626,-0.021414
SIM-NCM-12-02,548,0.8001,1000.0,0.199389,-0.022278
SIM-NCM-12-02,548,0.8001,2000.0,0.197697,-0.023035
SIM-NCM-12-02,548,0.8001,5000.0,0.197756,-0.023925
SIM-NCM-12-02,548,0.8001,10000.0,0.196848,-0.024774
SIM-NCM-12-02,618,0.7501,10.0,0.248659,-0.013437
SIM-NCM-12-02,618,0.7501,20.0,0.246558,-0.014256
SIM-NCM-12-02,618,0.7501,50.0,0.24623,-0.014891
SIM-NCM-12-02,618,0.7501,100.0,0.253688,-0.017462
SIM-NCM-12-02,618,0.7501,200.0,0.245654,-0.018642
SIM-NCM-12-02,618,0.7501,500.0,0.247012,-0.021432
SIM-NCM-12-02,618,0.7501,1000.0,0.243625,-0.020738
SIM-NCM-12-02,618,0.7501,2000.0,0.246228,-0.023181
SIM-NCM-12-02,618,0.7501,5000.0,0.246585,-0.024132
SIM-NCM-12-02,618,0.7501,10000.0,0.24459,-0.028069
SIM-NCM-12-02,688,0.7009,10.0,0.3005,-0.015108
SIM-NCM-12-02,688,0.7009,20.0,0.299978,-0.014886
SIM-NCM-12-02,688,0.7009,50.0,0.295837,-0.016394
SIM-NCM-12-02,688,0.7009,100.0,0.29792,-0.017339
SIM-NCM-12-02,688,0.7009,200.0,0.295487,-0.019388
SIM-NCM-12-02,688,0.7009,500.0,0.293747,-0.021164
SIM-NCM-12-02,688,0.7009,1000.0,0.295376,-0.023256
SIM-NCM-12-02,688,0.7009,2000.0,0.300704,-0.023007
SIM-NCM-12-02,688,0.7009,5000.0,0.294573,-0.024677
SIM-NCM-12-02,688,0.7009,10000.0,0.298147,-0.025623
SIM-NCM-12-03,134,0.9499,10.0,0.063347,-0.011675
SIM-NCM-12-03,134,0.9499,20.0,0.063928,-0.013338
SIM-NCM-12-03,134,0.9499,50.0,0.064179,-0.016361
SIM-NCM-12-03,134,0.9499,100.0,0.063023,-0.015269
SIM-NCM-12-03,134,0.9499,200.0,0.063576,-0.017861
SIM-NCM-12-03,134,0.9499,500.0,0.063928,-0.018796
SIM-NCM-12-03,134,0.9499,1000.0,0.064664,-0.01999
SIM-NCM-12-03,134,0.9499,2000.0,0.064693,-0.01979
SIM-NCM-12-03,134,0.9499,5000.0,0.063387,-0.024755
SIM-NCM-12-03,134,0.9499,10000.0,0.062939,-0.025244
SIM-NCM-12-03,290,0.9,10.0,0.111732,-0.011442
SIM-NCM-12-03,290,0.9,20.0,0.115,-0.012882
SIM-NCM-12-03,290,0.9,50.0,0.113336,-0.01627
SIM-NCM-12-03,290,0.9,100.0,0.111072,-0.016267
SIM-NCM-12-03,290,0.9,200.0,0.113517,-0.016866
SIM-NCM-12-03,290,0.9,500.0,0.113793,-0.020411
SIM-NCM-12-03,290,0.9,1000.0,0.112637,-0.019479
SIM-NCM-12-03,290,0.9,2000.0,0.112632,-0.020598
SIM-NCM-12-03,290,0.9,5000.0,0.111491,-0.023729
SIM-NCM-12-03,290,0.9,10000.0,0.112509,-0.025894
SIM-NCM-12-03,450,0.8497,10.0,0.154029,-0.012274
SIM-NCM-12-03,450,0.8497,20.0,0.156591,-0.01179
SIM-NCM-12-03,450,0.8497,50.0,0.156218,-0.014543
SIM-NCM-12-03,450,0.8497,100.0,0.159062,-0.017215
SIM-NCM-12-03,450,0.8497,200.0,0.154637,-0.018751
SIM-NCM-12-03,450,0.8497,500.0,0.1566,-0.017668
SIM-NCM-12-03,450,0.8497,1000.0,0.155567,-0.020727
SIM-NCM-12-03,450,0.8497,2000.0,0.153773,-0.022442
SIM-NCM-12-03,450,0.8497,5000.0,0.155366,-0.0253
SIM-NCM-12-03,450,0.8497,10000.0,0.157477,-0.024404
SIM-NCM-12-03,528,0.8001,10.0,0.205107,-0.013757
SIM-NCM-12-03,528,0.8001,20.0,0.205115,-0.014715
SIM-NCM-12-03,528,0.8001,50.0,0.206414,-0.016059
SIM-NCM-12-03,528,0.8001,100.0,0.204801,-0.017625
SIM-NCM-12-03,528,0.8001,200.0,0.205668,-0.021623
SIM-NCM-12-03,528,0.8001,500.0,0.204634,-0.019491
SIM-NCM-12-03,528,0.8001,1000.0,0.204478,-0.019731
SIM-NCM-12-03,528,0.8001,2000.0,0.205392,-0.019803
SIM-NCM-12-03,528,0.8001,5000.0,0.20649,-0.024296
SIM-NCM-12-03,528,0.8001,10000.0,0.211136,-0.023509
SIM-NCM-12-03,598,0.7499,10.0,0.247099,-0.012622
SIM-NCM-12-03,598,0.7499,20.0,0.244117,-0.01406
SIM-NCM-12-03,598,0.7499,50.0,0.244753,-0.016118
SIM-NCM-12-03,598,0.7499,100.0,0.246834,-0.018682
SIM-NCM-12-03,598,0.7499,200.0,0.250651,-0.017903
SIM-NCM-12-03,598,0.7499,500.0,0.250275,-0.021888
SIM-NCM-12-03,598,0.7499,1000.0,0.244288,-0.022398
SIM-NCM-12-03,598,0.7499,2000.0,0.250026,-0.024176
SIM-NCM-12-03,598,0.7499,5000.0,0.250268,-0.023191
SIM-NCM-12-03,598,0.7499,10000.0,0.246555,-0.025155
SIM-NCM-12-03,669,0.7002,10.0,0.286686,-0.013999
SIM-NCM-12-03,669,0.7002,20.0,0.290474,-0.013803
SIM-NCM-12-03,669,0.7002,50.0,0.287016,-0.015706
SIM-NCM-12-03,669,0.7002,100.0,0.28861,-0.016526
SIM-NCM-12-03,669,0.7002,200.0,0.285241,-0.020498
SIM-NCM-12-03,669,0.7002,500.0,0.289949,-0.01916
SIM-NCM-12-03,669,0.7002,1000.0,0.288495,-0.02141
SIM-NCM-12-03,669,0.7002,2000.0,0.289806,-0.02303
SIM-NCM-12-03,669,0.7002,5000.0,0.289703,-0.023995
SIM-NCM-12-03,669,0.7002,10000.0,0.285969,-0.026918
SIM-NCM-13-01,171,0.9499,10.0,0.041759,-0.011886
SIM-NCM-13-01,171,0.9499,20.0,0.04254,-0.014148
SIM-NCM-13-01,171,0.9499,50.0,0.04223,-0.014477
SIM-NCM-13-01,171,0.9499,100.0,0.041978,-0.015969
SIM-NCM-13-01,171,0.9499,200.0,0.042287,-0.016697
SIM-NCM-13-01,171,0.9499,500.0,0.04167,-0.018415
SIM-NCM-13-01,171,0.9499,1000.0,0.042095,-0.021298
SIM-NCM-13-01,171,0.9499,2000.0,0.042125,-0.020444
SIM-NCM-13-01,171,0.9499,5000.0,0.042707,-0.024701
SIM-NCM-13-01,171,0.9499,10000.0,0.042224,-0.025537
SIM-NCM-13-01,369,0.9,10.0,0.069195,-0.011878
SIM-NCM-13-01,369,0.9,20.0,0.069747,-0.013961
SIM-NCM-13-01,369,0.9,50.0,0.069482,-0.01406
SIM-NCM-13-01,369,0.9,100.0,0.06876,-0.013665
SIM-NCM-13-01,369,0.9,200.0,0.068298,-0.01935
SIM-NCM-13-01,369,0.9,500.0,0.070141,-0.019104
SIM-NCM-13-01,369,0.9,1000.0,0.069363,-0.019865
SIM-NCM-13-01,369,0.9,2000.0,0.069974,-0.020487
SIM-NCM-13-01,369,0.9,5000.0,0.069009,-0.022604
SIM-NCM-13-01,369,0.9,10000.0,0.068332,-0.02315
SIM-NCM-13-01,555,0.8499,10.0,0.096696,-0.012389
SIM-NCM-13-01,555,0.8499,20.0,0.094855,-0.013969
SIM-NCM-13-01,555,0.8499,50.0,0.09549,-0.016393
SIM-NCM-13-01,555,0.8499,100.0,0.09704,-0.015662
SIM-NCM-13-01,555,0.8499,200.0,0.095847,-0.017543
SIM-NCM-13-01,555,0.8499,500.0,0.096892,-0.021514
SIM-NCM-13-01,555,0.8499,1000.0,0.096165,-0.020773
SIM-NCM-13-01,555,0.8499,2000.0,0.094226,-0.023173
SIM-NCM-13-01,555,0.8499,5000.0,0.094929,-0.025525
SIM-NCM-13-01,555,0.8499,10000.0,0.094822,-0.025414
SIM-NCM-13-01,677,0.7995,10.0,0.120137,-0.013651
SIM-NCM-13-01,677,0.7995,20.0,0.117061,-0.014103
SIM-NCM-13-01,677,0.7995,50.0,0.12184,-0.014724
SIM-NCM-13-01,677,0.7995,100.0,0.120471,-0.017332
SIM-NCM-13-01,677,0.7995,200.0,0.119486,-0.020545
SIM-NCM-13-01,677,0.7995,500.0,0.118557,-0.018425
SIM-NCM-13-01,677,0.7995,1000.0,0.117001,-0.021868
SIM-NCM-13-01,677,0.7995,2000.0,0.116955,-0.020544
SIM-NCM-13-01,677,0.7995,5000.0,0.118066,-0.024205
SIM-NCM-13-01,677,0.7995,10000.0,0.119545,-0.024571
SIM-NCM-13-01,759,0.7501,10.0,0.141406,-0.011323
SIM-NCM-13-01,759,0.7501,20.0,0.141588,-0.015355
SIM-NCM-13-01,759,0.7501,50.0,0.142951,-0.015074
SIM-NCM-13-01,759,0.7501,100.0,0.145459,-0.017212
SIM-NCM-13-01,759,0.7501,200.0,0.14119,-0.01906
SIM-NCM-13-01,759,0.7501,500.0,0.142519,-0.020854
SIM-NCM-13-01,759,0.7501,1000.0,0.143205,-0.023232
SIM-NCM-13-01,759,0.7501,2000.0,0.140349,-0.022762
SIM-NCM-13-01,759,0.7501,5000.0,0.14015,-0.024075
SIM-NCM-13-01,759,0.7501,10000.0,0.141576,-0.026315
SIM-NCM-13-01,849,0.6999,10.0,0.176739,-0.011983
SIM-NCM-13-01,849,0.6999,20.0,0.179014,-0.015908
SIM-NCM-13-01,849,0.6999,50.0,0.177306,-0.016462
SIM-NCM-13-01,849,0.6999,100.0,0.178735,-0.0178
SIM-NCM-13-01,849,0.6999,200.0,0.177527,-0.01908
SIM-NCM-13-01,849,0.6999,500.0,0.177427,-0.020411
SIM-NCM-13-01,849,0.6999,1000.0,0.177754,-0.022192
SIM-NCM-13-01,849,0.6999,2000.0,0.176578,-0.023404
SIM-NCM-13-01,849,0.6999,5000.0,0.175329,-0.02376
SIM-NCM-13-01,849,0.6999,10000.0,0.176486,-0.025678
SIM-NCM-13-02,176,0.9498,10.0,0.042409,-0.012916
SIM-NCM-13-02,176,0.9498,20.0,0.042648,-0.014395
SIM-NCM-13-02,176,0.9498,50.0,0.042412,-0.014612
SIM-NCM-13-02,176,0.9498,100.0,0.042636,-0.016641
SIM-NCM-13-02,176,0.9498,200.0,0.042343,-0.018398
SIM-NCM-13-02,176,0.9498,500.0,0.043038,-0.018012
SIM-NCM-13-02,176,0.9498,1000.0,0.04305,-0.020845
SIM-NCM-13-02,176,0.9498,2000.0,0.043646,-0.020753
SIM-NCM-13-02,176,0.9498,5000.0,0.042667,-0.023083
SIM-NCM-13-02,176,0.9498,10000.0,0.043042,-0.02328
SIM-NCM-13-02,367,0.9,10.0,0.067841,-0.013656
SIM-NCM-13-02,367,0.9,20.0,0.068844,-0.011913
SIM-NCM-13-02,367,0.9,50.0,0.067722,-0.016127
SIM-NCM-13-02,367,0.9,100.0,0.067281,-0.016802
SIM-NCM-13-02,367,0.9,200.0,0.066519,-0.016893
SIM-NCM-13-02,367,0.9,500.0,0.068265,-0.017629
SIM-NCM-13-02,367,0.9,1000.0,0.069175,-0.020559
SIM-NCM-13-02,367,0.9,2000.0,0.068208,-0.020619
SIM-NCM-13-02,367,0.9,5000.0,0.068632,-0.022743
SIM-NCM-13-02,367,0.9,10000.0,0.067376,-0.024075
SIM-NCM-13-02,556,0.85,10.0,0.091344,-0.01354
SIM-NCM-13-02,556,0.85,20.0,0.091824,-0.015254
SIM-NCM-13-02,556,0.85,50.0,0.090943,-0.014882
SIM-NCM-13-02,556,0.85,100.0,0.092125,-0.016896
SIM-NCM-13-02,556,0.85,200.0,0.093277,-0.019499
SIM-NCM-13-02,556,0.85,500.0,0.092708,-0.021578
SIM-NCM-13-02,556,0.85,1000.0,0.093258,-0.021795
SIM-NCM-13-02,556,0.85,2000.0,0.091748,-0.020713
SIM-NCM-13-02,556,0.85,5000.0,0.09095,-0.023407
SIM-NCM-13-02,556,0.85,10000.0,0.091995,-0.024085
SIM-NCM-13-02,652,0.8002,10.0,0.123829,-0.012091
SIM-NCM-13-02,652,0.8002,20.0,0.125605,-0.014514
SIM-NCM-13-02,652,0.8002,50.0,0.124947,-0.017521
SIM-NCM-13-02,652,0.8002,100.0,0.124841,-0.019009
SIM-NCM-13-02,652,0.8002,200.0,0.123124,-0.018321
SIM-NCM-13-02,652,0.8002,500.0,0.123746,-0.02097
SIM-NCM-13-02,652,0.8002,1000.0,0.124455,-0.021597
SIM-NCM-13-02,652,0.8002,2000.0,0.122819,-0.022948
SIM-NCM-13-02,652,0.8002,5000.0,0.125466,-0.023963
SIM-NCM-13-02,652,0.8002,10000.0,0.123819,-0.025465
SIM-NCM-13-02,741,0.7494,10.0,0.145598,-0.011042
SIM-NCM-13-02,741,0.7494,20.0,0.144418,-0.013667
SIM-NCM-13-02,741,0.7494,50.0,0.144835,-0.015337
SIM-NCM-13-02,741,0.7494,100.0,0.147236,-0.018227
SIM-NCM-13-02,741,0.7494,200.0,0.145787,-0.018329
SIM-NCM-13-02,741,0.7494,500.0,0.145496,-0.020358
SIM-NCM-13-02,741,0.7494,1000.0,0.143558,-0.021988
SIM-NCM-13-02,741,0.7494,2000.0,0.146398,-0.023426
SIM-NCM-13-02,741,0.7494,5000.0,0.145999,-0.022898
SIM-NCM-13-02,741,0.7494,10000.0,0.145527,-0.02472
SIM-NCM-13-02,829,0.701,10.0,0.178476,-0.011433
SIM-NCM-13-02,829,0.701,20.0,0.179145,-0.013904
SIM-NCM-13-02,829,0.701,50.0,0.180426,-0.015136
SIM-NCM-13-02,829,0.701,100.0,0.180136,-0.016321
SIM-NCM-13-02,829,0.701,200.0,0.183589,-0.019585
SIM-NCM-13-02,829,0.701,500.0,0.179957,-0.021047
SIM-NCM-13-02,829,0.701,1000.0,0.182465,-0.021667
SIM-NCM-13-02,829,0.701,2000.0,0.180563,-0.021472
SIM-NCM-13-02,829,0.701,5000.0,0.181182,-0.02681
SIM-NCM-13-02,829,0.701,10000.0,0.18203,-0.025294
SIM-NCM-13-03,169,0.95,10.0,0.041441,-0.012733
SIM-NCM-13-03,169,0.95,20.0,0.041552,-0.012232
SIM-NCM-13-03,169,0.95,50.0,0.041337,-0.015272
SIM-NCM-13-03,169,0.95,100.0,0.040846,-0.014992
SIM-NCM-13-03,169,0.95,200.0,0.040934,-0.017453
SIM-NCM-13-03,169,0.95,500.0,0.04046,-0.017942
SIM-NCM-13-03,169,0.95,1000.0,0.040242,-0.019564
SIM-NCM-13-03,169,0.95,2000.0,0.042344,-0.019409
SIM-NCM-13-03,169,0.95,5000.0,0.040279,-0.023469
SIM-NCM-13-03,169,0.95,10000.0,0.041384,-0.026328
SIM-NCM-13-03,365,0.9,10.0,0.070164,-0.012971
SIM-NCM-13-03,365,0.9,20.0,0.070962,-0.013332
SIM-NCM-13-03,365,0.9,50.0,0.070765,-0.014061
SIM-NCM-13-03,365,0.9,100.0,0.070302,-0.016668
SIM-NCM-13-03,365,0.9,200.0,0.070028,-0.017347
SIM-NCM-13-03,365,0.9,500.0,0.06919,-0.020566
SIM-NCM-13-03,365,0.9,1000.0,0.071191,-0.02089
SIM-NCM-13-03,365,0.9,2000.0,0.070325,-0.021455
SIM-NCM-13-03,365,0.9,5000.0,0.07005,-0.021853
SIM-NCM-13-03,365,0.9,10000.0,0.069094,-0.025747
SIM-NCM-13-03,556,0.8498,10.0,0.095553,-0.012272
SIM-NCM-13-03,556,0.8498,20.0,0.095973,-0.013058
SIM-NCM-13-03,556,0.8498,50.0,0.095885,-0.014153
SIM-NCM-13-03,556,0.8498,100.0,0.095513,-0.01608
SIM-NCM-13-03,556,0.8498,200.0,0.096781,-0.01615
SIM-NCM-13-03,556,0.8498,500.0,0.097109,-0.020147
SIM-NCM-13-03,556,0.8498,1000.0,0.096513,-0.020886
SIM-NCM-13-03,556,0.8498,2000.0,0.096086,-0.021487
SIM-NCM-13-03,556,0.8498,5000.0,0.097181,-0.023477
SIM-NCM-13-03,556,0.8498,10000.0,0.096999,-0.025045
SIM-NCM-13-03,655,0.7999,10.0,0.121708,-0.012367
SIM-NCM-13-03,655,0.7999,20.0,0.119808,-0.013956
SIM-NCM-13-03,655,0.7999,50.0,0.121607,-0.017213
SIM-NCM-13-03,655,0.7999,100.0,0.120683,-0.015786
SIM-NCM-13-03,655,0.7999,200.0,0.119361,-0.018536
SIM-NCM-13-03,655,0.7999,500.0,0.12177,-0.01952
SIM-NCM-13-03,655,0.7999,1000.0,0.120537,-0.021637
SIM-NCM-13-03,655,0.7999,2000.0,0.122838,-0.02202
SIM-NCM-13-03,655,0.7999,5000.0,0.120604,-0.023535
SIM-NCM-13-03,655,0.7999,10000.0,0.12009,-0.025305
SIM-NCM-13-03,739,0.75,10.0,0.149444,-0.014101
SIM-NCM-13-03,739,0.75,20.0,0.145851,-0.013967
SIM-NCM-13-03,739,0.75,50.0,0.146234,-0.015538
SIM-NCM-13-03,739,0.75,100.0,0.146331,-0.020684
SIM-NCM-13-03,739,0.75,200.0,0.14765,-0.019139
SIM-NCM-13-03,739,0.75,500.0,0.148615,-0.019451
SIM-NCM-13-03,739,0.75,1000.0,0.144488,-0.021979
SIM-NCM-13-03,739,0.75,2000.0,0.145693,-0.024742
SIM-NCM-13-03,739,0.75,5000.0,0.146513,-0.02427
SIM-NCM-13-03,739,0.75,10000.0,0.146867,-0.025188
SIM-NCM-13-03,826,0.7002,10.0,0.171227,-0.010829
SIM-NCM-13-03,826,0.7002,20.0,0.172071,-0.016145
SIM-NCM-13-03,826,0.7002,50.0,0.171093,-0.016881
SIM-NCM-13-03,826,0.7002,100.0,0.172171,-0.018725
SIM-NCM-13-03,826,0.7002,200.0,0.173772,-0.018292
SIM-NCM-13-03,826,0.7002,500.0,0.172431,-0.021069
SIM-NCM-13-03,826,0.7002,1000.0,0.169866,-0.021434
SIM-NCM-13-03,826,0.7002,2000.0,0.171797,-0.024333
SIM-NCM-13-03,826,0.7002,5000.0,0.171123,-0.025581
SIM-NCM-13-03,826,0.7002,10000.0,0.16777,-0.02486
SIM-NCM-14-01,120,0.9495,10.0,0.049925,-0.013362
SIM-NCM-14-01,120,0.9495,20.0,0.050577,-0.015549
SIM-NCM-14-01,120,0.9495,50.0,0.049708,-0.013982
SIM-NCM-14-01,120,0.9495,100.0,0.050098,-0.01675
SIM-NCM-14-01,120,0.9495,200.0,0.050074,-0.017034
SIM-NCM-14-01,120,0.9495,500.0,0.049347,-0.01893
SIM-NCM-14-01,120,0.9495,1000.0,0.04935,-0.021779
SIM-NCM-14-01,120,0.9495,2000.0,0.050514,-0.020636
SIM-NCM-14-01,120,0.9495,5000.0,0.049386,-0.021937
SIM-NCM-14-01,120,0.9495,10000.0,0.049782,-0.02331
SIM-NCM-14-01,263,0.9001,10.0,0.088437,-0.014468
SIM-NCM-14-01,263,0.9001,20.0,0.087212,-0.013864
SIM-NCM-14-01,263,0.9001,50.0,0.089764,-0.015039
SIM-NCM-14-01,263,0.9001,100.0,0.088589,-0.014766
SIM-NCM-14-01,263,0.9001,200.0,0.08809,-0.0185
SIM-NCM-14-01,263,0.9001,500.0,0.088892,-0.018796
SIM-NCM-14-01,263,0.9001,1000.0,0.088804,-0.021316
SIM-NCM-14-01,263,0.9001,2000.0,0.089926,-0.02233
SIM-NCM-14-01,263,0.9001,5000.0,0.088652,-0.022572
SIM-NCM-14-01,263,0.9001,10000.0,0.089728,-0.024864
SIM-NCM-14-01,408,0.8499,10.0,0.12544,-0.011567
SIM-NCM-14-01,408,0.8499,20.0,0.123875,-0.013586
SIM-NCM-14-01,408,0.8499,50.0,0.124009,-0.015964
SIM-NCM-14-01,408,0.8499,100.0,0.123074,-0.016663
SIM-NCM-14-01,408,0.8499,200.0,0.125431,-0.016948
SIM-NCM-14-01,408,0.8499,500.0,0.125347,-0.021574
SIM-NCM-14-01,408,0.8499,1000.0,0.125436,-0.018878
SIM-NCM-14-01,408,0.8499,2000.0,0.125476,-0.022616
SIM-NCM-14-01,408,0.8499,5000.0,0.123295,-0.02334
SIM-NCM-14-01,408,0.8499,10000.0,0.122418,-0.025072
SIM-NCM-14-01,477,0.8002,10.0,0.157651,-0.014427
SIM-NCM-14-01,477,0.8002,20.0,0.156183,-0.013652
SIM-NCM-14-01,477,0.8002,50.0,0.157975,-0.016489
SIM-NCM-14-01,477,0.8002,100.0,0.160981,-0.017809
SIM-NCM-14-01,477,0.8002,200.0,0.158279,-0.017798
SIM-NCM-14-01,477,0.8002,500.0,0.157971,-0.019366
SIM-NCM-14-01,477,0.8002,1000.0,0.160378,-0.019278
SIM-NCM-14-01,477,0.8002,2000.0,0.160131,-0.022385
SIM-NCM-14-01,477,0.8002,5000.0,0.157979,-0.024869
SIM-NCM-14-01,477,0.8002,10000.0,0.156821,-0.026905
SIM-NCM-14-01,538,0.7493,10.0,0.193328,-0.011928
SIM-NCM-14-01,538,0.7493,20.0,0.191931,-0.014524
SIM-NCM-14-01,538,0.7493,50.0,0.1935,-0.016425
SIM-NCM-14-01,538,0.7493,100.0,0.194531,-0.018716
SIM-NCM-14-01,538,0.7493,200.0,0.196345,-0.018635
SIM-NCM-14-01,538,0.7493,500.0,0.19554,-0.020793
SIM-NCM-14-01,538,0.7493,1000.0,0.191283,-0.020671
SIM-NCM-14-01,538,0.7493,2000.0,0.196003,-0.023429
SIM-NCM-14-01,538,0.7493,5000.0,0.197457,-0.023554
SIM-NCM-14-01,538,0.7493,10000.0,0.197569,-0.026533
SIM-NCM-14-01,605,0.7009,10.0,0.23192,-0.013744
SIM-NCM-14-01,605,0.7009,20.0,0.233398,-0.014759
SIM-NCM-14-01,605,0.7009,50.0,0.234871,-0.017636
SIM-NCM-14-01,605,0.7009,100.0,0.238247,-0.016239
SIM-NCM-14-01,605,0.7009,200.0,0.235478,-0.018211
SIM-NCM-14-01,605,0.7009,500.0,0.234896,-0.019404
SIM-NCM-14-01,605,0.7009,1000.0,0.233891,-0.02073
SIM-NCM-14-01,605,0.7009,2000.0,0.232639,-0.023615
SIM-NCM-14-01,605,0.7009,5000.0,0.235243,-0.023824
SIM-NCM-14-01,605,0.7009,10000.0,0.235414,-0.025199
SIM-NCM-14-02,124,0.9498,10.0,0.050757,-0.011843
SIM-NCM-14-02,124,0.9498,20.0,0.051561,-0.013776
SIM-NCM-14-02,124,0.9498,50.0,0.050678,-0.017435
SIM-NCM-14-02,124,0.9498,100.0,0.051395,-0.016076
SIM-NCM-14-02,124,0.9498,200.0,0.050428,-0.016251
SIM-NCM-14-02,124,0.9498,500.0,0.0503,-0.017894
SIM-NCM-14-02,124,0.9498,1000.0,0.049721,-0.020316
SIM-NCM-14-02,124,0.9498,2000.0,0.050836,-0.021136
SIM-NCM-14-02,124,0.9498,5000.0,0.050395,-0.02405
SIM-NCM-14-02,124,0.9498,10000.0,0.050095,-0.024127
SIM-NCM-14-02,265,0.8998,10.0,0.087901,-0.013475
SIM-NCM-14-02,265,0.8998,20.0,0.08795,-0.014089
SIM-NCM-14-02,265,0.8998,50.0,0.087445,-0.017287
SIM-NCM-14-02,265,0.8998,100.0,0.088129,-0.015313
SIM-NCM-14-02,265,0.8998,200.0,0.088209,-0.017375
SIM-NCM-14-02,265,0.8998,500.0,0.088302,-0.02001
SIM-NCM-14-02,265,0.8998,1000.0,0.090004,-0.018772
SIM-NCM-14-02,265,0.8998,2000.0,0.086914,-0.021882
SIM-NCM-14-02,265,0.8998,5000.0,0.087424,-0.024488
SIM-NCM-14-02,265,0.8998,10000.0,0.088505,-0.024664
SIM-NCM-14-02,409,0.85,10.0,0.126613,-0.013716
SIM-NCM-14-02,409,0.85,20.0,0.126231,-0.014733
SIM-NCM-14-02,409,0.85,50.0,0.128178,-0.016328
SIM-NCM-14-02,409,0.85,100.0,0.126956,-0.016504
SIM-NCM-14-02,409,0.85,200.0,0.126557,-0.018242
SIM-NCM-14-02,409,0.85,500.0,0.126523,-0.018461
SIM-NCM-14-02,409,0.85,1000.0,0.126896,-0.019162
SIM-NCM-14-02,409,0.85,2000.0,0.123753,-0.021188
SIM-NCM-14-02,409,0.85,5000.0,0.126891,-0.021933
SIM-NCM-14-02,409,0.85,10000.0,0.12571,-0.02402
SIM-NCM-14-02,499,0.8002,10.0,0.160481,-0.013502
SIM-NCM-14-02,499,0.8002,20.0,0.165546,-0.015056
SIM-NCM-14-02,499,0.8002,50.0,0.163211,-0.016082
SIM-NCM-14-02,499,0.8002,100.0,0.162053,-0.016468
SIM-NCM-14-02,499,0.8002,200.0,0.163407,-0.019005
SIM-NCM-14-02,499,0.8002,500.0,0.163523,-0.020222
SIM-NCM-14-02,499,0.8002,1000.0,0.163351,-0.020455
SIM-NCM-14-02,499,0.8002,2000.0,0.162621,-0.021836
SIM-NCM-14-02,499,0.8002,5000.0,0.162727,-0.023886
SIM-NCM-14-02,499,0.8002,10000.0,0.16279,-0.02686
SIM-NCM-14-02,563,0.7498,10.0,0.201186,-0.014727
SIM-NCM-14-02,563,0.7498,20.0,0.196366,-0.014372
SIM-NCM-14-02,563,0.7498,50.0,0.197178,-0.017141
SIM-NCM-14-02,563,0.7498,100.0,0.200969,-0.015418
SIM-NCM-14-02,563,0.7498,200.0,0.200046,-0.01914
SIM-NCM-14-02,563,0.7498,500.0,0.20102,-0.020435
SIM-NCM-14-02,563,0.7498,1000.0,0.199879,-0.022772
SIM-NCM-14-02,563,0.7498,2000.0,0.197893,-0.023213
SIM-NCM-14-02,563,0.7498,5000.0,0.202171,-0.025065
SIM-NCM-14-02,563,0.7498,10000.0,0.203938,-0.025957
SIM-NCM-14-02,627,0.7003,10.0,0.238106,-0.014383
SIM-NCM-14-02,627,0.7003,20.0,0.240633,-0.016283
SIM-NCM-14-02,627,0.7003,50.0,0.23739,-0.016867
SIM-NCM-14-02,627,0.7003,100.0,0.237898,-0.018735
SIM-NCM-14-02,627,0.7003,200.0,0.235857,-0.017798
SIM-NCM-14-02,627,0.7003,500.0,0.2416,-0.020879
SIM-NCM-14-02,627,0.7003,1000.0,0.239736,-0.019548
SIM-NCM-14-02,627,0.7003,2000.0,0.237394,-0.022257
SIM-NCM-14-02,627,0.7003,5000.0,0.238434,-0.026325
SIM-NCM-14-02,627,0.7003,10000.0,0.241967,-0.023667
SIM-NCM-14-03,125,0.95,10.0,0.053639,-0.012103
SIM-NCM-14-03,125,0.95,20.0,0.053494,-0.012415
SIM-NCM-14-03,125,0.95,50.0,0.053765,-0.01402
SIM-NCM-14-03,125,0.95,100.0,0.052814,-0.017083
SIM-NCM-14-03,125,0.95,200.0,0.053501,-0.018069
SIM-NCM-14-03,125,0.95,500.0,0.053132,-0.019301
SIM-NCM-14-03,125,0.95,1000.0,0.052816,-0.020953
SIM-NCM-14-03,125,0.95,2000.0,0.053287,-0.022716
SIM-NCM-14-03,125,0.95,5000.0,0.05362,-0.025278
SIM-NCM-14-03,125,0.95,10000.0,0.053734,-0.024106
SIM-NCM-14-03,269,0.9,10.0,0.093814,-0.013413
SIM-NCM-14-03,269,0.9,20.0,0.092818,-0.012173
SIM-NCM-14-03,269,0.9,50.0,0.091045,-0.015524
SIM-NCM-14-03,269,0.9,100.0,0.092349,-0.016343
SIM-NCM-14-03,269,0.9,200.0,0.091092,-0.01872
SIM-NCM-14-03,269,0.9,500.0,0.092921,-0.019099
SIM-NCM-14-03,269,0.9,1000.0,0.090877,-0.020863
SIM-NCM-14-03,269,0.9,2000.0,0.092516,-0.02061
SIM-NCM-14-03,269,0.9,5000.0,0.093048,-0.023402
SIM-NCM-14-03,269,0.9,10000.0,0.093062,-0.023442
SIM-NCM-14-03,408,0.85,10.0,0.126064,-0.012701
SIM-NCM-14-03,408,0.85,20.0,0.12885,-0.014546
SIM-NCM-14-03,408,0.85,50.0,0.124877,-0.016083
SIM-NCM-14-03,408,0.85,100.0,0.124038,-0.01757
SIM-NCM-14-03,408,0.85,200.0,0.12371,-0.016206
SIM-NCM-14-03,408,0.85,500.0,0.125312,-0.02083
SIM-NCM-14-03,408,0.85,1000.0,0.127116,-0.022173
SIM-NCM-14-03,408,0.85,2000.0,0.126974,-0.022416
SIM-NCM-14-03,408,0.85,5000.0,0.127021,-0.023796
SIM-NCM-14-03,408,0.85,10000.0,0.126958,-0.026774
SIM-NCM-14-03,496,0.7996,10.0,0.154162,-0.012224
SIM-NCM-14-03,496,0.7996,20.0,0.157078,-0.013333
SIM-NCM-14-03,496,0.7996,50.0,0.156746,-0.017143
SIM-NCM-14-03,496,0.7996,100.0,0.158137,-0.013912
SIM-NCM-14-03,496,0.7996,200.0,0.155794,-0.017427
SIM-NCM-14-03,496,0.7996,500.0,0.155724,-0.020171
SIM-NCM-14-03,496,0.7996,1000.0,0.157269,-0.021313
SIM-NCM-14-03,496,0.7996,2000.0,0.15828,-0.023957
SIM-NCM-14-03,496,0.7996,5000.0,0.157227,-0.02427
SIM-NCM-14-03,496,0.7996,10000.0,0.1562,-0.027655
SIM-NCM-14-03,559,0.7501,10.0,0.196691,-0.013218
SIM-NCM-14-03,559,0.7501,20.0,0.199659,-0.013965
SIM-NCM-14-03,559,0.7501,50.0,0.199631,-0.014766
SIM-NCM-14-03,559,0.7501,100.0,0.200091,-0.014716
SIM-NCM-14-03,559,0.7501,200.0,0.197642,-0.018673
SIM-NCM-14-03,559,0.7501,500.0,0.197421,-0.020586
SIM-NCM-14-03,559,0.7501,1000.0,0.200149,-0.021952
SIM-NCM-14-03,559,0.7501,2000.0,0.199232,-0.023296
SIM-NCM-14-03,559,0.7501,5000.0,0.199954,-0.023657
SIM-NCM-14-03,559,0.7501,10000.0,0.200481,-0.025117
SIM-NCM-14-03,625,0.701,10.0,0.23777,-0.012431
SIM-NCM-14-03,625,0.701,20.0,0.24231,-0.013935
SIM-NCM-14-03,625,0.701,50.0,0.238934,-0.017814
SIM-NCM-14-03,625,0.701,100.0,0.240173,-0.01731
SIM-NCM-14-03,625,0.701,200.0,0.243129,-0.020788
SIM-NCM-14-03,625,0.701,500.0,0.240688,-0.019169
SIM-NCM-14-03,625,0.701,1000.0,0.242015,-0.02156
SIM-NCM-14-03,625,0.701,2000.0,0.240146,-0.023899
SIM-NCM-14-03,625,0.701,5000.0,0.24224,-0.025533
SIM-NCM-14-03,625,0.701,10000.0,0.240938,-0.026752
SIM-NCM-15-01,91,0.9499,10.0,0.062848,-0.011117
SIM-NCM-15-01,91,0.9499,20.0,0.061822,-0.013852
SIM-NCM-15-01,91,0.9499,50.0,0.062804,-0.015716
SIM-NCM-15-01,91,0.9499,100.0,0.062032,-0.01553
SIM-NCM-15-01,91,0.9499,200.0,0.063161,-0.015993
SIM-NCM-15-01,91,0.9499,500.0,0.062661,-0.019274
SIM-NCM-15-01,91,0.9499,1000.0,0.062309,-0.021323
SIM-NCM-15-01,91,0.9499,2000.0,0.063084,-0.021823
SIM-NCM-15-01,91,0.9499,5000.0,0.063376,-0.022516
SIM-NCM-15-01,91,0.9499,10000.0,0.062513,-0.02609
SIM-NCM-15-01,203,0.9001,10.0,0.107569,-0.011898
SIM-NCM-15-01,203,0.9001,20.0,0.10866,-0.014191
SIM-NCM-15-01,203,0.9001,50.0,0.109225,-0.012805
SIM-NCM-15-01,203,0.9001,100.0,0.10875,-0.015606
SIM-NCM-15-01,203,0.9001,200.0,0.108552,-0.018416
SIM-NCM-15-01,203,0.9001,500.0,0.108339,-0.018116
SIM-NCM-15-01,203,0.9001,1000.0,0.110163,-0.019575
SIM-NCM-15-01,203,0.9001,2000.0,0.108117,-0.021399
SIM-NCM-15-01,203,0.9001,5000.0,0.10737,-0.022032
SIM-NCM-15-01,203,0.9001,10000.0,0.107374,-0.023907
SIM-NCM-15-01,311,0.8499,10.0,0.153701,-0.013081
SIM-NCM-15-01,311,0.8499,20.0,0.154724,-0.014366
SIM-NCM-15-01,311,0.8499,50.0,0.154738,-0.014866
SIM-NCM-15-01,311,0.8499,100.0,0.152389,-0.017029
SIM-NCM-15-01,311,0.8499,200.0,0.155062,-0.018277
SIM-NCM-15-01,311,0.8499,500.0,0.153702,-0.019826
SIM-NCM-15-01,311,0.8499,1000.0,0.153178,-0.020041
SIM-NCM-15-01,311,0.8499,2000.0,0.152424,-0.022899
SIM-NCM-15-01,311,0.8499,5000.0,0.153189,-0.024003
SIM-NCM-15-01,311,0.8499,10000.0,0.149172,-0.023863
SIM-NCM-15-01,387,0.7999,10.0,0.199627,-0.0127
SIM-NCM-15-01,387,0.7999,20.0,0.201543,-0.015143
SIM-NCM-15-01,387,0.7999,50.0,0.203464,-0.017484
SIM-NCM-15-01,387,0.7999,100.0,0.200495,-0.016263
SIM-NCM-15-01,387,0.7999,200.0,0.2008,-0.017969
SIM-NCM-15-01,387,0.7999,500.0,0.200555,-0.019051
SIM-NCM-15-01,387,0.7999,1000.0,0.199953,-0.020787
SIM-NCM-15-01,387,0.7999,2000.0,0.20301,-0.022276
SIM-NCM-15-01,387,0.7999,5000.0,0.200767,-0.025216
SIM-NCM-15-01,387,0.7999,10000.0,0.198752,-0.024043
SIM-NCM-15-01,439,0.7492,10.0,0.24826,-0.012115
SIM-NCM-15-01,439,0.7492,20.0,0.248728,-0.013986
SIM-NCM-15-01,439,0.7492,50.0,0.248397,-0.016568
SIM-NCM-15-01,439,0.7492,100.0,0.246238,-0.017613
SIM-NCM-15-01,439,0.7492,200.0,0.246855,-0.016784
SIM-NCM-15-01,439,0.7492,500.0,0.24899,-0.020399
SIM-NCM-15-01,439,0.7492,1000.0,0.248897,-0.022864
SIM-NCM-15-01,439,0.7492,2000.0,0.24733,-0.020892
SIM-NCM-15-01,439,0.7492,5000.0,0.246111,-0.023693
SIM-NCM-15-01,439,0.7492,10000.0,0.246847,-0.024577
SIM-NCM-15-01,488,0.7001,10.0,0.28127,-0.013893
SIM-NCM-15-01,488,0.7001,20.0,0.2811,-0.014078
SIM-NCM-15-01,488,0.7001,50.0,0.282865,-0.016142
SIM-NCM-15-01,488,0.7001,100.0,0.282267,-0.014897
SIM-NCM-15-01,488,0.7001,200.0,0.28686,-0.019217
SIM-NCM-15-01,488,0.7001,500.0,0.281353,-0.021085
SIM-NCM-15-01,488,0.7001,1000.0,0.281723,-0.022132
SIM-NCM-15-01,488,0.7001,2000.0,0.28244,-0.02151
SIM-NCM-15-01,488,0.7001,5000.0,0.278816,-0.024099
SIM-NCM-15-01,488,0.7001,10000.0,0.279659,-0.026973
SIM-NCM-15-02,88,0.9496,10.0,0.062612,-0.013185
SIM-NCM-15-02,88,0.9496,20.0,0.062318,-0.014691
SIM-NCM-15-02,88,0.9496,50.0,0.062112,-0.016082
SIM-NCM-15-02,88,0.9496,100.0,0.062326,-0.017695
SIM-NCM-15-02,88,0.9496,200.0,0.062129,-0.018729
SIM-NCM-15-02,88,0.9496,500.0,0.062355,-0.018645
SIM-NCM-15-02,88,0.9496,1000.0,0.061504,-0.020247
SIM-NCM-15-02,88,0.9496,2000.0,0.062196,-0.022662
SIM-NCM-15-02,88,0.9496,5000.0,0.061278,-0.024527
SIM-NCM-15-02,88,0.9496,10000.0,0.062396,-0.024135
SIM-NCM-15-02,199,0.9001,10.0,0.107876,-0.013429
SIM-NCM-15-02,199,0.9001,20.0,0.108071,-0.012666
SIM-NCM-15-02,199,0.9001,50.0,0.107773,-0.01548
SIM-NCM-15-02,199,0.9001,100.0,0.1044,-0.016447
SIM-NCM-15-02,199,0.9001,200.0,0.106839,-0.018062
SIM-NCM-15-02,199,0.9001,500.0,0.106194,-0.02011
SIM-NCM-15-02,199,0.9001,1000.0,0.106359,-0.02069
SIM-NCM-15-02,199,0.9001,2000.0,0.105572,-0.0233
SIM-NCM-15-02,199,0.9001,5000.0,0.106075,-0.024419
SIM-NCM-15-02,199,0.9001,10000.0,0.105717,-0.025154
SIM-NCM-15-02,311,0.85,10.0,0.158735,-0.012415
SIM-NCM-15-02,311,0.85,20.0,0.161057,-0.012701
SIM-NCM-15-02,311,0.85,50.0,0.158673,-0.01617
SIM-NCM-15-02,311,0.85,100.0,0.160743,-0.015617
SIM-NCM-15-02,311,0.85,200.0,0.161018,-0.017202
SIM-NCM-15-02,311,0.85,500.0,0.162653,-0.019138
SIM-NCM-15-02,311,0.85,1000.0,0.15913,-0.021453
SIM-NCM-15-02,311,0.85,2000.0,0.16253,-0.021361
SIM-NCM-15-02,311,0.85,5000.0,0.160426,-0.024977
SIM-NCM-15-02,311,0.85,10000.0,0.163381,-0.025949
SIM-NCM-15-02,389,0.8,10.0,0.201885,-0.013815
SIM-NCM-15-02,389,0.8,20.0,0.204006,-0.014101
SIM-NCM-15-02,389,0.8,50.0,0.2051,-0.015049
SIM-NCM-15-02,389,0.8,100.0,0.202179,-0.016742
SIM-NCM-15-02,389,0.8,200.0,0.203096,-0.020309
SIM-NCM-15-02,389,0.8,500.0,0.204806,-0.018374
SIM-NCM-15-02,389,0.8,1000.0,0.199604,-0.022169
SIM-NCM-15-02,389,0.8,2000.0,0.201141,-0.023116
SIM-NCM-15-02,389,0.8,5000.0,0.205678,-0.024223
SIM-NCM-15-02,389,0.8,10000.0,0.203223,-0.02626
SIM-NCM-15-02,440,0.7496,10.0,0.243391,-0.013333
SIM-NCM-15-02,440,0.7496,20.0,0.248466,-0.013408
SIM-NCM-15-02,440,0.7496,50.0,0.246225,-0.016261
SIM-NCM-15-02,440,0.7496,100.0,0.245615,-0.017452
SIM-NCM-15-02,440,0.7496,200.0,0.245225,-0.019752
SIM-NCM-15-02,440,0.7496,500.0,0.245444,-0.01931
SIM-NCM-15-02,440,0.7496,1000.0,0.246035,-0.021302
SIM-NCM-15-02,440,0.7496,2000.0,0.244553,-0.02152
SIM-NCM-15-02,440,0.7496,5000.0,0.240837,-0.025424
SIM-NCM-15-02,440,0.7496,10000.0,0.242527,-0.025516
SIM-NCM-15-02,491,0.6996,10.0,0.305492,-0.013188
SIM-NCM-15-02,491,0.6996,20.0,0.305217,-0.014329
SIM-NCM-15-02,491,0.6996,50.0,0.302955,-0.016787
SIM-NCM-15-02,491,0.6996,100.0,0.302429,-0.016718
SIM-NCM-15-02,491,0.6996,200.0,0.30401,-0.019769
SIM-NCM-15-02,491,0.6996,500.0,0.307801,-0.018572
SIM-NCM-15-02,491,0.6996,1000.0,0.301124,-0.021458
SIM-NCM-15-02,491,0.6996,2000.0,0.301266,-0.023139
SIM-NCM-15-02,491,0.6996,5000.0,0.303833,-0.025985
SIM-NCM-15-02,491,0.6996,10000.0,0.299169,-0.026965
SIM-NCM-15-03,91,0.9504,10.0,0.061769,-0.010545
SIM-NCM-15-03,91,0.9504,20.0,0.062889,-0.013274
SIM-NCM-15-03,91,0.9504,50.0,0.062828,-0.013771
SIM-NCM-15-03,91,0.9504,100.0,0.061767,-0.015738
SIM-NCM-15-03,91,0.9504,200.0,0.061981,-0.018213
SIM-NCM-15-03,91,0.9504,500.0,0.061082,-0.017343
SIM-NCM-15-03,91,0.9504,1000.0,0.060864,-0.020185
SIM-NCM-15-03,91,0.9504,2000.0,0.061275,-0.021623
SIM-NCM-15-03,91,0.9504,5000.0,0.061422,-0.023968
SIM-NCM-15-03,91,0.9504,10000.0,0.062142,-0.024444
SIM-NCM-15-03,198,0.9001,10.0,0.105916,-0.012746
SIM-NCM-15-03,198,0.9001,20.0,0.106082,-0.013471
SIM-NCM-15-03,198,0.9001,50.0,0.106079,-0.013747
SIM-NCM-15-03,198,0.9001,100.0,0.106631,-0.017053
SIM-NCM-15-03,198,0.9001,200.0,0.107625,-0.016976
SIM-NCM-15-03,198,0.9001,500.0,0.105928,-0.019375
SIM-NCM-15-03,198,0.9001,1000.0,0.107191,-0.021202
SIM-NCM-15-03,198,0.9001,2000.0,0.107573,-0.022451
SIM-NCM-15-03,198,0.9001,5000.0,0.106418,-0.024262
SIM-NCM-15-03,198,0.9001,10000.0,0.105882,-0.022639
SIM-NCM-15-03,307,0.8499,10.0,0.153357,-0.013834
SIM-NCM-15-03,307,0.8499,20.0,0.152837,-0.015059
SIM-NCM-15-03,307,0.8499,50.0,0.152767,-0.015789
SIM-NCM-15-03,307,0.8499,100.0,0.154073,-0.017436
SIM-NCM-15-03,307,0.8499,200.0,0.152089,-0.019009
SIM-NCM-15-03,307,0.8499,500.0,0.15496,-0.020509
SIM-NCM-15-03,307,0.8499,1000.0,0.153678,-0.021893
SIM-NCM-15-03,307,0.8499,2000.0,0.150562,-0.021901
SIM-NCM-15-03,307,0.8499,5000.0,0.149358,-0.022753
SIM-NCM-15-03,307,0.8499,10000.0,0.154044,-0.025774
SIM-NCM-15-03,388,0.7992,10.0,0.199888,-0.011783
SIM-NCM-15-03,388,0.7992,20.0,0.198525,-0.012323
SIM-NCM-15-03,388,0.7992,50.0,0.194701,-0.014347
SIM-NCM-15-03,388,0.7992,100.0,0.2006,-0.016794
SIM-NCM-15-03,388,0.7992,200.0,0.199841,-0.0179
SIM-NCM-15-03,388,0.7992,500.0,0.198893,-0.020217
SIM-NCM-15-03,388,0.7992,1000.0,0.194734,-0.021351
SIM-NCM-15-03,388,0.7992,2000.0,0.200609,-0.021509
SIM-NCM-15-03,388,0.7992,5000.0,0.197111,-0.024004
SIM-NCM-15-03,388,0.7992,10000.0,0.196749,-0.026081
SIM-NCM-15-03,439,0.7497,10.0,0.245647,-0.013133
SIM-NCM-15-03,439,0.7497,20.0,0.245878,-0.015059
SIM-NCM-15-03,439,0.7497,50.0,0.24666,-0.018614
SIM-NCM-15-03,439,0.7497,100.0,0.247947,-0.019063
SIM-NCM-15-03,439,0.7497,200.0,0.250554,-0.019203
SIM-NCM-15-03,439,0.7497,500.0,0.250187,-0.021879
SIM-NCM-15-03,439,0.7497,1000.0,0.250994,-0.022872
SIM-NCM-15-03,439,0.7497,2000.0,0.248337,-0.024186
SIM-NCM-15-03,439,0.7497,5000.0,0.24848,-0.024565
SIM-NCM-15-03,439,0.7497,10000.0,0.252414,-0.025188
SIM-NCM-15-03,490,0.6998,10.0,0.28547,-0.013297
SIM-NCM-15-03,490,0.6998,20.0,0.279861,-0.013884
SIM-NCM-15-03,490,0.6998,50.0,0.282129,-0.01543
SIM-NCM-15-03,490,0.6998,100.0,0.280902,-0.018227
SIM-NCM-15-03,490,0.6998,200.0,0.283377,-0.019202
SIM-NCM-15-03,490,0.6998,500.0,0.281959,-0.020772
SIM-NCM-15-03,490,0.6998,1000.0,0.285014,-0.022212
SIM-NCM-15-03,490,0.6998,2000.0,0.286494,-0.021934
SIM-NCM-15-03,490,0.6998,5000.0,0.284525,-0.024185
SIM-NCM-15-03,490,0.6998,10000.0,0.280386,-0.025632
SIM-NCM-16-01,95,0.9502,10.0,0.040635,-0.012038
SIM-NCM-16-01,95,0.9502,20.0,0.041029,-0.013613
SIM-NCM-16-01,95,0.9502,50.0,0.04051,-0.015101
SIM-NCM-16-01,95,0.9502,100.0,0.040873,-0.016088
SIM-NCM-16-01,95,0.9502,200.0,0.040563,-0.017393
SIM-NCM-16-01,95,0.9502,500.0,0.040529,-0.018729
SIM-NCM-16-01,95,0.9502,1000.0,0.040829,-0.019014
SIM-NCM-16-01,95,0.9502,2000.0,0.041341,-0.021987
SIM-NCM-16-01,95,0.9502,5000.0,0.041358,-0.022087
SIM-NCM-16-01,95,0.9502,10000.0,0.040713,-0.024533
SIM-NCM-16-01,217,0.9003,10.0,0.066804,-0.011695
SIM-NCM-16-01,217,0.9003,20.0,0.067618,-0.015698
SIM-NCM-16-01,217,0.9003,50.0,0.066678,-0.015676
SIM-NCM-16-01,217,0.9003,100.0,0.067606,-0.015582
SIM-NCM-16-01,217,0.9003,200.0,0.067024,-0.016799
SIM-NCM-16-01,217,0.9003,500.0,0.065606,-0.01744
SIM-NCM-16-01,217,0.9003,1000.0,0.067042,-0.021517
SIM-NCM-16-01,217,0.9003,2000.0,0.067242,-0.02151
SIM-NCM-16-01,217,0.9003,5000.0,0.065169,-0.024595
SIM-NCM-16-01,217,0.9003,10000.0,0.067544,-0.024321
SIM-NCM-16-01,332,0.8503,10.0,0.093589,-0.013537
SIM-NCM-16-01,332,0.8503,20.0,0.093426,-0.014703
SIM-NCM-16-01,332,0.8503,50.0,0.096572,-0.017005
SIM-NCM-16-01,332,0.8503,100.0,0.095512,-0.016498
SIM-NCM-16-01,332,0.8503,200.0,0.094623,-0.018377
SIM-NCM-16-01,332,0.8503,500.0,0.095104,-0.020208
SIM-NCM-16-01,332,0.8503,1000.0,0.096745,-0.022432
SIM-NCM-16-01,332,0.8503,2000.0,0.092928,-0.022221
SIM-NCM-16-01,332,0.8503,5000.0,0.094959,-0.024606
SIM-NCM-16-01,332,0.8503,10000.0,0.094499,-0.02311
SIM-NCM-16-01,403,0.7999,10.0,0.120917,-0.011766
SIM-NCM-16-01,403,0.7999,20.0,0.121297,-0.013416
SIM-NCM-16-01,403,0.7999,50.0,0.123408,-0.015143
SIM-NCM-16-01,403,0.7999,100.0,0.11993,-0.019236
SIM-NCM-16-01,403,0.7999,200.0,0.119951,-0.016731
SIM-NCM-16-01,403,0.7999,500.0,0.120227,-0.019896
SIM-NCM-16-01,403,0.7999,1000.0,0.123549,-0.021735
SIM-NCM-16-01,403,0.7999,2000.0,0.121315,-0.022318
SIM-NCM-16-01,403,0.7999,5000.0,0.122607,-0.02478
SIM-NCM-16-01,403,0.7999,10000.0,0.124385,-0.023837
SIM-NCM-16-01,456,0.7505,10.0,0.14367,-0.013565
SIM-NCM-16-01,456,0.7505,20.0,0.143718,-0.015305
SIM-NCM-16-01,456,0.7505,50.0,0.144978,-0.015474
SIM-NCM-16-01,456,0.7505,100.0,0.143453,-0.017803
SIM-NCM-16-01,456,0.7505,200.0,0.143682,-0.019344
SIM-NCM-16-01,456,0.7505,500.0,0.142783,-0.020332
SIM-NCM-16-01,456,0.7505,1000.0,0.14327,-0.019522
SIM-NCM-16-01,456,0.7505,2000.0,0.14565,-0.021107
SIM-NCM-16-01,456,0.7505,5000.0,0.145686,-0.024834
SIM-NCM-16-01,456,0.7505,10000.0,0.144336,-0.026244
SIM-NCM-16-01,510,0.7007,10.0,0.176414,-0.013677
SIM-NCM-16-01,510,0.7007,20.0,0.178491,-0.012422
SIM-NCM-16-01,510,0.7007,50.0,0.176203,-0.014713
SIM-NCM-16-01,510,0.7007,100.0,0.176173,-0.017449
SIM-NCM-16-01,510,0.7007,200.0,0.176246,-0.02062
SIM-NCM-16-01,510,0.7007,500.0,0.174036,-0.022122
SIM-NCM-16-01,510,0.7007,1000.0,0.175312,-0.020342
SIM-NCM-16-01,510,0.7007,2000.0,0.175129,-0.021178
SIM-NCM-16-01,510,0.7007,5000.0,0.177312,-0.024751
SIM-NCM-16-01,510,0.7007,10000.0,0.17997,-0.026815
SIM-NCM-16-02,102,0.9498,10.0,0.042343,-0.012707
SIM-NCM-16-02,102,0.9498,20.0,0.042947,-0.012981
SIM-NCM-16-02,102,0.9498,50.0,0.043535,-0.015297
SIM-NCM-16-02,102,0.9498,100.0,0.042931,-0.015511
SIM-NCM-16-02,102,0.9498,200.0,0.042927,-0.018891
SIM-NCM-16-02,102,0.9498,500.0,0.043007,-0.019269
SIM-NCM-16-02,102,0.9498,1000.0,0.042598,-0.023077
SIM-NCM-16-02,102,0.9498,2000.0,0.042582,-0.020882
SIM-NCM-16-02,102,0.9498,5000.0,0.041672,-0.023519
SIM-NCM-16-02,102,0.9498,10000.0,0.042777,-0.023261
SIM-NCM-16-02,218,0.9,10.0,0.070591,-0.011947
SIM-NCM-16-02,218,0.9,20.0,0.070068,-0.013144
SIM-NCM-16-02,218,0.9,50.0,0.069218,-0.014796
SIM-NCM-16-02,218,0.9,100.0,0.069912,-0.01456
SIM-NCM-16-02,218,0.9,200.0,0.069562,-0.019083
SIM-NCM-16-02,218,0.9,500.0,0.06902,-0.01982
SIM-NCM-16-02,218,0.9,1000.0,0.070685,-0.020179
SIM-NCM-16-02,218,0.9,2000.0,0.069072,-0.022253
SIM-NCM-16-02,218,0.9,5000.0,0.069127,-0.023814
SIM-NCM-16-02,218,0.9,10000.0,0.068548,-0.026258
SIM-NCM-16-02,334,0.8501,10.0,0.096233,-0.012355
SIM-NCM-16-02,334,0.8501,20.0,0.09638,-0.012033
SIM-NCM-16-02,334,0.8501,50.0,0.095941,-0.015649
SIM-NCM-16-02,334,0.8501,100.0,0.096316,-0.01426
SIM-NCM-16-02,334,0.8501,200.0,0.095137,-0.018459
SIM-NCM-16-02,334,0.8501,500.0,0.098403,-0.020505
SIM-NCM-16-02,334,0.8501,1000.0,0.096538,-0.021519
SIM-NCM-16-02,334,0.8501,2000.0,0.096228,-0.022514
SIM-NCM-16-02,334,0.8501,5000.0,0.095829,-0.023712
SIM-NCM-16-02,334,0.8501,10000.0,0.096537,-0.024091
SIM-NCM-16-02,411,0.8,10.0,0.119664,-0.012516
SIM-NCM-16-02,411,0.8,20.0,0.120111,-0.014148
SIM-NCM-16-02,411,0.8,50.0,0.120493,-0.016934
SIM-NCM-16-02,411,0.8,100.0,0.121643,-0.017268
SIM-NCM-16-02,411,0.8,200.0,0.119482,-0.018573
SIM-NCM-16-02,411,0.8,500.0,0.120922,-0.02163
SIM-NCM-16-02,411,0.8,1000.0,0.119849,-0.020974
SIM-NCM-16-02,411,0.8,2000.0,0.120837,-0.02357
SIM-NCM-16-02,411,0.8,5000.0,0.118179,-0.023229
SIM-NCM-16-02,411,0.8,10000.0,0.120068,-0.025084
SIM-NCM-16-02,463,0.7502,10.0,0.147177,-0.012878
SIM-NCM-16-02,463,0.7502,20.0,0.150724,-0.013576
SIM-NCM-16-02,463,0.7502,50.0,0.146997,-0.016248
SIM-NCM-16-02,463,0.7502,100.0,0.148034,-0.016082
SIM-NCM-16-02,463,0.7502,200.0,0.148118,-0.018745
SIM-NCM-16-02,463,0.7502,500.0,0.151072,-0.020038
SIM-NCM-16-02,463,0.7502,1000.0,0.152503,-0.022935
SIM-NCM-16-02,463,0.7502,2000.0,0.147869,-0.020565
SIM-NCM-16-02,463,0.7502,5000.0,0.147495,-0.026356
SIM-NCM-16-02,463,0.7502,10000.0,0.14995,-0.025875
SIM-NCM-16-02,517,0.7001,10.0,0.173867,-0.013873
SIM-NCM-16-02,517,0.7001,20.0,0.174976,-0.015324
SIM-NCM-16-02,517,0.7001,50.0,0.175464,-0.015458
SIM-NCM-16-02,517,0.7001,100.0,0.172556,-0.017297
SIM-NCM-16-02,517,0.7001,200.0,0.17427,-0.018926
SIM-NCM-16-02,517,0.7001,500.0,0.175181,-0.020918
SIM-NCM-16-02,517,0.7001,1000.0,0.173239,-0.023383
SIM-NCM-16-02,517,0.7001,2000.0,0.173973,-0.022674
SIM-NCM-16-02,517,0.7001,5000.0,0.174999,-0.02437
SIM-NCM-16-02,517,0.7001,10000.0,0.172417,-0.025814
SIM-NCM-16-03,97,0.95,10.0,0.040621,-0.012743
SIM-NCM-16-03,97,0.95,20.0,0.041642,-0.014679
SIM-NCM-16-03,97,0.95,50.0,0.04246,-0.015122
SIM-NCM-16-03,97,0.95,100.0,0.040874,-0.014287
SIM-NCM-16-03,97,0.95,200.0,0.041348,-0.016402
SIM-NCM-16-03,97,0.95,500.0,0.041274,-0.019853
SIM-NCM-16-03,97,0.95,1000.0,0.041321,-0.020999
SIM-NCM-16-03,97,0.95,2000.0,0.041594,-0.02316
SIM-NCM-16-03,97,0.95,5000.0,0.04194,-0.021025
SIM-NCM-16-03,97,0.95,10000.0,0.041342,-0.023566
SIM-NCM-16-03,216,0.8999,10.0,0.068413,-0.011921
SIM-NCM-16-03,216,0.8999,20.0,0.067223,-0.014507
SIM-NCM-16-03,216,0.8999,50.0,0.068781,-0.014125
SIM-NCM-16-03,216,0.8999,100.0,0.068363,-0.016954
SIM-NCM-16-03,216,0.8999,200.0,0.069527,-0.01701
SIM-NCM-16-03,216,0.8999,500.0,0.06838,-0.020623
SIM-NCM-16-03,216,0.8999,1000.0,0.068563,-0.020262
SIM-NCM-16-03,216,0.8999,2000.0,0.068918,-0.021395
SIM-NCM-16-03,216,0.8999,5000.0,0.067253,-0.025084
SIM-NCM-16-03,216,0.8999,10000.0,0.068375,-0.025092
SIM-NCM-16-03,335,0.85,10.0,0.096879,-0.012667
SIM-NCM-16-03,335,0.85,20.0,0.095155,-0.011356
SIM-NCM-16-03,335,0.85,50.0,0.096483,-0.016096
SIM-NCM-16-03,335,0.85,100.0,0.096186,-0.015372
SIM-NCM-16-03,335,0.85,200.0,0.095085,-0.019716
SIM-NCM-16-03,335,0.85,500.0,0.097255,-0.020134
SIM-NCM-16-03,335,0.85,1000.0,0.097139,-0.022107
SIM-NCM-16-03,335,0.85,2000.0,0.096065,-0.020662
SIM-NCM-16-03,335,0.85,5000.0,0.096313,-0.02419
SIM-NCM-16-03,335,0.85,10000.0,0.096029,-0.026452
SIM-NCM-16-03,395,0.7999,10.0,0.120579,-0.012078
SIM-NCM-16-03,395,0.7999,20.0,0.120036,-0.014518
SIM-NCM-16-03,395,0.7999,50.0,0.120726,-0.016559
SIM-NCM-16-03,395,0.7999,100.0,0.119369,-0.016516
SIM-NCM-16-03,395,0.7999,200.0,0.121081,-0.017014
SIM-NCM-16-03,395,0.7999,500.0,0.120989,-0.019706
SIM-NCM-16-03,395,0.7999,1000.0,0.119956,-0.019118
SIM-NCM-16-03,395,0.7999,2000.0,0.120982,-0.023142
SIM-NCM-16-03,395,0.7999,5000.0,0.121227,-0.024761
SIM-NCM-16-03,395,0.7999,10000.0,0.120547,-0.027349
SIM-NCM-16-03,450,0.7501,10.0,0.143552,-0.013982
SIM-NCM-16-03,450,0.7501,20.0,0.142279,-0.015347
SIM-NCM-16-03,450,0.7501,50.0,0.145835,-0.015928
SIM-NCM-16-03,450,0.7501,100.0,0.144368,-0.016146
SIM-NCM-16-03,450,0.7501,200.0,0.14318,-0.018258
SIM-NCM-16-03,450,0.7501,500.0,0.145209,-0.021081
SIM-NCM-16-03,450,0.7501,1000.0,0.145494,-0.021949
SIM-NCM-16-03,450,0.7501,2000.0,0.145481,-0.022201
SIM-NCM-16-03,450,0.7501,5000.0,0.143142,-0.024219
SIM-NCM-16-03,450,0.7501,10000.0,0.143845,-0.027663
SIM-NCM-16-03,504,0.7,10.0,0.178011,-0.011573
SIM-NCM-16-03,504,0.7,20.0,0.178849,-0.01436
SIM-NCM-16-03,504,0.7,50.0,0.177019,-0.016268
SIM-NCM-16-03,504,0.7,100.0,0.174763,-0.016793
SIM-NCM-16-03,504,0.7,200.0,0.179082,-0.017634
SIM-NCM-16-03,504,0.7,500.0,0.174948,-0.021696
SIM-NCM-16-03,504,0.7,1000.0,0.180229,-0.02322
SIM-NCM-16-03,504,0.7,2000.0,0.180472,-0.022453
SIM-NCM-16-03,504,0.7,5000.0,0.17875,-0.024299
SIM-NCM-16-03,504,0.7,10000.0,0.176413,-0.024662
SIM-NCM-17-01,68,0.9499,10.0,0.04987,-0.012915
SIM-NCM-17-01,68,0.9499,20.0,0.050328,-0.012395
SIM-NCM-17-01,68,0.9499,50.0,0.04988,-0.013513
SIM-NCM-17-01,68,0.9499,100.0,0.05086,-0.015155
SIM-NCM-17-01,68,0.9499,200.0,0.04973,-0.016715
SIM-NCM-17-01,68,0.9499,500.0,0.05022,-0.020009
SIM-NCM-17-01,68,0.9499,1000.0,0.050473,-0.02005
SIM-NCM-17-01,68,0.9499,2000.0,0.050072,-0.020795
SIM-NCM-17-01,68,0.9499,5000.0,0.050866,-0.023857
SIM-NCM-17-01,68,0.9499,10000.0,0.050089,-0.024647
SIM-NCM-17-01,154,0.8998,10.0,0.090488,-0.01143
SIM-NCM-17-01,154,0.8998,20.0,0.088116,-0.011882
SIM-NCM-17-01,154,0.8998,50.0,0.090855,-0.017514
SIM-NCM-17-01,154,0.8998,100.0,0.089816,-0.016802
SIM-NCM-17-01,154,0.8998,200.0,0.090727,-0.016426
SIM-NCM-17-01,154,0.8998,500.0,0.089688,-0.020815
SIM-NCM-17-01,154,0.8998,1000.0,0.088883,-0.019968
SIM-NCM-17-01,154,0.8998,2000.0,0.090049,-0.022369
SIM-NCM-17-01,154,0.8998,5000.0,0.090483,-0.023476
SIM-NCM-17-01,154,0.8998,10000.0,0.091082,-0.023741
SIM-NCM-17-01,238,0.8501,10.0,0.121852,-0.011734
SIM-NCM-17-01,238,0.8501,20.0,0.119343,-0.014372
SIM-NCM-17-01,238,0.8501,50.0,0.12317,-0.015797
SIM-NCM-17-01,238,0.8501,100.0,0.117078,-0.016958
SIM-NCM-17-01,238,0.8501,200.0,0.122237,-0.019838
SIM-NCM-17-01,238,0.8501,500.0,0.125082,-0.0189
SIM-NCM-17-01,238,0.8501,1000.0,0.119334,-0.022715
SIM-NCM-17-01,238,0.8501,2000.0,0.118827,-0.022509
SIM-NCM-17-01,238,0.8501,5000.0,0.120781,-0.024718
SIM-NCM-17-01,238,0.8501,10000.0,0.121409,-0.024506
SIM-NCM-17-01,308,0.7994,10.0,0.160894,-0.011348
SIM-NCM-17-01,308,0.7994,20.0,0.162565,-0.01349
SIM-NCM-17-01,308,0.7994,50.0,0.162704,-0.014991
SIM-NCM-17-01,308,0.7994,100.0,0.164,-0.014988
SIM-NCM-17-01,308,0.7994,200.0,0.162917,-0.016554
SIM-NCM-17-01,308,0.7994,500.0,0.15958,-0.020929
SIM-NCM-17-01,308,0.7994,1000.0,0.162303,-0.020938
SIM-NCM-17-01,308,0.7994,2000.0,0.160314,-0.021423
SIM-NCM-17-01,308,0.7994,5000.0,0.163685,-0.02381
SIM-NCM-17-01,308,0.7994,10000.0,0.162663,-0.02563
SIM-NCM-17-01,348,0.75,10.0,0.200247,-0.013298
SIM-NCM-17-01,348,0.75,20.0,0.196097,-0.013403
SIM-NCM-17-01,348,0.75,50.0,0.199446,-0.015317
SIM-NCM-17-01,348,0.75,100.0,0.196836,-0.016491
SIM-NCM-17-01,348,0.75,200.0,0.19967,-0.017018
SIM-NCM-17-01,348,0.75,500.0,0.19756,-0.019867
SIM-NCM-17-01,348,0.75,1000.0,0.197058,-0.020918
SIM-NCM-17-01,348,0.75,2000.0,0.198327,-0.02276
SIM-NCM-17-01,348,0.75,5000.0,0.199733,-0.025704
SIM-NCM-17-01,348,0.75,10000.0,0.20299,-0.026531
SIM-NCM-17-01,387,0.7008,10.0,0.238601,-0.014258
SIM-NCM-17-01,387,0.7008,20.0,0.23373,-0.014031
SIM-NCM-17-01,387,0.7008,50.0,0.23389,-0.017611
SIM-NCM-17-01,387,0.7008,100.0,0.234414,-0.01608
SIM-NCM-17-01,387,0.7008,200.0,0.23535,-0.019851
SIM-NCM-17-01,387,0.7008,500.0,0.236462,-0.021255
SIM-NCM-17-01,387,0.7008,1000.0,0.234951,-0.021711
SIM-NCM-17-01,387,0.7008,2000.0,0.233093,-0.023413
SIM-NCM-17-01,387,0.7008,5000.0,0.229736,-0.025248
SIM-NCM-17-01,387,0.7008,10000.0,0.238739,-0.025863
SIM-NCM-17-02,69,0.9499,10.0,0.052694,-0.012166
SIM-NCM-17-02,69,0.9499,20.0,0.05275,-0.011751
SIM-NCM-17-02,69,0.9499,50.0,0.053357,-0.014978
SIM-NCM-17-02,69,0.9499,100.0,0.054126,-0.015662
SIM-NCM-17-02,69,0.9499,200.0,0.05248,-0.017722
SIM-NCM-17-02,69,0.9499,500.0,0.053571,-0.017159
SIM-NCM-17-02,69,0.9499,1000.0,0.053715,-0.021216
SIM-NCM-17-02,69,0.9499,2000.0,0.054045,-0.023114
SIM-NCM-17-02,69,0.9499,5000.0,0.053657,-0.02444
SIM-NCM-17-02,69,0.9499,10000.0,0.05276,-0.023728
SIM-NCM-17-02,153,0.8999,10.0,0.085977,-0.012681
SIM-NCM-17-02,153,0.8999,20.0,0.086009,-0.012961
SIM-NCM-17-02,153,0.8999,50.0,0.087451,-0.013009
SIM-NCM-17-02,153,0.8999,100.0,0.087603,-0.017157
SIM-NCM-17-02,153,0.8999,200.0,0.087711,-0.017394
SIM-NCM-17-02,153,0.8999,500.0,0.087098,-0.017597
SIM-NCM-17-02,153,0.8999,1000.0,0.086477,-0.021812
SIM-NCM-17-02,153,0.8999,2000.0,0.084844,-0.021694
SIM-NCM-17-02,153,0.8999,5000.0,0.085663,-0.022605
SIM-NCM-17-02,153,0.8999,10000.0,0.087447,-0.024495
SIM-NCM-17-02,245,0.85,10.0,0.119562,-0.013238
SIM-NCM-17-02,245,0.85,20.0,0.121869,-0.014304
SIM-NCM-17-02,245,0.85,50.0,0.121798,-0.015648
SIM-NCM-17-02,245,0.85,100.0,0.122068,-0.016621
SIM-NCM-17-02,245,0.85,200.0,0.122587,-0.019307
SIM-NCM-17-02,245,0.85,500.0,0.122543,-0.019099
SIM-NCM-17-02,245,0.85,1000.0,0.124274,-0.020486
SIM-NCM-17-02,245,0.85,2000.0,0.120295,-0.023551
SIM-NCM-17-02,245,0.85,5000.0,0.123776,-0.023405
SIM-NCM-17-02,245,0.85,10000.0,0.120995,-0.024219
SIM-NCM-17-02,310,0.8001,10.0,0.167677,-0.012136
SIM-NCM-17-02,310,0.8001,20.0,0.166626,-0.015745
SIM-NCM-17-02,310,0.8001,50.0,0.165665,-0.016866
SIM-NCM-17-02,310,0.8001,100.0,0.16476,-0.01681
SIM-NCM-17-02,310,0.8001,200.0,0.162649,-0.017152
SIM-NCM-17-02,310,0.8001,500.0,0.165708,-0.019257
SIM-NCM-17-02,310,0.8001,1000.0,0.16227,-0.021352
SIM-NCM-17-02,310,0.8001,2000.0,0.16187,-0.020213
SIM-NCM-17-02,310,0.8001,5000.0,0.160366,-0.02432
SIM-NCM-17-02,310,0.8001,10000.0,0.168223,-0.025386
SIM-NCM-17-02,349,0.7504,10.0,0.199573,-0.017203
SIM-NCM-17-02,349,0.7504,20.0,0.191692,-0.014033
SIM-NCM-17-02,349,0.7504,50.0,0.197494,-0.016833
SIM-NCM-17-02,349,0.7504,100.0,0.197998,-0.015711
SIM-NCM-17-02,349,0.7504,200.0,0.195516,-0.019147
SIM-NCM-17-02,349,0.7504,500.0,0.196647,-0.020288
SIM-NCM-17-02,349,0.7504,1000.0,0.191442,-0.020093
SIM-NCM-17-02,349,0.7504,2000.0,0.197669,-0.023727
SIM-NCM-17-02,349,0.7504,5000.0,0.196539,-0.025169
SIM-NCM-17-02,349,0.7504,10000.0,0.196569,-0.027636
SIM-NCM-17-02,389,0.7008,10.0,0.230792,-0.016421
SIM-NCM-17-02,389,0.7008,20.0,0.233827,-0.01387
SIM-NCM-17-02,389,0.7008,50.0,0.2347,-0.01628
SIM-NCM-17-02,389,0.7008,100.0,0.233119,-0.017561
SIM-NCM-17-02,389,0.7008,200.0,0.233163,-0.020313
SIM-NCM-17-02,389,0.7008,500.0,0.233538,-0.021732
SIM-NCM-17-02,389,0.7008,1000.0,0.233954,-0.023561
SIM-NCM-17-02,389,0.7008,2000.0,0.231578,-0.02354
SIM-NCM-17-02,389,0.7008,5000.0,0.236558,-0.024872
SIM-NCM-17-02,389,0.7008,10000.0,0.233372,-0.026086
SIM-NCM-17-03,67,0.95,10.0,0.050239,-0.012662
SIM-NCM-17-03,67,0.95,20.0,0.050941,-0.012213
SIM-NCM-17-03,67,0.95,50.0,0.050622,-0.014189
SIM-NCM-17-03,67,0.95,100.0,0.050573,-0.01649
SIM-NCM-17-03,67,0.95,200.0,0.051679,-0.017595
SIM-NCM-17-03,67,0.95,500.0,0.051386,-0.018575
SIM-NCM-17-03,67,0.95,1000.0,0.052016,-0.019215
SIM-NCM-17-03,67,0.95,2000.0,0.051424,-0.021701
SIM-NCM-17-03,67,0.95,5000.0,0.051612,-0.023732
SIM-NCM-17-03,67,0.95,10000.0,0.050737,-0.024935
SIM-NCM-17-03,156,0.9001,10.0,0.087801,-0.012356
SIM-NCM-17-03,156,0.9001,20.0,0.087411,-0.011514
SIM-NCM-17-03,156,0.9001,50.0,0.08748,-0.015291
SIM-NCM-17-03,156,0.9001,100.0,0.088375,-0.016949
SIM-NCM-17-03,156,0.9001,200.0,0.088702,-0.018305
SIM-NCM-17-03,156,0.9001,500.0,0.08707,-0.018672
SIM-NCM-17-03,156,0.9001,1000.0,0.089045,-0.022269
SIM-NCM-17-03,156,0.9001,2000.0,0.087876,-0.022559
SIM-NCM-17-03,156,0.9001,5000.0,0.088882,-0.024596
SIM-NCM-17-03,156,0.9001,10000.0,0.087692,-0.024809
SIM-NCM-17-03,243,0.8498,10.0,0.12939,-0.012376
SIM-NCM-17-03,243,0.8498,20.0,0.12982,-0.012958
SIM-NCM-17-03,243,0.8498,50.0,0.133031,-0.014851
SIM-NCM-17-03,243,0.8498,100.0,0.13269,-0.016903
SIM-NCM-17-03,243,0.8498,200.0,0.13291,-0.017497
SIM-NCM-17-03,243,0.8498,500.0,0.129745,-0.019267
SIM-NCM-17-03,243,0.8498,1000.0,0.131517,-0.020456
SIM-NCM-17-03,243,0.8498,2000.0,0.131038,-0.021616
SIM-NCM-17-03,243,0.8498,5000.0,0.131341,-0.023897
SIM-NCM-17-03,243,0.8498,10000.0,0.129074,-0.025705
SIM-NCM-17-03,287,0.8011,10.0,0.15812,-0.012723
SIM-NCM-17-03,287,0.8011,20.0,0.161477,-0.013421
SIM-NCM-17-03,287,0.8011,50.0,0.158615,-0.014113
SIM-NCM-17-03,287,0.8011,100.0,0.159779,-0.017906
SIM-NCM-17-03,287,0.8011,200.0,0.162553,-0.018635
SIM-NCM-17-03,287,0.8011,500.0,0.159487,-0.019299
SIM-NCM-17-03,287,0.8011,1000.0,0.158758,-0.020346
SIM-NCM-17-03,287,0.8011,2000.0,0.159002,-0.022785
SIM-NCM-17-03,287,0.8011,5000.0,0.160331,-0.023473
SIM-NCM-17-03,287,0.8011,10000.0,0.159228,-0.02618
SIM-NCM-17-03,327,0.7508,10.0,0.202244,-0.013349
SIM-NCM-17-03,327,0.7508,20.0,0.201499,-0.013759
SIM-NCM-17-03,327,0.7508,50.0,0.199976,-0.015116
SIM-NCM-17-03,327,0.7508,100.0,0.200133,-0.015525
SIM-NCM-17-03,327,0.7508,200.0,0.198769,-0.018634
SIM-NCM-17-03,327,0.7508,500.0,0.196146,-0.01778
SIM-NCM-17-03,327,0.7508,1000.0,0.196128,-0.022399
SIM-NCM-17-03,327,0.7508,2000.0,0.198767,-0.023284
SIM-NCM-17-03,327,0.7508,5000.0,0.198633,-0.023165
SIM-NCM-17-03,327,0.7508,10000.0,0.197552,-0.025108
SIM-NCM-17-03,368,0.7001,10.0,0.239173,-0.013764
SIM-NCM-17-03,368,0.7001,20.0,0.237956,-0.014714
SIM-NCM-17-03,368,0.7001,50.0,0.238273,-0.016268
SIM-NCM-17-03,368,0.7001,100.0,0.239988,-0.017485
SIM-NCM-17-03,368,0.7001,200.0,0.23733,-0.01902
SIM-NCM-17-03,368,0.7001,500.0,0.243787,-0.019745
SIM-NCM-17-03,368,0.7001,1000.0,0.24002,-0.02262
SIM-NCM-17-03,368,0.7001,2000.0,0.240356,-0.023388
SIM-NCM-17-03,368,0.7001,5000.0,0.241652,-0.02603
SIM-NCM-17-03,368,0.7001,10000.0,0.243991,-0.026626
SIM-NCM-18-01,46,0.9497,10.0,0.059839,-0.012984
SIM-NCM-18-01,46,0.9497,20.0,0.060262,-0.014269
SIM-NCM-18-01,46,0.9497,50.0,0.059448,-0.013774
SIM-NCM-18-01,46,0.9497,100.0,0.060434,-0.018302
SIM-NCM-18-01,46,0.9497,200.0,0.060928,-0.018585
SIM-NCM-18-01,46,0.9497,500.0,0.060465,-0.018887
SIM-NCM-18-01,46,0.9497,1000.0,0.061621,-0.020453
SIM-NCM-18-01,46,0.9497,2000.0,0.059257,-0.021142
SIM-NCM-18-01,46,0.9497,5000.0,0.060289,-0.022581
SIM-NCM-18-01,46,0.9497,10000.0,0.060905,-0.02406
SIM-NCM-18-01,115,0.9001,10.0,0.108748,-0.012095
SIM-NCM-18-01,115,0.9001,20.0,0.107637,-0.014222
SIM-NCM-18-01,115,0.9001,50.0,0.108351,-0.0149
SIM-NCM-18-01,115,0.9001,100.0,0.106543,-0.017602
SIM-NCM-18-01,115,0.9001,200.0,0.105768,-0.01753
SIM-NCM-18-01,115,0.9001,500.0,0.107999,-0.020107
SIM-NCM-18-01,115,0.9001,1000.0,0.107632,-0.019402
SIM-NCM-18-01,115,0.9001,2000.0,0.109153,-0.021408
SIM-NCM-18-01,115,0.9001,5000.0,0.109291,-0.023082
SIM-NCM-18-01,115,0.9001,10000.0,0.108961,-0.025604
SIM-NCM-18-01,181,0.8501,10.0,0.150811,-0.013728
SIM-NCM-18-01,181,0.8501,20.0,0.150357,-0.013403
SIM-NCM-18-01,181,0.8501,50.0,0.149584,-0.015509
SIM-NCM-18-01,181,0.8501,100.0,0.15144,-0.016845
SIM-NCM-18-01,181,0.8501,200.0,0.149577,-0.017772
SIM-NCM-18-01,181,0.8501,500.0,0.152549,-0.020001
SIM-NCM-18-01,181,0.8501,1000.0,0.151698,-0.021133
SIM-NCM-18-01,181,0.8501,2000.0,0.152031,-0.022311
SIM-NCM-18-01,181,0.8501,5000.0,0.149677,-0.024844
SIM-NCM-18-01,181,0.8501,10000.0,0.152539,-0.025015
SIM-NCM-18-01,217,0.7996,10.0,0.194612,-0.013036
SIM-NCM-18-01,217,0.7996,20.0,0.198398,-0.013371
SIM-NCM-18-01,217,0.7996,50.0,0.197237,-0.016363
SIM-NCM-18-01,217,0.7996,100.0,0.195412,-0.017109
SIM-NCM-18-01,217,0.7996,200.0,0.19169,-0.018951
SIM-NCM-18-01,217,0.7996,500.0,0.193324,-0.019711
SIM-NCM-18-01,217,0.7996,1000.0,0.193424,-0.020791
SIM-NCM-18-01,217,0.7996,2000.0,0.193557,-0.023283
SIM-NCM-18-01,217,0.7996,5000.0,0.198675,-0.024886
SIM-NCM-18-01,217,0.7996,10000.0,0.197978,-0.025566
SIM-NCM-18-01,247,0.7502,10.0,0.244173,-0.011304
SIM-NCM-18-01,247,0.7502,20.0,0.241991,-0.015083
SIM-NCM-18-01,247,0.7502,50.0,0.248372,-0.015105
SIM-NCM-18-01,247,0.7502,100.0,0.247042,-0.01661
SIM-NCM-18-01,247,0.7502,200.0,0.246991,-0.018227
SIM-NCM-18-01,247,0.7502,500.0,0.248253,-0.022011
SIM-NCM-18-01,247,0.7502,1000.0,0.247464,-0.022056
SIM-NCM-18-01,247,0.7502,2000.0,0.247042,-0.023808
SIM-NCM-18-01,247,0.7502,5000.0,0.24264,-0.025217
SIM-NCM-18-01,247,0.7502,10000.0,0.243616,-0.025946
SIM-NCM-18-01,278,0.7003,10.0,0.293664,-0.012542
SIM-NCM-18-01,278,0.7003,20.0,0.291635,-0.01494
SIM-NCM-18-01,278,0.7003,50.0,0.29257,-0.016356
SIM-NCM-18-01,278,0.7003,100.0,0.293176,-0.018054
SIM-NCM-18-01,278,0.7003,200.0,0.2938,-0.019031
SIM-NCM-18-01,278,0.7003,500.0,0.292183,-0.022638
SIM-NCM-18-01,278,0.7003,1000.0,0.295234,-0.02009
SIM-NCM-18-01,278,0.7003,2000.0,0.294526,-0.022435
SIM-NCM-18-01,278,0.7003,5000.0,0.292375,-0.026056
SIM-NCM-18-01,278,0.7003,10000.0,0.293665,-0.025691
SIM-NCM-18-02,48,0.9494,10.0,0.0624,-0.011748
SIM-NCM-18-02,48,0.9494,20.0,0.06254,-0.013934
SIM-NCM-18-02,48,0.9494,50.0,0.061891,-0.01408
SIM-NCM-18-02,48,0.9494,100.0,0.061973,-0.017945
SIM-NCM-18-02,48,0.9494,200.0,0.062506,-0.015905
SIM-NCM-18-02,48,0.9494,500.0,0.061559,-0.020949
SIM-NCM-18-02,48,0.9494,1000.0,0.062772,-0.020763
SIM-NCM-18-02,48,0.9494,2000.0,0.062028,-0.021495
SIM-NCM-18-02,48,0.9494,5000.0,0.062646,-0.022139
SIM-NCM-18-02,48,0.9494,10000.0,0.061583,-0.023119
SIM-NCM-18-02,115,0.9,10.0,0.110755,-0.011811
SIM-NCM-18-02,115,0.9,20.0,0.10885,-0.014291
SIM-NCM-18-02,115,0.9,50.0,0.108447,-0.016436
SIM-NCM-18-02,115,0.9,100.0,0.10734,-0.017373
SIM-NCM-18-02,115,0.9,200.0,0.107543,-0.018489
SIM-NCM-18-02,115,0.9,500.0,0.108264,-0.020225
SIM-NCM-18-02,115,0.9,1000.0,0.110181,-0.020714
SIM-NCM-18-02,115,0.9,2000.0,0.108793,-0.022863
SIM-NCM-18-02,115,0.9,5000.0,0.106867,-0.023258
SIM-NCM-18-02,115,0.9,10000.0,0.108862,-0.023403
SIM-NCM-18-02,181,0.8502,10.0,0.153826,-0.012881
SIM-NCM-18-02,181,0.8502,20.0,0.152336,-0.012868
SIM-NCM-18-02,181,0.8502,50.0,0.150584,-0.017563
SIM-NCM-18-02,181,0.8502,100.0,0.155537,-0.017398
SIM-NCM-18-02,181,0.8502,200.0,0.153841,-0.01853
SIM-NCM-18-02,181,0.8502,500.0,0.15376,-0.020304
SIM-NCM-18-02,181,0.8502,1000.0,0.154287,-0.020736
SIM-NCM-18-02,181,0.8502,2000.0,0.153388,-0.020575
SIM-NCM-18-02,181,0.8502,5000.0,0.155564,-0.022689
SIM-NCM-18-02,181,0.8502,10000.0,0.152677,-0.02474
SIM-NCM-18-02,235,0.7989,10.0,0.196238,-0.012829
SIM-NCM-18-02,235,0.7989,20.0,0.199704,-0.013748
SIM-NCM-18-02,235,0.7989,50.0,0.198216,-0.014037
SIM-NCM-18-02,235,0.7989,100.0,0.19868,-0.017769
SIM-NCM-18-02,235,0.7989,200.0,0.196491,-0.017507
SIM-NCM-18-02,235,0.7989,500.0,0.197851,-0.018116
SIM-NCM-18-02,235,0.7989,1000.0,0.204272,-0.021497
SIM-NCM-18-02,235,0.7989,2000.0,0.198688,-0.022329
SIM-NCM-18-02,235,0.7989,5000.0,0.196447,-0.023772
SIM-NCM-18-02,235,0.7989,10000.0,0.200286,-0.025012
SIM-NCM-18-02,266,0.7493,10.0,0.245043,-0.013608
SIM-NCM-18-02,266,0.7493,20.0,0.243986,-0.01493
SIM-NCM-18-02,266,0.7493,50.0,0.245193,-0.015697
SIM-NCM-18-02,266,0.7493,100.0,0.244903,-0.01708
SIM-NCM-18-02,266,0.7493,200.0,0.24694,-0.018858
SIM-NCM-18-02,266,0.7493,500.0,0.24186,-0.018724
SIM-NCM-18-02,266,0.7493,1000.0,0.241794,-0.022734
SIM-NCM-18-02,266,0.7493,2000.0,0.248102,-0.022866
SIM-NCM-18-02,266,0.7493,5000.0,0.245033,-0.025059
SIM-NCM-18-02,266,0.7493,10000.0,0.244267,-0.025494
SIM-NCM-18-02,297,0.7003,10.0,0.289559,-0.012089
SIM-NCM-18-02,297,0.7003,20.0,0.29755,-0.014002
SIM-NCM-18-02,297,0.7003,50.0,0.286308,-0.016929
SIM-NCM-18-02,297,0.7003,100.0,0.291074,-0.018716
SIM-NCM-18-02,297,0.7003,200.0,0.289944,-0.019883
SIM-NCM-18-02,297,0.7003,500.0,0.290762,-0.021991
SIM-NCM-18-02,297,0.7003,1000.0,0.289761,-0.02172
SIM-NCM-18-02,297,0.7003,2000.0,0.294664,-0.022282
SIM-NCM-18-02,297,0.7003,5000.0,0.288227,-0.02507
SIM-NCM-18-02,297,0.7003,10000.0,0.295259,-0.024418
SIM-NCM-18-03,48,0.95,10.0,0.059932,-0.013142
SIM-NCM-18-03,48,0.95,20.0,0.059241,-0.012532
SIM-NCM-18-03,48,0.95,50.0,0.0593,-0.015894
SIM-NCM-18-03,48,0.95,100.0,0.059501,-0.017363
SIM-NCM-18-03,48,0.95,200.0,0.058271,-0.018021
SIM-NCM-18-03,48,0.95,500.0,0.058615,-0.019612
SIM-NCM-18-03,48,0.95,1000.0,0.058647,-0.019385
SIM-NCM-18-03,48,0.95,2000.0,0.059974,-0.020933
SIM-NCM-18-03,48,0.95,5000.0,0.059684,-0.023185
SIM-NCM-18-03,48,0.95,10000.0,0.059838,-0.024572
SIM-NCM-18-03,117,0.8999,10.0,0.111313,-0.013174
SIM-NCM-18-03,117,0.8999,20.0,0.110065,-0.014633
SIM-NCM-18-03,117,0.8999,50.0,0.110102,-0.015828
SIM-NCM-18-03,117,0.8999,100.0,0.111403,-0.014973
SIM-NCM-18-03,117,0.8999,200.0,0.109623,-0.017351
SIM-NCM-18-03,117,0.8999,500.0,0.109946,-0.019573
SIM-NCM-18-03,117,0.8999,1000.0,0.108353,-0.021195
SIM-NCM-18-03,117,0.8999,2000.0,0.111247,-0.021396
SIM-NCM-18-03,117,0.8999,5000.0,0.111796,-0.024161
SIM-NCM-18-03,117,0.8999,10000.0,0.110772,-0.024146
SIM-NCM-18-03,182,0.8493,10.0,0.157898,-0.013232
SIM-NCM-18-03,182,0.8493,20.0,0.157745,-0.012949
SIM-NCM-18-03,182,0.8493,50.0,0.155402,-0.014856
SIM-NCM-18-03,182,0.8493,100.0,0.155092,-0.017775
SIM-NCM-18-03,182,0.8493,200.0,0.153583,-0.017441
SIM-NCM-18-03,182,0.8493,500.0,0.160704,-0.020052
SIM-NCM-18-03,182,0.8493,1000.0,0.159378,-0.022169
SIM-NCM-18-03,182,0.8493,2000.0,0.156565,-0.021723
SIM-NCM-18-03,182,0.8493,5000.0,0.158768,-0.022474
SIM-NCM-18-03,182,0.8493,10000.0,0.15543,-0.024539
SIM-NCM-18-03,230,0.7992,10.0,0.199258,-0.012814
SIM-NCM-18-03,230,0.7992,20.0,0.200172,-0.013077
SIM-NCM-18-03,230,0.7992,50.0,0.199957,-0.015497
SIM-NCM-18-03,230,0.7992,100.0,0.202319,-0.016696
SIM-NCM-18-03,230,0.7992,200.0,0.201072,-0.017646
SIM-NCM-18-03,230,0.7992,500.0,0.201609,-0.019593
SIM-NCM-18-03,230,0.7992,1000.0,0.205691,-0.022209
SIM-NCM-18-03,230,0.7992,2000.0,0.2031,-0.023872
SIM-NCM-18-03,230,0.7992,5000.0,0.203106,-0.023751
SIM-NCM-18-03,230,0.7992,10000.0,0.200831,-0.026437
SIM-NCM-18-03,262,0.7497,10.0,0.242495,-0.012285
SIM-NCM-18-03,262,0.7497,20.0,0.238374,-0.012054
SIM-NCM-18-03,262,0.7497,50.0,0.239451,-0.017658
SIM-NCM-18-03,262,0.7497,100.0,0.244329,-0.017585
SIM-NCM-18-03,262,0.7497,200.0,0.246872,-0.017374
SIM-NCM-18-03,262,0.7497,500.0,0.247979,-0.020983
SIM-NCM-18-03,262,0.7497,1000.0,0.246155,-0.019835
SIM-NCM-18-03,262,0.7497,2000.0,0.244133,-0.022281
SIM-NCM-18-03,262,0.7497,5000.0,0.243441,-0.024315
SIM-NCM-18-03,262,0.7497,10000.0,0.242303,-0.026744
SIM-NCM-18-03,292,0.7012,10.0,0.303511,-0.01259
SIM-NCM-18-03,292,0.7012,20.0,0.305967,-0.013705
SIM-NCM-18-03,292,0.7012,50.0,0.303757,-0.015682
SIM-NCM-18-03,292,0.7012,100.0,0.302885,-0.017616
SIM-NCM-18-03,292,0.7012,200.0,0.304504,-0.016951
SIM-NCM-18-03,292,0.7012,500.0,0.301183,-0.020748
SIM-NCM-18-03,292,0.7012,1000.0,0.300436,-0.022217
SIM-NCM-18-03,292,0.7012,2000.0,0.307778,-0.022752
SIM-NCM-18-03,292,0.7012,5000.0,0.30654,-0.027186
SIM-NCM-18-03,292,0.7012,10000.0,0.305658,-0.027918
SIM-NCM-19-01,121,0.9501,10.0,0.041822,-0.012946
SIM-NCM-19-01,121,0.9501,20.0,0.041435,-0.013076
SIM-NCM-19-01,121,0.9501,50.0,0.04116,-0.016018
SIM-NCM-19-01,121,0.9501,100.0,0.040936,-0.016257
SIM-NCM-19-01,121,0.9501,200.0,0.041123,-0.017501
SIM-NCM-19-01,121,0.9501,500.0,0.040497,-0.018356
SIM-NCM-19-01,121,0.9501,1000.0,0.041784,-0.020923
SIM-NCM-19-01,121,0.9501,2000.0,0.041371,-0.021403
SIM-NCM-19-01,121,0.9501,5000.0,0.040804,-0.023759
SIM-NCM-19-01,121,0.9501,10000.0,0.040761,-0.022233
SIM-NCM-19-01,269,0.8999,10.0,0.068716,-0.012581
SIM-NCM-19-01,269,0.8999,20.0,0.070932,-0.012078
SIM-NCM-19-01,269,0.8999,50.0,0.069733,-0.016616
SIM-NCM-19-01,269,0.8999,100.0,0.069913,-0.016413
SIM-NCM-19-01,269,0.8999,200.0,0.069405,-0.018907
SIM-NCM-19-01,269,0.8999,500.0,0.070002,-0.018781
SIM-NCM-19-01,269,0.8999,1000.0,0.070366,-0.0224
SIM-NCM-19-01,269,0.8999,2000.0,0.070709,-0.022132
SIM-NCM-19-01,269,0.8999,5000.0,0.069588,-0.021647
SIM-NCM-19-01,269,0.8999,10000.0,0.069876,-0.025386
SIM-NCM-19-01,409,0.8502,10.0,0.095088,-0.013685
SIM-NCM-19-01,409,0.8502,20.0,0.097144,-0.013907
SIM-NCM-19-01,409,0.8502,50.0,0.096013,-0.015137
SIM-NCM-19-01,409,0.8502,100.0,0.095137,-0.016609
SIM-NCM-19-01,409,0.8502,200.0,0.095928,-0.017315
SIM-NCM-19-01,409,0.8502,500.0,0.094637,-0.0203
SIM-NCM-19-01,409,0.8502,1000.0,0.096311,-0.02087
SIM-NCM-19-01,409,0.8502,2000.0,0.096722,-0.023096
SIM-NCM-19-01,409,0.8502,5000.0,0.095117,-0.022901
SIM-NCM-19-01,409,0.8502,10000.0,0.095515,-0.026999
SIM-NCM-19-01,500,0.7996,10.0,0.117901,-0.011487
SIM-NCM-19-01,500,0.7996,20.0,0.12126,-0.014035
SIM-NCM-19-01,500,0.7996,50.0,0.121778,-0.01532
SIM-NCM-19-01,500,0.7996,100.0,0.120569,-0.017677
SIM-NCM-19-01,500,0.7996,200.0,0.120117,-0.016622
SIM-NCM-19-01,500,0.7996,500.0,0.119485,-0.0191
SIM-NCM-19-01,500,0.7996,1000.0,0.120558,-0.020356
SIM-NCM-19-01,500,0.7996,2000.0,0.119362,-0.022044
SIM-NCM-19-01,500,0.7996,5000.0,0.118512,-0.023993
SIM-NCM-19-01,500,0.7996,10000.0,0.119593,-0.025547
SIM-NCM-19-01,561,0.7499,10.0,0.147145,-0.012622
SIM-NCM-19-01,561,0.7499,20.0,0.146306,-0.01389
SIM-NCM-19-01,561,0.7499,50.0,0.146248,-0.01522
SIM-NCM-19-01,561,0.7499,100.0,0.149759,-0.016578
SIM-NCM-19-01,561,0.7499,200.0,0.147268,-0.019426
SIM-NCM-19-01,561,0.7499,500.0,0.145591,-0.019578
SIM-NCM-19-01,561,0.7499,1000.0,0.149008,-0.019362
SIM-NCM-19-01,561,0.7499,2000.0,0.146517,-0.022668
SIM-NCM-19-01,561,0.7499,5000.0,0.147869,-0.024753
SIM-NCM-19-01,561,0.7499,10000.0,0.149327,-0.025322
SIM-NCM-19-01,626,0.7002,10.0,0.182102,-0.014034
SIM-NCM-19-01,626,0.7002,20.0,0.186525,-0.015337
SIM-NCM-19-01,626,0.7002,50.0,0.181149,-0.016858
SIM-NCM-19-01,626,0.7002,100.0,0.18569,-0.015352
SIM-NCM-19-01,626,0.7002,200.0,0.183139,-0.018374
SIM-NCM-19-01,626,0.7002,500.0,0.178692,-0.020563
SIM-NCM-19-01,626,0.7002,1000.0,0.184507,-0.020226
SIM-NCM-19-01,626,0.7002,2000.0,0.184401,-0.021977
SIM-NCM-19-01,626,0.7002,5000.0,0.184359,-0.025025
SIM-NCM-19-01,626,0.7002,10000.0,0.182715,-0.025819
SIM-NCM-19-02,120,0.9499,10.0,0.040915,-0.012165
SIM-NCM-19-02,120,0.9499,20.0,0.04124,-0.012283
SIM-NCM-19-02,120,0.9499,50.0,0.040102,-0.015038
SIM-NCM-19-02,120,0.9499,100.0,0.040195,-0.015315
SIM-NCM-19-02,120,0.9499,200.0,0.040505,-0.017513
SIM-NCM-19-02,120,0.9499,500.0,0.040931,-0.017615
SIM-NCM-19-02,120,0.9499,1000.0,0.040373,-0.019721
SIM-NCM-19-02,120,0.9499,2000.0,0.04108,-0.021933
SIM-NCM-19-02,120,0.9499,5000.0,0.040108,-0.022748
SIM-NCM-19-02,120,0.9499,10000.0,0.040925,-0.026076
SIM-NCM-19-02,270,0.8998,10.0,0.068673,-0.013816
SIM-NCM-19-02,270,0.8998,20.0,0.068148,-0.012371
SIM-NCM-19-02,270,0.8998,50.0,0.068369,-0.01579
SIM-NCM-19-02,270,0.8998,100.0,0.067195,-0.017312
SIM-NCM-19-02,270,0.8998,200.0,0.068568,-0.01838
SIM-NCM-19-02,270,0.8998,500.0,0.069126,-0.020565
SIM-NCM-19-02,270,0.8998,1000.0,0.06848,-0.020923
SIM-NCM-19-02,270,0.8998,2000.0,0.067567,-0.022672
SIM-NCM-19-02,270,0.8998,5000.0,0.068346,-0.02324
SIM-NCM-19-02,270,0.8998,10000.0,0.068855,-0.024535
SIM-NCM-19-02,404,0.8501,10.0,0.094078,-0.012503
SIM-NCM-19-02,404,0.8501,20.0,0.093908,-0.012907
SIM-NCM-19-02,404,0.8501,50.0,0.095055,-0.014575
SIM-NCM-19-02,404,0.8501,100.0,0.093365,-0.017723
SIM-NCM-19-02,404,0.8501,200.0,0.095423,-0.019182
SIM-NCM-19-02,404,0.8501,500.0,0.094263,-0.019446
SIM-NCM-19-02,404,0.8501,1000.0,0.094425,-0.018187
SIM-NCM-19-02,404,0.8501,2000.0,0.093548,-0.022761
SIM-NCM-19-02,404,0.8501,5000.0,0.09507,-0.023782
SIM-NCM-19-02,404,0.8501,10000.0,0.093702,-0.024216
SIM-NCM-19-02,485,0.8005,10.0,0.120731,-0.010846
SIM-NCM-19-02,485,0.8005,20.0,0.122567,-0.013597
SIM-NCM-19-02,485,0.8005,50.0,0.120935,-0.014483
SIM-NCM-19-02,485,0.8005,100.0,0.121513,-0.016757
SIM-NCM-19-02,485,0.8005,200.0,0.12218,-0.01811
SIM-NCM-19-02,485,0.8005,500.0,0.119844,-0.017696
SIM-NCM-19-02,485,0.8005,1000.0,0.121615,-0.02227
SIM-NCM-19-02,485,0.8005,2000.0,0.120826,-0.022367
SIM-NCM-19-02,485,0.8005,5000.0,0.12214,-0.023577
SIM-NCM-19-02,485,0.8005,10000.0,0.119766,-0.024955
SIM-NCM-19-02,549,0.7502,10.0,0.154566,-0.012083
SIM-NCM-19-02,549,0.7502,20.0,0.155459,-0.014488
SIM-NCM-19-02,549,0.7502,50.0,0.155357,-0.015374
SIM-NCM-19-02,549,0.7502,100.0,0.152862,-0.017635
SIM-NCM-19-02,549,0.7502,200.0,0.153893,-0.017682
SIM-NCM-19-02,549,0.7502,500.0,0.153855,-0.019769
SIM-NCM-19-02,549,0.7502,1000.0,0.153542,-0.022234
SIM-NCM-19-02,549,0.7502,2000.0,0.155235,-0.023813
SIM-NCM-19-02,549,0.7502,5000.0,0.15622,-0.024331
SIM-NCM-19-02,549,0.7502,10000.0,0.153311,-0.027832
SIM-NCM-19-02,615,0.7003,10.0,0.166768,-0.012055
SIM-NCM-19-02,615,0.7003,20.0,0.168944,-0.014967
SIM-NCM-19-02,615,0.7003,50.0,0.170373,-0.014392
SIM-NCM-19-02,615,0.7003,100.0,0.16826,-0.017971
SIM-NCM-19-02,615,0.7003,200.0,0.169779,-0.018193
SIM-NCM-19-02,615,0.7003,500.0,0.172697,-0.020106
SIM-NCM-19-02,615,0.7003,1000.0,0.170733,-0.022283
SIM-NCM-19-02,615,0.7003,2000.0,0.171131,-0.022813
SIM-NCM-19-02,615,0.7003,5000.0,0.170138,-0.023966
SIM-NCM-19-02,615,0.7003,10000.0,0.171493,-0.027071
SIM-NCM-19-03,122,0.95,10.0,0.043332,-0.011546
SIM-NCM-19-03,122,0.95,20.0,0.04353,-0.012171
SIM-NCM-19-03,122,0.95,50.0,0.04271,-0.017124
SIM-NCM-19-03,122,0.95,100.0,0.043451,-0.017694
SIM-NCM-19-03,122,0.95,200.0,0.043103,-0.018625
SIM-NCM-19-03,122,0.95,500.0,0.042705,-0.018865
SIM-NCM-19-03,122,0.95,1000.0,0.043401,-0.018382
SIM-NCM-19-03,122,0.95,2000.0,0.042914,-0.022142
SIM-NCM-19-03,122,0.95,5000.0,0.042961,-0.023584
SIM-NCM-19-03,122,0.95,10000.0,0.042794,-0.022642
SIM-NCM-19-03,267,0.9,10.0,0.071695,-0.012085
SIM-NCM-19-03,267,0.9,20.0,0.071835,-0.014175
SIM-NCM-19-03,267,0.9,50.0,0.071005,-0.014486
SIM-NCM-19-03,267,0.9,100.0,0.070825,-0.017705
SIM-NCM-19-03,267,0.9,200.0,0.069698,-0.017436
SIM-NCM-19-03,267,0.9,500.0,0.07126,-0.020429
SIM-NCM-19-03,267,0.9,1000.0,0.070279,-0.022677
SIM-NCM-19-03,267,0.9,2000.0,0.07118,-0.021483
SIM-NCM-19-03,267,0.9,5000.0,0.071267,-0.023239
SIM-NCM-19-03,267,0.9,10000.0,0.072294,-0.024185
SIM-NCM-19-03,408,0.8499,10.0,0.094965,-0.012653
SIM-NCM-19-03,408,0.8499,20.0,0.095508,-0.013418
SIM-NCM-19-03,408,0.8499,50.0,0.094434,-0.015763
SIM-NCM-19-03,408,0.8499,100.0,0.095949,-0.0179
SIM-NCM-19-03,408,0.8499,200.0,0.094951,-0.017292
SIM-NCM-19-03,408,0.8499,500.0,0.094693,-0.020724
SIM-NCM-19-03,408,0.8499,1000.0,0.094779,-0.0197
SIM-NCM-19-03,408,0.8499,2000.0,0.094931,-0.022276
SIM-NCM-19-03,408,0.8499,5000.0,0.094441,-0.023686
SIM-NCM-19-03,408,0.8499,10000.0,0.094484,-0.026384
SIM-NCM-19-03,475,0.7999,10.0,0.123412,-0.012555
SIM-NCM-19-03,475,0.7999,20.0,0.123905,-0.014154
SIM-NCM-19-03,475,0.7999,50.0,0.12233,-0.014976
SIM-NCM-19-03,475,0.7999,100.0,0.123325,-0.017687
SIM-NCM-19-03,475,0.7999,200.0,0.122278,-0.017933
SIM-NCM-19-03,475,0.7999,500.0,0.121637,-0.019197
SIM-NCM-19-03,475,0.7999,1000.0,0.124455,-0.020103
SIM-NCM-19-03,475,0.7999,2000.0,0.123503,-0.021038
SIM-NCM-19-03,475,0.7999,5000.0,0.121467,-0.024802
SIM-NCM-19-03,475,0.7999,10000.0,0.122025,-0.027324
SIM-NCM-19-03,540,0.7501,10.0,0.148203,-0.010856
SIM-NCM-19-03,540,0.7501,20.0,0.14673,-0.014351
SIM-NCM-19-03,540,0.7501,50.0,0.145293,-0.01594
SIM-NCM-19-03,540,0.7501,100.0,0.147734,-0.01725
SIM-NCM-19-03,540,0.7501,200.0,0.148384,-0.020096
SIM-NCM-19-03,540,0.7501,500.0,0.147476,-0.02005
SIM-NCM-19-03,540,0.7501,1000.0,0.145396,-0.02224
SIM-NCM-19-03,540,0.7501,2000.0,0.149063,-0.024067
SIM-NCM-19-03,540,0.7501,5000.0,0.145476,-0.025149
SIM-NCM-19-03,540,0.7501,10000.0,0.147214,-0.027169
SIM-NCM-19-03,604,0.6995,10.0,0.176574,-0.013095
SIM-NCM-19-03,604,0.6995,20.0,0.173099,-0.015487
SIM-NCM-19-03,604,0.6995,50.0,0.174551,-0.016349
SIM-NCM-19-03,604,0.6995,100.0,0.171379,-0.01792
SIM-NCM-19-03,604,0.6995,200.0,0.174823,-0.020237
SIM-NCM-19-03,604,0.6995,500.0,0.175953,-0.019722
SIM-NCM-19-03,604,0.6995,1000.0,0.175971,-0.021612
SIM-NCM-19-03,604,0.6995,2000.0,0.173098,-0.02318
SIM-NCM-19-03,604,0.6995,5000.0,0.171471,-0.024635
SIM-NCM-19-03,604,0.6995,10000.0,0.173504,-0.025642
SIM-NCM-20-01,84,0.9499,10.0,0.049209,-0.014219
SIM-NCM-20-01,84,0.9499,20.0,0.049869,-0.015098
SIM-NCM-20-01,84,0.9499,50.0,0.048783,-0.013472
SIM-NCM-20-01,84,0.9499,100.0,0.050019,-0.016947
SIM-NCM-20-01,84,0.9499,200.0,0.049662,-0.01719
SIM-NCM-20-01,84,0.9499,500.0,0.050496,-0.018739
SIM-NCM-20-01,84,0.9499,1000.0,0.049204,-0.020949
SIM-NCM-20-01,84,0.9499,2000.0,0.051124,-0.019974
SIM-NCM-20-01,84,0.9499,5000.0,0.049725,-0.023999
SIM-NCM-20-01,84,0.9499,10000.0,0.049803,-0.024321
SIM-NCM-20-01,193,0.8996,10.0,0.089078,-0.012258
SIM-NCM-20-01,193,0.8996,20.0,0.090036,-0.013623
SIM-NCM-20-01,193,0.8996,50.0,0.089873,-0.01612
SIM-NCM-20-01,193,0.8996,100.0,0.090333,-0.016095
SIM-NCM-20-01,193,0.8996,200.0,0.08846,-0.01639
SIM-NCM-20-01,193,0.8996,500.0,0.089425,-0.018627
SIM-NCM-20-01,193,0.8996,1000.0,0.089891,-0.020793
SIM-NCM-20-01,193,0.8996,2000.0,0.090551,-0.021978
SIM-NCM-20-01,193,0.8996,5000.0,0.089432,-0.022627
SIM-NCM-20-01,193,0.8996,10000.0,0.091997,-0.023694
SIM-NCM-20-01,301,0.8501,10.0,0.12991,-0.01152
SIM-NCM-20-01,301,0.8501,20.0,0.128593,-0.013914
SIM-NCM-20-01,301,0.8501,50.0,0.127587,-0.014704
SIM-NCM-20-01,301,0.8501,100.0,0.129671,-0.01537
SIM-NCM-20-01,301,0.8501,200.0,0.127803,-0.017265
SIM-NCM-20-01,301,0.8501,500.0,0.129189,-0.019835
SIM-NCM-20-01,301,0.8501,1000.0,0.127254,-0.021338
SIM-NCM-20-01,301,0.8501,2000.0,0.131318,-0.023033
SIM-NCM-20-01,301,0.8501,5000.0,0.127008,-0.02351
SIM-NCM-20-01,301,0.8501,10000.0,0.129927,-0.026151
SIM-NCM-20-01,361,0.8001,10.0,0.163502,-0.011233
SIM-NCM-20-01,361,0.8001,20.0,0.159916,-0.013931
SIM-NCM-20-01,361,0.8001,50.0,0.163571,-0.014347
SIM-NCM-20-01,361,0.8001,100.0,0.165684,-0.016186
SIM-NCM-20-01,361,0.8001,200.0,0.1625,-0.018099
SIM-NCM-20-01,361,0.8001,500.0,0.163863,-0.020521
SIM-NCM-20-01,361,0.8001,1000.0,0.161963,-0.022156
SIM-NCM-20-01,361,0.8001,2000.0,0.160794,-0.023105
SIM-NCM-20-01,361,0.8001,5000.0,0.162124,-0.023806
SIM-NCM-20-01,361,0.8001,10000.0,0.1621,-0.025109
SIM-NCM-20-01,409,0.7507,10.0,0.199416,-0.012387
SIM-NCM-20-01,409,0.7507,20.0,0.199702,-0.014079
SIM-NCM-20-01,409,0.7507,50.0,0.195556,-0.016074
SIM-NCM-20-01,409,0.7507,100.0,0.199306,-0.014957
SIM-NCM-20-01,409,0.7507,200.0,0.198445,-0.018002
SIM-NCM-20-01,409,0.7507,500.0,0.197446,-0.022286
SIM-NCM-20-01,409,0.7507,1000.0,0.202084,-0.023377
SIM-NCM-20-01,409,0.7507,2000.0,0.198394,-0.022681
SIM-NCM-20-01,409,0.7507,5000.0,0.197324,-0.024244
SIM-NCM-20-01,409,0.7507,10000.0,0.198904,-0.025759
SIM-NCM-20-01,457,0.7003,10.0,0.221968,-0.011607
SIM-NCM-20-01,457,0.7003,20.0,0.224971,-0.013103
SIM-NCM-20-01,457,0.7003,50.0,0.219047,-0.0179
SIM-NCM-20-01,457,0.7003,100.0,0.219124,-0.017688
SIM-NCM-20-01,457,0.7003,200.0,0.22362,-0.018466
SIM-NCM-20-01,457,0.7003,500.0,0.221901,-0.021066
SIM-NCM-20-01,457,0.7003,1000.0,0.220266,-0.023309
SIM-NCM-20-01,457,0.7003,2000.0,0.221857,-0.021818
SIM-NCM-20-01,457,0.7003,5000.0,0.22123,-0.025505
SIM-NCM-20-01,457,0.7003,10000.0,0.223199,-0.0266
SIM-NCM-20-02,86,0.9502,10.0,0.052029,-0.011759
SIM-NCM-20-02,86,0.9502,20.0,0.05254,-0.013579
SIM-NCM-20-02,86,0.9502,50.0,0.052357,-0.015927
SIM-NCM-20-02,86,0.9502,100.0,0.052244,-0.014703
SIM-NCM-20-02,86,0.9502,200.0,0.051889,-0.017167
SIM-NCM-20-02,86,0.9502,500.0,0.05309,-0.020199
SIM-NCM-20-02,86,0.9502,1000.0,0.052658,-0.019798
SIM-NCM-20-02,86,0.9502,2000.0,0.053111,-0.020701
SIM-NCM-20-02,86,0.9502,5000.0,0.051182,-0.022813
SIM-NCM-20-02,86,0.9502,10000.0,0.053128,-0.023452
SIM-NCM-20-02,195,0.9001,10.0,0.090792,-0.011851
SIM-NCM-20-02,195,0.9001,20.0,0.090251,-0.014221
SIM-NCM-20-02,195,0.9001,50.0,0.09156,-0.01668
SIM-NCM-20-02,195,0.9001,100.0,0.090869,-0.015924
SIM-NCM-20-02,195,0.9001,200.0,0.091277,-0.017036
SIM-NCM-20-02,195,0.9001,500.0,0.091651,-0.019246
SIM-NCM-20-02,195,0.9001,1000.0,0.090594,-0.02066
SIM-NCM-20-02,195,0.9001,2000.0,0.090021,-0.022168
SIM-NCM-20-02,195,0.9001,5000.0,0.09159,-0.023482
SIM-NCM-20-02,195,0.9001,10000.0,0.091243,-0.023614
SIM-NCM-20-02,301,0.8502,10.0,0.123682,-0.012528
SIM-NCM-20-02,301,0.8502,20.0,0.124176,-0.012381
SIM-NCM-20-02,301,0.8502,50.0,0.126031,-0.015788
SIM-NCM-20-02,301,0.8502,100.0,0.124865,-0.016274
SIM-NCM-20-02,301,0.8502,200.0,0.124738,-0.017757
SIM-NCM-20-02,301,0.8502,500.0,0.125099,-0.019723
SIM-NCM-20-02,301,0.8502,1000.0,0.12322,-0.021324
SIM-NCM-20-02,301,0.8502,2000.0,0.124499,-0.020398
SIM-NCM-20-02,301,0.8502,5000.0,0.12532,-0.024722
SIM-NCM-20-02,301,0.8502,10000.0,0.125262,-0.024086
SIM-NCM-20-02,354,0.8004,10.0,0.1607,-0.015072
SIM-NCM-20-02,354,0.8004,20.0,0.160906,-0.014408
SIM-NCM-20-02,354,0.8004,50.0,0.162295,-0.015128
SIM-NCM-20-02,354,0.8004,100.0,0.159025,-0.018885
SIM-NCM-20-02,354,0.8004,200.0,0.159732,-0.018172
SIM-NCM-20-02,354,0.8004,500.0,0.161958,-0.019315
SIM-NCM-20-02,354,0.8004,1000.0,0.158783,-0.019493
SIM-NCM-20-02,354,0.8004,2000.0,0.160904,-0.022615
SIM-NCM-20-02,354,0.8004,5000.0,0.159238,-0.024673
SIM-NCM-20-02,354,0.8004,10000.0,0.159508,-0.024649
SIM-NCM-20-02,400,0.7503,10.0,0.19476,-0.012362
SIM-NCM-20-02,400,0.7503,20.0,0.190467,-0.013843
SIM-NCM-20-02,400,0.7503,50.0,0.190485,-0.015474
SIM-NCM-20-02,400,0.7503,100.0,0.188386,-0.017649
SIM-NCM-20-02,400,0.7503,200.0,0.188978,-0.01858
SIM-NCM-20-02,400,0.7503,500.0,0.188744,-0.020303
SIM-NCM-20-02,400,0.7503,1000.0,0.192458,-0.020231
SIM-NCM-20-02,400,0.7503,2000.0,0.194635,-0.02176
SIM-NCM-20-02,400,0.7503,5000.0,0.189505,-0.023587
SIM-NCM-20-02,400,0.7503,10000.0,0.192567,-0.025012
SIM-NCM-20-02,449,0.6996,10.0,0.237467,-0.012384
SIM-NCM-20-02,449,0.6996,20.0,0.23395,-0.015707
SIM-NCM-20-02,449,0.6996,50.0,0.236235,-0.017779
SIM-NCM-20-02,449,0.6996,100.0,0.236358,-0.017311
SIM-NCM-20-02,449,0.6996,200.0,0.23527,-0.017824
SIM-NCM-20-02,449,0.6996,500.0,0.233925,-0.019759
SIM-NCM-20-02,449,0.6996,1000.0,0.236614,-0.02128
SIM-NCM-20-02,449,0.6996,2000.0,0.234158,-0.023942
SIM-NCM-20-02,449,0.6996,5000.0,0.233885,-0.024283
SIM-NCM-20-02,449,0.6996,10000.0,0.240147,-0.025475
SIM-NCM-20-03,84,0.95,10.0,0.05214,-0.011215
SIM-NCM-20-03,84,0.95,20.0,0.053436,-0.01393
SIM-NCM-20-03,84,0.95,50.0,0.051589,-0.015401
SIM-NCM-20-03,84,0.95,100.0,0.052071,-0.016068
SIM-NCM-20-03,84,0.95,200.0,0.052955,-0.017577
SIM-NCM-20-03,84,0.95,500.0,0.051974,-0.019768
SIM-NCM-20-03,84,0.95,1000.0,0.051597,-0.020774
SIM-NCM-20-03,84,0.95,2000.0,0.051694,-0.021648
SIM-NCM-20-03,84,0.95,5000.0,0.05213,-0.021528
SIM-NCM-20-03,84,0.95,10000.0,0.052474,-0.024694
SIM-NCM-20-03,195,0.9005,10.0,0.091493,-0.01408
SIM-NCM-20-03,195,0.9005,20.0,0.092744,-0.011822
SIM-NCM-20-03,195,0.9005,50.0,0.092202,-0.014703
SIM-NCM-20-03,195,0.9005,100.0,0.091586,-0.014708
SIM-NCM-20-03,195,0.9005,200.0,0.090356,-0.01834
SIM-NCM-20-03,195,0.9005,500.0,0.092199,-0.019423
SIM-NCM-20-03,195,0.9005,1000.0,0.091524,-0.020525
SIM-NCM-20-03,195,0.9005,2000.0,0.090884,-0.021736
SIM-NCM-20-03,195,0.9005,5000.0,0.090174,-0.023546
SIM-NCM-20-03,195,0.9005,10000.0,0.091015,-0.025279
SIM-NCM-20-03,299,0.8503,10.0,0.126461,-0.011911
SIM-NCM-20-03,299,0.8503,20.0,0.127534,-0.013779
SIM-NCM-20-03,299,0.8503,50.0,0.12756,-0.014861
SIM-NCM-20-03,299,0.8503,100.0,0.125915,-0.016427
SIM-NCM-20-03,299,0.8503,200.0,0.126424,-0.017076
SIM-NCM-20-03,299,0.8503,500.0,0.127585,-0.019845
SIM-NCM-20-03,299,0.8503,1000.0,0.128953,-0.019806
SIM-NCM-20-03,299,0.8503,2000.0,0.127529,-0.022548
SIM-NCM-20-03,299,0.8503,5000.0,0.127587,-0.025014
SIM-NCM-20-03,299,0.8503,10000.0,0.128558,-0.026188
SIM-NCM-20-03,353,0.8,10.0,0.158465,-0.013204
SIM-NCM-20-03,353,0.8,20.0,0.159224,-0.014784
SIM-NCM-20-03,353,0.8,50.0,0.159479,-0.016511
SIM-NCM-20-03,353,0.8,100.0,0.159034,-0.016271
SIM-NCM-20-03,353,0.8,200.0,0.161032,-0.01857
SIM-NCM-20-03,353,0.8,500.0,0.161578,-0.020736
SIM-NCM-20-03,353,0.8,1000.0,0.159511,-0.021402
SIM-NCM-20-03,353,0.8,2000.0,0.160138,-0.022191
SIM-NCM-20-03,353,0.8,5000.0,0.161601,-0.023779
SIM-NCM-20-03,353,0.8,10000.0,0.159206,-0.024578
SIM-NCM-20-03,401,0.7501,10.0,0.195183,-0.011426
SIM-NCM-20-03,401,0.7501,20.0,0.197304,-0.013669
SIM-NCM-20-03,401,0.7501,50.0,0.193455,-0.015126
SIM-NCM-20-03,401,0.7501,100.0,0.192865,-0.016605
SIM-NCM-20-03,401,0.7501,200.0,0.19667,-0.01784
SIM-NCM-20-03,401,0.7501,500.0,0.194459,-0.020794
SIM-NCM-20-03,401,0.7501,1000.0,0.197927,-0.023275
SIM-NCM-20-03,401,0.7501,2000.0,0.19531,-0.022804
SIM-NCM-20-03,401,0.7501,5000.0,0.195279,-0.02554
SIM-NCM-20-03,401,0.7501,10000.0,0.196085,-0.024655
SIM-NCM-20-03,448,0.6996,10.0,0.234612,-0.012765
SIM-NCM-20-03,448,0.6996,20.0,0.236624,-0.012278
SIM-NCM-20-03,448,0.6996,50.0,0.233727,-0.015431
SIM-NCM-20-03,448,0.6996,100.0,0.238736,-0.018293
SIM-NCM-20-03,448,0.6996,200.0,0.23261,-0.018035
SIM-NCM-20-03,448,0.6996,500.0,0.23784,-0.02115
SIM-NCM-20-03,448,0.6996,1000.0,0.235723,-0.02148
SIM-NCM-20-03,448,0.6996,2000.0,0.236249,-0.023859
SIM-NCM-20-03,448,0.6996,5000.0,0.23554,-0.023705
SIM-NCM-20-03,448,0.6996,10000.0,0.239801,-0.029041
SIM-NCM-21-01,63,0.9503,10.0,0.063307,-0.011868
SIM-NCM-21-01,63,0.9503,20.0,0.062983,-0.014658
SIM-NCM-21-01,63,0.9503,50.0,0.062963,-0.016926
SIM-NCM-21-01,63,0.9503,100.0,0.062173,-0.017455
SIM-NCM-21-01,63,0.9503,200.0,0.062321,-0.017125
SIM-NCM-21-01,63,0.9503,500.0,0.062977,-0.018768
SIM-NCM-21-01,63,0.9503,1000.0,0.062894,-0.01895
SIM-NCM-21-01,63,0.9503,2000.0,0.063346,-0.022078
SIM-NCM-21-01,63,0.9503,5000.0,0.062577,-0.023569
SIM-NCM-21-01,63,0.9503,10000.0,0.06349,-0.025036
SIM-NCM-21-01,146,0.9002,10.0,0.111212,-0.012163
SIM-NCM-21-01,146,0.9002,20.0,0.111132,-0.011979
SIM-NCM-21-01,146,0.9002,50.0,0.111176,-0.014875
SIM-NCM-21-01,146,0.9002,100.0,0.11236,-0.015891
SIM-NCM-21-01,146,0.9002,200.0,0.108366,-0.0154
SIM-NCM-21-01,146,0.9002,500.0,0.10918,-0.018586
SIM-NCM-21-01,146,0.9002,1000.0,0.111399,-0.019251
SIM-NCM-21-01,146,0.9002,2000.0,0.108707,-0.020949
SIM-NCM-21-01,146,0.9002,5000.0,0.110147,-0.025096
SIM-NCM-21-01,146,0.9002,10000.0,0.108629,-0.024941
SIM-NCM-21-01,227,0.8499,10.0,0.15193,-0.014595
SIM-NCM-21-01,227,0.8499,20.0,0.153332,-0.011775
SIM-NCM-21-01,227,0.8499,50.0,0.15236,-0.016493
SIM-NCM-21-01,227,0.8499,100.0,0.155227,-0.016131
SIM-NCM-21-01,227,0.8499,200.0,0.152083,-0.019142
SIM-NCM-21-01,227,0.8499,500.0,0.154275,-0.019921
SIM-NCM-21-01,227,0.8499,1000.0,0.152356,-0.0218
SIM-NCM-21-01,227,0.8499,2000.0,0.155773,-0.022286
SIM-NCM-21-01,227,0.8499,5000.0,0.154437,-0.024333
SIM-NCM-21-01,227,0.8499,10000.0,0.154458,-0.025899
SIM-NCM-21-01,280,0.7998,10.0,0.205828,-0.012333
SIM-NCM-21-01,280,0.7998,20.0,0.203047,-0.013102
SIM-NCM-21-01,280,0.7998,50.0,0.20692,-0.015755
SIM-NCM-21-01,280,0.7998,100.0,0.203145,-0.01565
SIM-NCM-21-01,280,0.7998,200.0,0.204923,-0.019783
SIM-NCM-21-01,280,0.7998,500.0,0.202375,-0.020088
SIM-NCM-21-01,280,0.7998,1000.0,0.202388,-0.022308
SIM-NCM-21-01,280,0.7998,2000.0,0.205604,-0.022974
SIM-NCM-21-01,280,0.7998,5000.0,0.204256,-0.023539
SIM-NCM-21-01,280,0.7998,10000.0,0.203951,-0.027368
SIM-NCM-21-01,317,0.7502,10.0,0.250457,-0.015765
SIM-NCM-21-01,317,0.7502,20.0,0.25383,-0.015423
SIM-NCM-21-01,317,0.7502,50.0,0.252619,-0.01572
SIM-NCM-21-01,317,0.7502,100.0,0.258207,-0.017003
SIM-NCM-21-01,317,0.7502,200.0,0.255544,-0.019353
SIM-NCM-21-01,317,0.7502,500.0,0.254952,-0.020777
SIM-NCM-21-01,317,0.7502,1000.0,0.249708,-0.021774
SIM-NCM-21-01,317,0.7502,2000.0,0.248725,-0.024386
SIM-NCM-21-01,317,0.7502,5000.0,0.252532,-0.024483
SIM-NCM-21-01,317,0.7502,10000.0,0.251897,-0.02718
SIM-NCM-21-01,354,0.7005,10.0,0.289589,-0.014312
SIM-NCM-21-01,354,0.7005,20.0,0.291003,-0.014288
SIM-NCM-21-01,354,0.7005,50.0,0.286296,-0.016384
SIM-NCM-21-01,354,0.7005,100.0,0.29116,-0.015801
SIM-NCM-21-01,354,0.7005,200.0,0.292685,-0.016966
SIM-NCM-21-01,354,0.7005,500.0,0.289101,-0.019926
SIM-NCM-21-01,354,0.7005,1000.0,0.289878,-0.021822
SIM-NCM-21-01,354,0.7005,2000.0,0.285677,-0.023834
SIM-NCM-21-01,354,0.7005,5000.0,0.292859,-0.026554
SIM-NCM-21-01,354,0.7005,10000.0,0.292357,-0.026867
SIM-NCM-21-02,60,0.9501,10.0,0.059798,-0.011448
SIM-NCM-21-02,60,0.9501,20.0,0.059941,-0.013117
SIM-NCM-21-02,60,0.9501,50.0,0.060382,-0.015116
SIM-NCM-21-02,60,0.9501,100.0,0.060504,-0.016682
SIM-NCM-21-02,60,0.9501,200.0,0.060223,-0.017726
SIM-NCM-21-02,60,0.9501,500.0,0.060496,-0.018799
SIM-NCM-21-02,60,0.9501,1000.0,0.060243,-0.019399
SIM-NCM-21-02,60,0.9501,2000.0,0.060509,-0.021157
SIM-NCM-21-02,60,0.9501,5000.0,0.061054,-0.023558
SIM-NCM-21-02,60,0.9501,10000.0,0.059741,-0.02189
SIM-NCM-21-02,144,0.8996,10.0,0.110025,-0.010821
SIM-NCM-21-02,144,0.8996,20.0,0.109693,-0.01462
SIM-NCM-21-02,144,0.8996,50.0,0.109965,-0.01446
SIM-NCM-21-02,144,0.8996,100.0,0.107151,-0.015596
SIM-NCM-21-02,144,0.8996,200.0,0.108322,-0.017607
SIM-NCM-21-02,144,0.8996,500.0,0.10806,-0.019317
SIM-NCM-21-02,144,0.8996,1000.0,0.108305,-0.020243
SIM-NCM-21-02,144,0.8996,2000.0,0.110315,-0.021697
SIM-NCM-21-02,144,0.8996,5000.0,0.108692,-0.022256
SIM-NCM-21-02,144,0.8996,10000.0,0.109879,-0.024444
SIM-NCM-21-02,223,0.8503,10.0,0.150372,-0.010428
SIM-NCM-21-02,223,0.8503,20.0,0.150919,-0.014246
SIM-NCM-21-02,223,0.8503,50.0,0.150845,-0.016712
SIM-NCM-21-02,223,0.8503,100.0,0.14843,-0.018263
SIM-NCM-21-02,223,0.8503,200.0,0.150509,-0.018652
SIM-NCM-21-02,223,0.8503,500.0,0.150979,-0.018361
SIM-NCM-21-02,223,0.8503,1000.0,0.1502,-0.020903
SIM-NCM-21-02,223,0.8503,2000.0,0.149974,-0.02271
SIM-NCM-21-02,223,0.8503,5000.0,0.152578,-0.024542
SIM-NCM-21-02,223,0.8503,10000.0,0.14786,-0.02395
SIM-NCM-21-02,264,0.7998,10.0,0.199268,-0.012119
SIM-NCM-21-02,264,0.7998,20.0,0.198654,-0.013974
SIM-NCM-21-02,264,0.7998,50.0,0.199683,-0.015859
SIM-NCM-21-02,264,0.7998,100.0,0.195489,-0.017924
SIM-NCM-21-02,264,0.7998,200.0,0.199054,-0.021373
SIM-NCM-21-02,264,0.7998,500.0,0.194807,-0.020522
SIM-NCM-21-02,264,0.7998,1000.0,0.196619,-0.021457
SIM-NCM-21-02,264,0.7998,2000.0,0.199266,-0.022178
SIM-NCM-21-02,264,0.7998,5000.0,0.197882,-0.023348
SIM-NCM-21-02,264,0.7998,10000.0,0.2022,-0.024511
SIM-NCM-21-02,301,0.7505,10.0,0.236952,-0.012809
SIM-NCM-21-02,301,0.7505,20.0,0.239199,-0.014494
SIM-NCM-21-02,301,0.7505,50.0,0.236897,-0.015731
SIM-NCM-21-02,301,0.7505,100.0,0.239927,-0.017627
SIM-NCM-21-02,301,0.7505,200.0,0.23628,-0.017366
SIM-NCM-21-02,301,0.7505,500.0,0.239744,-0.021537
SIM-NCM-21-02,301,0.7505,1000.0,0.240518,-0.022332
SIM-NCM-21-02,301,0.7505,2000.0,0.240776,-0.021939
SIM-NCM-21-02,301,0.7505,5000.0,0.236766,-0.024061
SIM-NCM-21-02,301,0.7505,10000.0,0.238138,-0.026651
SIM-NCM-21-02,340,0.6997,10.0,0.289831,-0.014185
SIM-NCM-21-02,340,0.6997,20.0,0.291371,-0.016081
SIM-NCM-21-02,340,0.6997,50.0,0.288377,-0.016501
SIM-NCM-21-02,340,0.6997,100.0,0.292915,-0.017766
SIM-NCM-21-02,340,0.6997,200.0,0.293895,-0.018953
SIM-NCM-21-02,340,0.6997,500.0,0.294664,-0.021086
SIM-NCM-21-02,340,0.6997,1000.0,0.298445,-0.021365
SIM-NCM-21-02,340,0.6997,2000.0,0.292358,-0.022526
SIM-NCM-21-02,340,0.6997,5000.0,0.288084,-0.025287
SIM-NCM-21-02,340,0.6997,10000.0,0.293428,-0.026266
SIM-NCM-21-03,61,0.9502,10.0,0.062149,-0.012399
SIM-NCM-21-03,61,0.9502,20.0,0.062078,-0.013276
SIM-NCM-21-03,61,0.9502,50.0,0.060357,-0.014335
SIM-NCM-21-03,61,0.9502,100.0,0.060249,-0.017046
SIM-NCM-21-03,61,0.9502,200.0,0.061152,-0.017561
SIM-NCM-21-03,61,0.9502,500.0,0.060852,-0.019639
SIM-NCM-21-03,61,0.9502,1000.0,0.06213,-0.019457
SIM-NCM-21-03,61,0.9502,2000.0,0.061938,-0.022015
SIM-NCM-21-03,61,0.9502,5000.0,0.061809,-0.023254
SIM-NCM-21-03,61,0.9502,10000.0,0.06106,-0.025028
SIM-NCM-21-03,142,0.8997,10.0,0.102882,-0.013459
SIM-NCM-21-03,142,0.8997,20.0,0.103537,-0.01448
SIM-NCM-21-03,142,0.8997,50.0,0.103592,-0.016188
SIM-NCM-21-03,142,0.8997,100.0,0.103425,-0.016117
SIM-NCM-21-03,142,0.8997,200.0,0.104595,-0.014885
SIM-NCM-21-03,142,0.8997,500.0,0.103402,-0.019148
SIM-NCM-21-03,142,0.8997,1000.0,0.103738,-0.019699
SIM-NCM-21-03,142,0.8997,2000.0,0.103192,-0.023303
SIM-NCM-21-03,142,0.8997,5000.0,0.104106,-0.022536
SIM-NCM-21-03,142,0.8997,10000.0,0.104734,-0.025471
SIM-NCM-21-03,226,0.8499,10.0,0.160828,-0.011649
SIM-NCM-21-03,226,0.8499,20.0,0.157972,-0.014294
SIM-NCM-21-03,226,0.8499,50.0,0.158444,-0.016268
SIM-NCM-21-03,226,0.8499,100.0,0.158305,-0.016865
SIM-NCM-21-03,226,0.8499,200.0,0.156526,-0.017258
SIM-NCM-21-03,226,0.8499,500.0,0.159982,-0.018915
SIM-NCM-21-03,226,0.8499,1000.0,0.15616,-0.021467
SIM-NCM-21-03,226,0.8499,2000.0,0.158621,-0.02024
SIM-NCM-21-03,226,0.8499,5000.0,0.158588,-0.023494
SIM-NCM-21-03,226,0.8499,10000.0,0.156325,-0.026248
SIM-NCM-21-03,272,0.7995,10.0,0.195773,-0.013006
SIM-NCM-21-03,272,0.7995,20.0,0.194233,-0.014217
SIM-NCM-21-03,272,0.7995,50.0,0.195764,-0.016891
SIM-NCM-21-03,272,0.7995,100.0,0.192198,-0.01801
SIM-NCM-21-03,272,0.7995,200.0,0.192284,-0.01828
SIM-NCM-21-03,272,0.7995,500.0,0.197536,-0.019655
SIM-NCM-21-03,272,0.7995,1000.0,0.194541,-0.020574
SIM-NCM-21-03,272,0.7995,2000.0,0.195023,-0.022203
SIM-NCM-21-03,272,0.7995,5000.0,0.195163,-0.023641
SIM-NCM-21-03,272,0.7995,10000.0,0.193871,-0.023909
SIM-NCM-21-03,310,0.75,10.0,0.251246,-0.013692
SIM-NCM-21-03,310,0.75,20.0,0.25008,-0.014506
SIM-NCM-21-03,310,0.75,50.0,0.251369,-0.015285
SIM-NCM-21-03,310,0.75,100.0,0.246601,-0.016579
SIM-NCM-21-03,310,0.75,200.0,0.254693,-0.017754
SIM-NCM-21-03,310,0.75,500.0,0.24795,-0.0189
SIM-NCM-21-03,310,0.75,1000.0,0.2524,-0.022819
SIM-NCM-21-03,310,0.75,2000.0,0.252067,-0.021596
SIM-NCM-21-03,310,0.75,5000.0,0.250771,-0.024101
SIM-NCM-21-03,310,0.75,10000.0,0.249418,-0.024899
SIM-NCM-21-03,348,0.7014,10.0,0.286978,-0.013909
SIM-NCM-21-03,348,0.7014,20.0,0.289938,-0.015155
SIM-NCM-21-03,348,0.7014,50.0,0.286735,-0.014983
SIM-NCM-21-03,348,0.7014,100.0,0.290192,-0.017122
SIM-NCM-21-03,348,0.7014,200.0,0.289554,-0.018712
SIM-NCM-21-03,348,0.7014,500.0,0.289253,-0.019684
SIM-NCM-21-03,348,0.7014,1000.0,0.289617,-0.021669
SIM-NCM-21-03,348,0.7014,2000.0,0.29184,-0.02332
SIM-NCM-21-03,348,0.7014,5000.0,0.294678,-0.022417
SIM-NCM-21-03,348,0.7014,10000.0,0.293802,-0.026278
SIM-NCM-22-01,81,0.9501,10.0,0.041238,-0.011884
SIM-NCM-22-01,81,0.9501,20.0,0.041862,-0.013783
SIM-NCM-22-01,81,0.9501,50.0,0.041361,-0.013829
SIM-NCM-22-01,81,0.9501,100.0,0.042454,-0.016296
SIM-NCM-22-01,81,0.9501,200.0,0.041051,-0.01708
SIM-NCM-22-01,81,0.9501,500.0,0.04198,-0.018023
SIM-NCM-22-01,81,0.9501,1000.0,0.041912,-0.019364
SIM-NCM-22-01,81,0.9501,2000.0,0.041502,-0.020218
SIM-NCM-22-01,81,0.9501,5000.0,0.041691,-0.02273
SIM-NCM-22-01,81,0.9501,10000.0,0.041589,-0.023568
SIM-NCM-22-01,184,0.8998,10.0,0.068849,-0.011472
SIM-NCM-22-01,184,0.8998,20.0,0.069097,-0.012927
SIM-NCM-22-01,184,0.8998,50.0,0.069381,-0.016137
SIM-NCM-22-01,184,0.8998,100.0,0.068982,-0.015336
SIM-NCM-22-01,184,0.8998,200.0,0.068655,-0.016931
SIM-NCM-22-01,184,0.8998,500.0,0.068776,-0.02086
SIM-NCM-22-01,184,0.8998,1000.0,0.068223,-0.021648
SIM-NCM-22-01,184,0.8998,2000.0,0.069093,-0.022352
SIM-NCM-22-01,184,0.8998,5000.0,0.06877,-0.021551
SIM-NCM-22-01,184,0.8998,10000.0,0.068262,-0.024743
SIM-NCM-22-01,283,0.85,10.0,0.095059,-0.013198
SIM-NCM-22-01,283,0.85,20.0,0.09287,-0.012997
SIM-NCM-22-01,283,0.85,50.0,0.093652,-0.01572
SIM-NCM-22-01,283,0.85,100.0,0.09372,-0.01563
SIM-NCM-22-01,283,0.85,200.0,0.094623,-0.018511
SIM-NCM-22-01,283,0.85,500.0,0.093497,-0.019679
SIM-NCM-22-01,283,0.85,1000.0,0.094307,-0.021208
SIM-NCM-22-01,283,0.85,2000.0,0.094122,-0.022976
SIM-NCM-22-01,283,0.85,5000.0,0.093976,-0.022225
SIM-NCM-22-01,283,0.85,10000.0,0.095124,-0.024803
SIM-NCM-22-01,354,0.7992,10.0,0.127226,-0.013932
SIM-NCM-22-01,354,0.7992,20.0,0.126491,-0.014862
SIM-NCM-22-01,354,0.7992,50.0,0.127082,-0.01577
SIM-NCM-22-01,354,0.7992,100.0,0.12732,-0.016751
SIM-NCM-22-01,354,0.7992,200.0,0.128434,-0.017804
SIM-NCM-22-01,354,0.7992,500.0,0.125457,-0.02045
SIM-NCM-22-01,354,0.7992,1000.0,0.125548,-0.023169
SIM-NCM-22-01,354,0.7992,2000.0,0.125609,-0.022242
SIM-NCM-22-01,354,0.7992,5000.0,0.126749,-0.023431
SIM-NCM-22-01,354,0.7992,10000.0,0.125536,-0.025397
SIM-NCM-22-01,397,0.7509,10.0,0.144669,-0.01174
SIM-NCM-22-01,397,0.7509,20.0,0.142566,-0.013534
SIM-NCM-22-01,397,0.7509,50.0,0.142689,-0.015644
SIM-NCM-22-01,397,0.7509,100.0,0.144433,-0.016665
SIM-NCM-22-01,397,0.7509,200.0,0.14585,-0.019252
SIM-NCM-22-01,397,0.7509,500.0,0.144729,-0.020196
SIM-NCM-22-01,397,0.7509,1000.0,0.1439,-0.021802
SIM-NCM-22-01,397,0.7509,2000.0,0.14344,-0.023368
SIM-NCM-22-01,397,0.7509,5000.0,0.14383,-0.025356
SIM-NCM-22-01,397,0.7509,10000.0,0.14403,-0.026654
SIM-NCM-22-01,444,0.6998,10.0,0.175931,-0.012336
SIM-NCM-22-01,444,0.6998,20.0,0.174203,-0.01494
SIM-NCM-22-01,444,0.6998,50.0,0.17776,-0.018144
SIM-NCM-22-01,444,0.6998,100.0,0.178251,-0.018459
SIM-NCM-22-01,444,0.6998,200.0,0.179148,-0.018189
SIM-NCM-22-01,444,0.6998,500.0,0.176641,-0.019507
SIM-NCM-22-01,444,0.6998,1000.0,0.176306,-0.021991
SIM-NCM-22-01,444,0.6998,2000.0,0.176559,-0.022148
SIM-NCM-22-01,444,0.6998,5000.0,0.176025,-0.025197
SIM-NCM-22-01,444,0.6998,10000.0,0.176298,-0.026941
SIM-NCM-22-02,82,0.95,10.0,0.042623,-0.011151
SIM-NCM-22-02,82,0.95,20.0,0.042396,-0.012784
SIM-NCM-22-02,82,0.95,50.0,0.041719,-0.017336
SIM-NCM-22-02,82,0.95,100.0,0.042109,-0.015825
SIM-NCM-22-02,82,0.95,200.0,0.04221,-0.016085
SIM-NCM-22-02,82,0.95,500.0,0.042712,-0.018596
SIM-NCM-22-02,82,0.95,1000.0,0.042796,-0.018907
SIM-NCM-22-02,82,0.95,2000.0,0.042544,-0.022354
SIM-NCM-22-02,82,0.95,5000.0,0.043056,-0.023015
SIM-NCM-22-02,82,0.95,10000.0,0.041688,-0.023734
SIM-NCM-22-02,179,0.8996,10.0,0.066697,-0.012472
SIM-NCM-22-02,179,0.8996,20.0,0.067353,-0.013368
SIM-NCM-22-02,179,0.8996,50.0,0.068052,-0.014805
SIM-NCM-22-02,179,0.8996,100.0,0.067466,-0.01645
SIM-NCM-22-02,179,0.8996,200.0,0.067526,-0.017883
SIM-NCM-22-02,179,0.8996,500.0,0.068856,-0.017966
SIM-NCM-22-02,179,0.8996,1000.0,0.067955,-0.020924
SIM-NCM-22-02,179,0.8996,2000.0,0.067927,-0.020251
SIM-NCM-22-02,179,0.8996,5000.0,0.068467,-0.022756
SIM-NCM-22-02,179,0.8996,10000.0,0.068061,-0.023889
SIM-NCM-22-02,283,0.8494,10.0,0.093391,-0.012289
SIM-NCM-22-02,283,0.8494,20.0,0.094156,-0.013861
SIM-NCM-22-02,283,0.8494,50.0,0.095172,-0.015654
SIM-NCM-22-02,283,0.8494,100.0,0.093156,-0.017498
SIM-NCM-22-02,283,0.8494,200.0,0.096257,-0.018546
SIM-NCM-22-02,283,0.8494,500.0,0.095743,-0.019791
SIM-NCM-22-02,283,0.8494,1000.0,0.09361,-0.0217
SIM-NCM-22-02,283,0.8494,2000.0,0.095172,-0.021125
SIM-NCM-22-02,283,0.8494,5000.0,0.095441,-0.024401
SIM-NCM-22-02,283,0.8494,10000.0,0.094405,-0.025804
SIM-NCM-22-02,332,0.8006,10.0,0.123392,-0.014008
SIM-NCM-22-02,332,0.8006,20.0,0.124697,-0.015542
SIM-NCM-22-02,332,0.8006,50.0,0.123077,-0.016251
SIM-NCM-22-02,332,0.8006,100.0,0.123433,-0.017393
SIM-NCM-22-02,332,0.8006,200.0,0.123308,-0.020296
SIM-NCM-22-02,332,0.8006,500.0,0.122282,-0.021112
SIM-NCM-22-02,332,0.8006,1000.0,0.123176,-0.022018
SIM-NCM-22-02,332,0.8006,2000.0,0.123053,-0.022308
SIM-NCM-22-02,332,0.8006,5000.0,0.123738,-0.02511
SIM-NCM-22-02,332,0.8006,10000.0,0.122977,-0.024983
SIM-NCM-22-02,378,0.7497,10.0,0.147728,-0.015262
SIM-NCM-22-02,378,0.7497,20.0,0.147678,-0.01431
SIM-NCM-22-02,378,0.7497,50.0,0.144407,-0.016232
SIM-NCM-22-02,378,0.7497,100.0,0.144845,-0.01742
SIM-NCM-22-02,378,0.7497,200.0,0.146987,-0.017839
SIM-NCM-22-02,378,0.7497,500.0,0.146992,-0.020076
SIM-NCM-22-02,378,0.7497,1000.0,0.147111,-0.020986
SIM-NCM-22-02,378,0.7497,2000.0,0.143674,-0.022246
SIM-NCM-22-02,378,0.7497,5000.0,0.147001,-0.024362
SIM-NCM-22-02,378,0.7497,10000.0,0.144808,-0.027518
SIM-NCM-22-02,424,0.7,10.0,0.180331,-0.014158
SIM-NCM-22-02,424,0.7,20.0,0.180834,-0.014478
SIM-NCM-22-02,424,0.7,50.0,0.177692,-0.016917
SIM-NCM-22-02,424,0.7,100.0,0.177742,-0.017314
SIM-NCM-22-02,424,0.7,200.0,0.178585,-0.018876
SIM-NCM-22-02,424,0.7,500.0,0.177384,-0.022181
SIM-NCM-22-02,424,0.7,1000.0,0.181597,-0.021141
SIM-NCM-22-02,424,0.7,2000.0,0.176066,-0.023352
SIM-NCM-22-02,424,0.7,5000.0,0.178205,-0.024824
SIM-NCM-22-02,424,0.7,10000.0,0.180212,-0.026192
SIM-NCM-22-03,81,0.9501,10.0,0.042727,-0.012435
SIM-NCM-22-03,81,0.9501,20.0,0.042913,-0.01275
SIM-NCM-22-03,81,0.9501,50.0,0.042481,-0.015667
SIM-NCM-22-03,81,0.9501,100.0,0.043347,-0.016441
SIM-NCM-22-03,81,0.9501,200.0,0.043301,-0.018008
SIM-NCM-22-03,81,0.9501,500.0,0.042085,-0.02121
SIM-NCM-22-03,81,0.9501,1000.0,0.041817,-0.020151
SIM-NCM-22-03,81,0.9501,2000.0,0.042947,-0.021517
SIM-NCM-22-03,81,0.9501,5000.0,0.042594,-0.022537
SIM-NCM-22-03,81,0.9501,10000.0,0.042811,-0.023768
SIM-NCM-22-03,181,0.9002,10.0,0.069993,-0.011892
SIM-NCM-22-03,181,0.9002,20.0,0.070744,-0.014795
SIM-NCM-22-03,181,0.9002,50.0,0.069289,-0.015018
SIM-NCM-22-03,181,0.9002,100.0,0.070113,-0.01765
SIM-NCM-22-03,181,0.9002,200.0,0.070434,-0.018304
SIM-NCM-22-03,181,0.9002,500.0,0.069308,-0.019263
SIM-NCM-22-03,181,0.9002,1000.0,0.069295,-0.020911
SIM-NCM-22-03,181,0.9002,2000.0,0.071584,-0.022718
SIM-NCM-22-03,181,0.9002,5000.0,0.070756,-0.02357
SIM-NCM-22-03,181,0.9002,10000.0,0.070707,-0.024033
SIM-NCM-22-03,282,0.8498,10.0,0.092421,-0.012693
SIM-NCM-22-03,282,0.8498,20.0,0.09044,-0.013454
SIM-NCM-22-03,282,0.8498,50.0,0.091606,-0.014301
SIM-NCM-22-03,282,0.8498,100.0,0.091932,-0.016685
SIM-NCM-22-03,282,0.8498,200.0,0.092419,-0.017715
SIM-NCM-22-03,282,0.8498,500.0,0.091348,-0.01981
SIM-NCM-22-03,282,0.8498,1000.0,0.091131,-0.02001
SIM-NCM-22-03,282,0.8498,2000.0,0.090282,-0.022393
SIM-NCM-22-03,282,0.8498,5000.0,0.092293,-0.025851
SIM-NCM-22-03,282,0.8498,10000.0,0.090204,-0.025119
SIM-NCM-22-03,338,0.8004,10.0,0.119056,-0.012993
SIM-NCM-22-03,338,0.8004,20.0,0.118027,-0.011719
SIM-NCM-22-03,338,0.8004,50.0,0.119248,-0.014505
SIM-NCM-22-03,338,0.8004,100.0,0.118407,-0.016356
SIM-NCM-22-03,338,0.8004,200.0,0.117219,-0.017764
SIM-NCM-22-03,338,0.8004,500.0,0.118764,-0.018299
SIM-NCM-22-03,338,0.8004,1000.0,0.117822,-0.02071
SIM-NCM-22-03,338,0.8004,2000.0,0.118656,-0.021959
SIM-NCM-22-03,338,0.8004,5000.0,0.117882,-0.023828
SIM-NCM-22-03,338,0.8004,10000.0,0.117711,-0.025916
SIM-NCM-22-03,385,0.7503,10.0,0.145025,-0.012885
SIM-NCM-22-03,385,0.7503,20.0,0.146844,-0.013716
SIM-NCM-22-03,385,0.7503,50.0,0.148518,-0.014701
SIM-NCM-22-03,385,0.7503,100.0,0.145907,-0.017108
SIM-NCM-22-03,385,0.7503,200.0,0.147206,-0.01887
SIM-NCM-22-03,385,0.7503,500.0,0.14848,-0.019734
SIM-NCM-22-03,385,0.7503,1000.0,0.14726,-0.022081
SIM-NCM-22-03,385,0.7503,2000.0,0.146058,-0.023037
SIM-NCM-22-03,385,0.7503,5000.0,0.146146,-0.022269
SIM-NCM-22-03,385,0.7503,10000.0,0.148824,-0.024391
SIM-NCM-22-03,431,0.7014,10.0,0.177697,-0.012996
SIM-NCM-22-03,431,0.7014,20.0,0.176685,-0.013902
SIM-NCM-22-03,431,0.7014,50.0,0.17482,-0.017009
SIM-NCM-22-03,431,0.7014,100.0,0.17674,-0.016334
SIM-NCM-22-03,431,0.7014,200.0,0.174102,-0.018268
SIM-NCM-22-03,431,0.7014,500.0,0.178642,-0.020987
SIM-NCM-22-03,431,0.7014,1000.0,0.17744,-0.023048
SIM-NCM-22-03,431,0.7014,2000.0,0.175495,-0.023186
SIM-NCM-22-03,431,0.7014,5000.0,0.177465,-0.025137
SIM-NCM-22-03,431,0.7014,10000.0,0.173238,-0.026215
SIM-NCM-23-01,56,0.95,10.0,0.052582,-0.012066
SIM-NCM-23-01,56,0.95,20.0,0.053579,-0.013718
SIM-NCM-23-01,56,0.95,50.0,0.052893,-0.01328
SIM-NCM-23-01,56,0.95,100.0,0.052737,-0.01652
SIM-NCM-23-01,56,0.95,200.0,0.051526,-0.015862
SIM-NCM-23-01,56,0.95,500.0,0.052143,-0.01866
SIM-NCM-23-01,56,0.95,1000.0,0.052806,-0.020623
SIM-NCM-23-01,56,0.95,2000.0,0.052682,-0.021867
SIM-NCM-23-01,56,0.95,5000.0,0.052122,-0.02269
SIM-NCM-23-01,56,0.95,10000.0,0.053034,-0.024541
SIM-NCM-23-01,132,0.9001,10.0,0.08689,-0.012921
SIM-NCM-23-01,132,0.9001,20.0,0.084747,-0.012755
SIM-NCM-23-01,132,0.9001,50.0,0.085936,-0.015715
SIM-NCM-23-01,132,0.9001,100.0,0.087283,-0.017874
SIM-NCM-23-01,132,0.9001,200.0,0.085946,-0.017573
SIM-NCM-23-01,132,0.9001,500.0,0.086553,-0.018168
SIM-NCM-23-01,132,0.9001,1000.0,0.085444,-0.02061
SIM-NCM-23-01,132,0.9001,2000.0,0.086403,-0.020553
SIM-NCM-23-01,132,0.9001,5000.0,0.084703,-0.022021
SIM-NCM-23-01,132,0.9001,10000.0,0.086617,-0.023359
SIM-NCM-23-01,207,0.85,10.0,0.125137,-0.010191
SIM-NCM-23-01,207,0.85,20.0,0.125613,-0.013952
SIM-NCM-23-01,207,0.85,50.0,0.125286,-0.01502
SIM-NCM-23-01,207,0.85,100.0,0.126849,-0.017726
SIM-NCM-23-01,207,0.85,200.0,0.126028,-0.017399
SIM-NCM-23-01,207,0.85,500.0,0.125179,-0.02079
SIM-NCM-23-01,207,0.85,1000.0,0.125379,-0.018897
SIM-NCM-23-01,207,0.85,2000.0,0.125474,-0.020246
SIM-NCM-23-01,207,0.85,5000.0,0.126765,-0.025022
SIM-NCM-23-01,207,0.85,10000.0,0.124822,-0.026605
SIM-NCM-23-01,252,0.7991,10.0,0.166731,-0.012269
SIM-NCM-23-01,252,0.7991,20.0,0.165135,-0.012731
SIM-NCM-23-01,252,0.7991,50.0,0.163749,-0.015718
SIM-NCM-23-01,252,0.7991,100.0,0.164205,-0.01743
SIM-NCM-23-01,252,0.7991,200.0,0.167212,-0.016888
SIM-NCM-23-01,252,0.7991,500.0,0.168905,-0.018214
SIM-NCM-23-01,252,0.7991,1000.0,0.165649,-0.020593
SIM-NCM-23-01,252,0.7991,2000.0,0.16656,-0.021714
SIM-NCM-23-01,252,0.7991,5000.0,0.167302,-0.023189
SIM-NCM-23-01,252,0.7991,10000.0,0.168034,-0.024302
SIM-NCM-23-01,287,0.7495,10.0,0.193945,-0.014059
SIM-NCM-23-01,287,0.7495,20.0,0.194946,-0.013876
SIM-NCM-23-01,287,0.7495,50.0,0.193758,-0.016074
SIM-NCM-23-01,287,0.7495,100.0,0.196886,-0.018278
SIM-NCM-23-01,287,0.7495,200.0,0.194892,-0.018098
SIM-NCM-23-01,287,0.7495,500.0,0.196363,-0.019212
SIM-NCM-23-01,287,0.7495,1000.0,0.195111,-0.021539
SIM-NCM-23-01,287,0.7495,2000.0,0.194723,-0.022472
SIM-NCM-23-01,287,0.7495,5000.0,0.188763,-0.02349
SIM-NCM-23-01,287,0.7495,10000.0,0.197629,-0.026453
SIM-NCM-23-01,321,0.6993,10.0,0.236419,-0.013602
SIM-NCM-23-01,321,0.6993,20.0,0.23558,-0.016474
SIM-NCM-23-01,321,0.6993,50.0,0.237562,-0.019152
SIM-NCM-23-01,321,0.6993,100.0,0.238739,-0.016011
SIM-NCM-23-01,321,0.6993,200.0,0.239095,-0.018844
SIM-NCM-23-01,321,0.6993,500.0,0.240975,-0.020201
SIM-NCM-23-01,321,0.6993,1000.0,0.23791,-0.020318
SIM-NCM-23-01,321,0.6993,2000.0,0.237765,-0.021949
SIM-NCM-23-01,321,0.6993,5000.0,0.237669,-0.022791
SIM-NCM-23-01,321,0.6993,10000.0,0.238002,-0.024865
SIM-NCM-23-02,56,0.9498,10.0,0.054672,-0.012547
SIM-NCM-23-02,56,0.9498,20.0,0.054558,-0.012599
SIM-NCM-23-02,56,0.9498,50.0,0.054636,-0.015336
SIM-NCM-23-02,56,0.9498,100.0,0.054786,-0.015651
SIM-NCM-23-02,56,0.9498,200.0,0.05455,-0.016493
SIM-NCM-23-02,56,0.9498,500.0,0.054405,-0.018906
SIM-NCM-23-02,56,0.9498,1000.0,0.054559,-0.020797
SIM-NCM-23-02,56,0.9498,2000.0,0.055977,-0.020708
SIM-NCM-23-02,56,0.9498,5000.0,0.055288,-0.021672
SIM-NCM-23-02,56,0.9498,10000.0,0.055094,-0.024592
SIM-NCM-23-02,132,0.9006,10.0,0.09197,-0.011917
SIM-NCM-23-02,132,0.9006,20.0,0.091487,-0.013275
SIM-NCM-23-02,132,0.9006,50.0,0.092458,-0.016085
SIM-NCM-23-02,132,0.9006,100.0,0.090495,-0.017796
SIM-NCM-23-02,132,0.9006,200.0,0.091684,-0.017673
SIM-NCM-23-02,132,0.9006,500.0,0.090726,-0.018495
SIM-NCM-23-02,132,0.9006,1000.0,0.091908,-0.01945
SIM-NCM-23-02,132,0.9006,2000.0,0.091558,-0.02273
SIM-NCM-23-02,132,0.9006,5000.0,0.090691,-0.024406
SIM-NCM-23-02,132,0.9006,10000.0,0.092109,-0.02558
SIM-NCM-23-02,206,0.8498,10.0,0.127131,-0.01087
SIM-NCM-23-02,206,0.8498,20.0,0.124801,-0.014341
SIM-NCM-23-02,206,0.8498,50.0,0.126513,-0.01489
SIM-NCM-23-02,206,0.8498,100.0,0.123919,-0.015421
SIM-NCM-23-02,206,0.8498,200.0,0.124252,-0.016889
SIM-NCM-23-02,206,0.8498,500.0,0.124469,-0.019624
SIM-NCM-23-02,206,0.8498,1000.0,0.123496,-0.021909
SIM-NCM-23-02,206,0.8498,2000.0,0.123489,-0.020998
SIM-NCM-23-02,206,0.8498,5000.0,0.121738,-0.024864
SIM-NCM-23-02,206,0.8498,10000.0,0.125377,-0.024813
SIM-NCM-23-02,250,0.7995,10.0,0.164657,-0.012892
SIM-NCM-23-02,250,0.7995,20.0,0.164782,-0.012673
SIM-NCM-23-02,250,0.7995,50.0,0.165996,-0.015776
SIM-NCM-23-02,250,0.7995,100.0,0.16448,-0.015905
SIM-NCM-23-02,250,0.7995,200.0,0.163287,-0.018333
SIM-NCM-23-02,250,0.7995,500.0,0.166406,-0.018023
SIM-NCM-23-02,250,0.7995,1000.0,0.164064,-0.020677
SIM-NCM-23-02,250,0.7995,2000.0,0.165353,-0.021326
SIM-NCM-23-02,250,0.7995,5000.0,0.164554,-0.024402
SIM-NCM-23-02,250,0.7995,10000.0,0.162672,-0.025231
SIM-NCM-23-02,284,0.7497,10.0,0.20261,-0.011284
SIM-NCM-23-02,284,0.7497,20.0,0.19965,-0.013398
SIM-NCM-23-02,284,0.7497,50.0,0.203015,-0.016155
SIM-NCM-23-02,284,0.7497,100.0,0.200511,-0.018721
SIM-NCM-23-02,284,0.7497,200.0,0.197292,-0.018496
SIM-NCM-23-02,284,0.7497,500.0,0.201715,-0.021163
SIM-NCM-23-02,284,0.7497,1000.0,0.199738,-0.020234
SIM-NCM-23-02,284,0.7497,2000.0,0.20097,-0.023379
SIM-NCM-23-02,284,0.7497,5000.0,0.198977,-0.024829
SIM-NCM-23-02,284,0.7497,10000.0,0.198191,-0.02469
SIM-NCM-23-02,318,0.6993,10.0,0.234611,-0.014122
SIM-NCM-23-02,318,0.6993,20.0,0.236181,-0.015103
SIM-NCM-23-02,318,0.6993,50.0,0.232693,-0.01826
SIM-NCM-23-02,318,0.6993,100.0,0.232225,-0.016311
SIM-NCM-23-02,318,0.6993,200.0,0.230946,-0.018232
SIM-NCM-23-02,318,0.6993,500.0,0.233041,-0.019459
SIM-NCM-23-02,318,0.6993,1000.0,0.228066,-0.021585
SIM-NCM-23-02,318,0.6993,2000.0,0.232781,-0.02281
SIM-NCM-23-02,318,0.6993,5000.0,0.23128,-0.025636
SIM-NCM-23-02,318,0.6993,10000.0,0.235553,-0.024797
SIM-NCM-23-03,56,0.9499,10.0,0.051198,-0.014629
SIM-NCM-23-03,56,0.9499,20.0,0.050914,-0.014157
SIM-NCM-23-03,56,0.9499,50.0,0.052128,-0.017559
SIM-NCM-23-03,56,0.9499,100.0,0.051731,-0.015358
SIM-NCM-23-03,56,0.9499,200.0,0.05123,-0.017968
SIM-NCM-23-03,56,0.9499,500.0,0.052017,-0.020356
SIM-NCM-23-03,56,0.9499,1000.0,0.051477,-0.019809
SIM-NCM-23-03,56,0.9499,2000.0,0.051655,-0.022859
SIM-NCM-23-03,56,0.9499,5000.0,0.051473,-0.024375
SIM-NCM-23-03,56,0.9499,10000.0,0.051431,-0.024753
SIM-NCM-23-03,130,0.8998,10.0,0.090223,-0.011578
SIM-NCM-23-03,130,0.8998,20.0,0.09036,-0.013289
SIM-NCM-23-03,130,0.8998,50.0,0.088827,-0.011971
SIM-NCM-23-03,130,0.8998,100.0,0.089915,-0.015553
SIM-NCM-23-03,130,0.8998,200.0,0.089172,-0.018791
SIM-NCM-23-03,130,0.8998,500.0,0.088978,-0.019074
SIM-NCM-23-03,130,0.8998,1000.0,0.09052,-0.022009
SIM-NCM-23-03,130,0.8998,2000.0,0.088437,-0.020841
SIM-NCM-23-03,130,0.8998,5000.0,0.08826,-0.021443
SIM-NCM-23-03,130,0.8998,10000.0,0.08942,-0.024093
SIM-NCM-23-03,206,0.8494,10.0,0.121006,-0.013439
SIM-NCM-23-03,206,0.8494,20.0,0.120786,-0.013117
SIM-NCM-23-03,206,0.8494,50.0,0.123336,-0.015293
SIM-NCM-23-03,206,0.8494,100.0,0.119912,-0.017282
SIM-NCM-23-03,206,0.8494,200.0,0.121126,-0.019032
SIM-NCM-23-03,206,0.8494,500.0,0.120831,-0.019472
SIM-NCM-23-03,206,0.8494,1000.0,0.120991,-0.020292
SIM-NCM-23-03,206,0.8494,2000.0,0.120974,-0.021242
SIM-NCM-23-03,206,0.8494,5000.0,0.122702,-0.022511
SIM-NCM-23-03,206,0.8494,10000.0,0.124885,-0.025711
SIM-NCM-23-03,250,0.8,10.0,0.163015,-0.011503
SIM-NCM-23-03,250,0.8,20.0,0.164694,-0.013798
SIM-NCM-23-03,250,0.8,50.0,0.166885,-0.01593
SIM-NCM-23-03,250,0.8,100.0,0.162992,-0.017141
SIM-NCM-23-03,250,0.8,200.0,0.163278,-0.018079
SIM-NCM-23-03,250,0.8,500.0,0.162176,-0.020198
SIM-NCM-23-03,250,0.8,1000.0,0.16299,-0.022085
SIM-NCM-23-03,250,0.8,2000.0,0.160409,-0.023056
SIM-NCM-23-03,250,0.8,5000.0,0.163469,-0.023729
SIM-NCM-23-03,250,0.8,10000.0,0.164056,-0.025689
SIM-NCM-23-03,285,0.7493,10.0,0.213155,-0.012596
SIM-NCM-23-03,285,0.7493,20.0,0.210727,-0.013382
SIM-NCM-23-03,285,0.7493,50.0,0.213181,-0.015452
SIM-NCM-23-03,285,0.7493,100.0,0.21428,-0.017746
SIM-NCM-23-03,285,0.7493,200.0,0.211247,-0.018293
SIM-NCM-23-03,285,0.7493,500.0,0.213421,-0.019009
SIM-NCM-23-03,285,0.7493,1000.0,0.213446,-0.022143
SIM-NCM-23-03,285,0.7493,2000.0,0.21178,-0.021999
SIM-NCM-23-03,285,0.7493,5000.0,0.21079,-0.02606
SIM-NCM-23-03,285,0.7493,10000.0,0.209037,-0.026766
SIM-NCM-23-03,318,0.6994,10.0,0.233528,-0.012391
SIM-NCM-23-03,318,0.6994,20.0,0.232514,-0.011754
SIM-NCM-23-03,318,0.6994,50.0,0.228858,-0.016051
SIM-NCM-23-03,318,0.6994,100.0,0.233904,-0.016265
SIM-NCM-23-03,318,0.6994,200.0,0.23229,-0.018229
SIM-NCM-23-03,318,0.6994,500.0,0.230912,-0.018721
SIM-NCM-23-03,318,0.6994,1000.0,0.234656,-0.021973
SIM-NCM-23-03,318,0.6994,2000.0,0.233194,-0.021721
SIM-NCM-23-03,318,0.6994,5000.0,0.233257,-0.026618
SIM-NCM-23-03,318,0.6994,10000.0,0.232154,-0.026073
SIM-NCM-24-01,38,0.9495,10.0,0.06445,-0.013836
SIM-NCM-24-01,38,0.9495,20.0,0.065405,-0.014208
SIM-NCM-24-01,38,0.9495,50.0,0.064724,-0.015769
SIM-NCM-24-01,38,0.9495,100.0,0.066123,-0.016938
SIM-NCM-24-01,38,0.9495,200.0,0.065179,-0.015259
SIM-NCM-24-01,38,0.9495,500.0,0.063895,-0.018681
SIM-NCM-24-01,38,0.9495,1000.0,0.065148,-0.019017
SIM-NCM-24-01,38,0.9495,2000.0,0.066042,-0.019642
SIM-NCM-24-01,38,0.9495,5000.0,0.065021,-0.023524
SIM-NCM-24-01,38,0.9495,10000.0,0.065162,-0.024054
SIM-NCM-24-01,95,0.9,10.0,0.107907,-0.01123
SIM-NCM-24-01,95,0.9,20.0,0.108599,-0.013672
SIM-NCM-24-01,95,0.9,50.0,0.10824,-0.016393
SIM-NCM-24-01,95,0.9,100.0,0.107389,-0.01771
SIM-NCM-24-01,95,0.9,200.0,0.108882,-0.016715
SIM-NCM-24-01,95,0.9,500.0,0.107241,-0.01815
SIM-NCM-24-01,95,0.9,1000.0,0.10829,-0.019591
SIM-NCM-24-01,95,0.9,2000.0,0.106308,-0.021626
SIM-NCM-24-01,95,0.9,5000.0,0.108851,-0.023756
SIM-NCM-24-01,95,0.9,10000.0,0.108171,-0.025062
SIM-NCM-24-01,155,0.8497,10.0,0.158242,-0.012152
SIM-NCM-24-01,155,0.8497,20.0,0.157468,-0.014573
SIM-NCM-24-01,155,0.8497,50.0,0.15755,-0.012251
SIM-NCM-24-01,155,0.8497,100.0,0.156156,-0.016811
SIM-NCM-24-01,155,0.8497,200.0,0.159917,-0.017234
SIM-NCM-24-01,155,0.8497,500.0,0.159248,-0.018405
SIM-NCM-24-01,155,0.8497,1000.0,0.158797,-0.020083
SIM-NCM-24-01,155,0.8497,2000.0,0.160126,-0.021974
SIM-NCM-24-01,155,0.8497,5000.0,0.158374,-0.023152
SIM-NCM-24-01,155,0.8497,10000.0,0.155648,-0.02559
SIM-NCM-24-01,188,0.8004,10.0,0.20285,-0.010559
SIM-NCM-24-01,188,0.8004,20.0,0.201708,-0.013872
SIM-NCM-24-01,188,0.8004,50.0,0.199603,-0.015542
SIM-NCM-24-01,188,0.8004,100.0,0.210437,-0.016725
SIM-NCM-24-01,188,0.8004,200.0,0.203661,-0.018519
SIM-NCM-24-01,188,0.8004,500.0,0.20292,-0.021597
SIM-NCM-24-01,188,0.8004,1000.0,0.204401,-0.02301
SIM-NCM-24-01,188,0.8004,2000.0,0.203829,-0.02258
SIM-NCM-24-01,188,0.8004,5000.0,0.203784,-0.024352
SIM-NCM-24-01,188,0.8004,10000.0,0.205445,-0.024888
SIM-NCM-24-01,213,0.7519,10.0,0.24261,-0.013593
SIM-NCM-24-01,213,0.7519,20.0,0.240145,-0.014111
SIM-NCM-24-01,213,0.7519,50.0,0.237152,-0.01537
SIM-NCM-24-01,213,0.7519,100.0,0.245738,-0.01548
SIM-NCM-24-01,213,0.7519,200.0,0.237384,-0.018831
SIM-NCM-24-01,213,0.7519,500.0,0.245655,-0.021846
SIM-NCM-24-01,213,0.7519,1000.0,0.237283,-0.022047
SIM-NCM-24-01,213,0.7519,2000.0,0.243185,-0.024128
SIM-NCM-24-01,213,0.7519,5000.0,0.241758,-0.023768
SIM-NCM-24-01,213,0.7519,10000.0,0.241815,-0.027313
SIM-NCM-24-01,241,0.7003,10.0,0.294652,-0.012546
SIM-NCM-24-01,241,0.7003,20.0,0.292669,-0.013228
SIM-NCM-24-01,241,0.7003,50.0,0.299209,-0.01568
SIM-NCM-24-01,241,0.7003,100.0,0.29767,-0.016015
SIM-NCM-24-01,241,0.7003,200.0,0.294307,-0.016713
SIM-NCM-24-01,241,0.7003,500.0,0.29693,-0.020987
SIM-NCM-24-01,241,0.7003,1000.0,0.296352,-0.021883
SIM-NCM-24-01,241,0.7003,2000.0,0.293767,-0.022448
SIM-NCM-24-01,241,0.7003,5000.0,0.294726,-0.025488
SIM-NCM-24-01,241,0.7003,10000.0,0.293682,-0.024758
SIM-NCM-24-02,38,0.9503,10.0,0.060771,-0.012919
SIM-NCM-24-02,38,0.9503,20.0,0.061285,-0.011298
SIM-NCM-24-02,38,0.9503,50.0,0.060972,-0.014334
SIM-NCM-24-02,38,0.9503,100.0,0.060592,-0.015878
SIM-NCM-24-02,38,0.9503,200.0,0.06065,-0.017222
SIM-NCM-24-02,38,0.9503,500.0,0.059907,-0.020268
SIM-NCM-24-02,38,0.9503,1000.0,0.060266,-0.020296
SIM-NCM-24-02,38,0.9503,2000.0,0.060916,-0.021163
SIM-NCM-24-02,38,0.9503,5000.0,0.060569,-0.022915
SIM-NCM-24-02,38,0.9503,10000.0,0.0614,-0.025852
SIM-NCM-24-02,94,0.9002,10.0,0.10228,-0.011466
SIM-NCM-24-02,94,0.9002,20.0,0.103145,-0.01329
SIM-NCM-24-02,94,0.9002,50.0,0.100658,-0.014917
SIM-NCM-24-02,94,0.9002,100.0,0.101166,-0.019245
SIM-NCM-24-02,94,0.9002,200.0,0.104571,-0.017308
SIM-NCM-24-02,94,0.9002,500.0,0.10408,-0.018974
SIM-NCM-24-02,94,0.9002,1000.0,0.103645,-0.020601
SIM-NCM-24-02,94,0.9002,2000.0,0.101788,-0.023061
SIM-NCM-24-02,94,0.9002,5000.0,0.102919,-0.024871
SIM-NCM-24-02,94,0.9002,10000.0,0.102053,-0.02586
SIM-NCM-24-02,154,0.8496,10.0,0.159094,-0.012229
SIM-NCM-24-02,154,0.8496,20.0,0.159707,-0.013043
SIM-NCM-24-02,154,0.8496,50.0,0.159167,-0.013975
SIM-NCM-24-02,154,0.8496,100.0,0.159897,-0.018118
SIM-NCM-24-02,154,0.8496,200.0,0.162706,-0.017887
SIM-NCM-24-02,154,0.8496,500.0,0.161837,-0.018661
SIM-NCM-24-02,154,0.8496,1000.0,0.160286,-0.02211
SIM-NCM-24-02,154,0.8496,2000.0,0.161116,-0.02122
SIM-NCM-24-02,154,0.8496,5000.0,0.162605,-0.021981
SIM-NCM-24-02,154,0.8496,10000.0,0.159467,-0.024112
SIM-NCM-24-02,191,0.8005,10.0,0.199939,-0.01353
SIM-NCM-24-02,191,0.8005,20.0,0.195319,-0.012984
SIM-NCM-24-02,191,0.8005,50.0,0.200006,-0.015898
SIM-NCM-24-02,191,0.8005,100.0,0.198586,-0.017576
SIM-NCM-24-02,191,0.8005,200.0,0.198456,-0.018532
SIM-NCM-24-02,191,0.8005,500.0,0.197972,-0.019831
SIM-NCM-24-02,191,0.8005,1000.0,0.196552,-0.020745
SIM-NCM-24-02,191,0.8005,2000.0,0.195526,-0.022835
SIM-NCM-24-02,191,0.8005,5000.0,0.199345,-0.02525
SIM-NCM-24-02,191,0.8005,10000.0,0.198264,-0.025227
SIM-NCM-24-02,218,0.7494,10.0,0.255763,-0.013259
SIM-NCM-24-02,218,0.7494,20.0,0.248738,-0.01502
SIM-NCM-24-02,218,0.7494,50.0,0.244333,-0.01687
SIM-NCM-24-02,218,0.7494,100.0,0.246633,-0.015961
SIM-NCM-24-02,218,0.7494,200.0,0.249766,-0.018762
SIM-NCM-24-02,218,0.7494,500.0,0.250953,-0.019611
SIM-NCM-24-02,218,0.7494,1000.0,0.250619,-0.023953
SIM-NCM-24-02,218,0.7494,2000.0,0.254025,-0.022031
SIM-NCM-24-02,218,0.7494,5000.0,0.252124,-0.024007
SIM-NCM-24-02,218,0.7494,10000.0,0.252032,-0.025292
SIM-NCM-24-02,244,0.7008,10.0,0.297891,-0.013092
SIM-NCM-24-02,244,0.7008,20.0,0.300215,-0.014489
SIM-NCM-24-02,244,0.7008,50.0,0.296711,-0.016829
SIM-NCM-24-02,244,0.7008,100.0,0.293263,-0.017287
SIM-NCM-24-02,244,0.7008,200.0,0.295066,-0.018857
SIM-NCM-24-02,244,0.7008,500.0,0.293536,-0.020944
SIM-NCM-24-02,244,0.7008,1000.0,0.295833,-0.020678
SIM-NCM-24-02,244,0.7008,2000.0,0.29712,-0.022129
SIM-NCM-24-02,244,0.7008,5000.0,0.294751,-0.023575
SIM-NCM-24-02,244,0.7008,10000.0,0.296123,-0.026595
SIM-NCM-24-03,39,0.95,10.0,0.061073,-0.010136
SIM-NCM-24-03,39,0.95,20.0,0.060043,-0.013804
SIM-NCM-24-03,39,0.95,50.0,0.059743,-0.015628
SIM-NCM-24-03,39,0.95,100.0,0.060328,-0.016824
SIM-NCM-24-03,39,0.95,200.0,0.061287,-0.016627
SIM-NCM-24-03,39,0.95,500.0,0.060237,-0.019749
SIM-NCM-24-03,39,0.95,1000.0,0.059613,-0.021715
SIM-NCM-24-03,39,0.95,2000.0,0.059614,-0.022243
SIM-NCM-24-03,39,0.95,5000.0,0.059105,-0.022695
SIM-NCM-24-03,39,0.95,10000.0,0.06027,-0.024845
SIM-NCM-24-03,98,0.9003,10.0,0.108902,-0.011802
SIM-NCM-24-03,98,0.9003,20.0,0.108448,-0.011649
SIM-NCM-24-03,98,0.9003,50.0,0.109459,-0.01568
SIM-NCM-24-03,98,0.9003,100.0,0.108847,-0.015712
SIM-NCM-24-03,98,0.9003,200.0,0.10897,-0.019746
SIM-NCM-24-03,98,0.9003,500.0,0.110153,-0.02102
SIM-NCM-24-03,98,0.9003,1000.0,0.109744,-0.022103
SIM-NCM-24-03,98,0.9003,2000.0,0.108721,-0.022063
SIM-NCM-24-03,98,0.9003,5000.0,0.108686,-0.021301
SIM-NCM-24-03,98,0.9003,10000.0,0.109208,-0.023351
SIM-NCM-24-03,153,0.8505,10.0,0.15132,-0.012268
SIM-NCM-24-03,153,0.8505,20.0,0.15104,-0.013518
SIM-NCM-24-03,153,0.8505,50.0,0.149088,-0.015544
SIM-NCM-24-03,153,0.8505,100.0,0.150188,-0.015218
SIM-NCM-24-03,153,0.8505,200.0,0.147145,-0.019763
SIM-NCM-24-03,153,0.8505,500.0,0.149615,-0.020401
SIM-NCM-24-03,153,0.8505,1000.0,0.15125,-0.022075
SIM-NCM-24-03,153,0.8505,2000.0,0.150001,-0.021171
SIM-NCM-24-03,153,0.8505,5000.0,0.149331,-0.024794
SIM-NCM-24-03,153,0.8505,10000.0,0.146339,-0.024003
SIM-NCM-24-03,182,0.8011,10.0,0.199088,-0.012526
SIM-NCM-24-03,182,0.8011,20.0,0.206947,-0.014985
SIM-NCM-24-03,182,0.8011,50.0,0.204615,-0.015518
SIM-NCM-24-03,182,0.8011,100.0,0.204992,-0.016458
SIM-NCM-24-03,182,0.8011,200.0,0.208638,-0.017247
SIM-NCM-24-03,182,0.8011,500.0,0.203208,-0.019938
SIM-NCM-24-03,182,0.8011,1000.0,0.202616,-0.022364
SIM-NCM-24-03,182,0.8011,2000.0,0.205998,-0.023603
SIM-NCM-24-03,182,0.8011,5000.0,0.203497,-0.024855
SIM-NCM-24-03,182,0.8011,10000.0,0.199224,-0.02495
SIM-NCM-24-03,209,0.7505,10.0,0.262043,-0.012849
SIM-NCM-24-03,209,0.7505,20.0,0.257626,-0.014315
SIM-NCM-24-03,209,0.7505,50.0,0.253414,-0.016032
SIM-NCM-24-03,209,0.7505,100.0,0.253204,-0.017493
SIM-NCM-24-03,209,0.7505,200.0,0.256056,-0.0207
SIM-NCM-24-03,209,0.7505,500.0,0.256663,-0.018286
SIM-NCM-24-03,209,0.7505,1000.0,0.253495,-0.022327
SIM-NCM-24-03,209,0.7505,2000.0,0.249926,-0.021378
SIM-NCM-24-03,209,0.7505,5000.0,0.254839,-0.023173
SIM-NCM-24-03,209,0.7505,10000.0,0.25632,-0.027333
SIM-NCM-24-03,235,0.701,10.0,0.301005,-0.011889
SIM-NCM-24-03,235,0.701,20.0,0.299328,-0.012412
SIM-NCM-24-03,235,0.701,50.0,0.294452,-0.014883
SIM-NCM-24-03,235,0.701,100.0,0.302401,-0.018866
SIM-NCM-24-03,235,0.701,200.0,0.302686,-0.020063
SIM-NCM-24-03,235,0.701,500.0,0.295205,-0.019802
SIM-NCM-24-03,235,0.701,1000.0,0.300403,-0.020384
SIM-NCM-24-03,235,0.701,2000.0,0.301214,-0.021511
SIM-NCM-24-03,235,0.701,5000.0,0.306162,-0.025129
SIM-NCM-24-03,235,0.701,10000.0,0.302323,-0.027652
SIM-NCM-25-01,43,0.9494,10.0,0.04037,-0.012949
SIM-NCM-25-01,43,0.9494,20.0,0.041575,-0.013477
SIM-NCM-25-01,43,0.9494,50.0,0.041,-0.013886
SIM-NCM-25-01,43,0.9494,100.0,0.04142,-0.017633
SIM-NCM-25-01,43,0.9494,200.0,0.041297,-0.018296
SIM-NCM-25-01,43,0.9494,500.0,0.041538,-0.019091
SIM-NCM-25-01,43,0.9494,1000.0,0.041411,-0.020392
SIM-NCM-25-01,43,0.9494,2000.0,0.041115,-0.017275
SIM-NCM-25-01,43,0.9494,5000.0,0.041133,-0.022192
SIM-NCM-25-01,43,0.9494,10000.0,0.040629,-0.026272
SIM-NCM-25-01,104,0.9006,10.0,0.070482,-0.013585
SIM-NCM-25-01,104,0.9006,20.0,0.071099,-0.014657
SIM-NCM-25-01,104,0.9006,50.0,0.07017,-0.015591
SIM-NCM-25-01,104,0.9006,100.0,0.071039,-0.016095
SIM-NCM-25-01,104,0.9006,200.0,0.07001,-0.017405
SIM-NCM-25-01,104,0.9006,500.0,0.071047,-0.019984
SIM-NCM-25-01,104,0.9006,1000.0,0.070562,-0.020788
SIM-NCM-25-01,104,0.9006,2000.0,0.070135,-0.022745
SIM-NCM-25-01,104,0.9006,5000.0,0.07018,-0.023236
SIM-NCM-25-01,104,0.9006,10000.0,0.069898,-0.023568
SIM-NCM-25-01,166,0.8497,10.0,0.096196,-0.012493
SIM-NCM-25-01,166,0.8497,20.0,0.097323,-0.013141
SIM-NCM-25-01,166,0.8497,50.0,0.096127,-0.016596
SIM-NCM-25-01,166,0.8497,100.0,0.095019,-0.015955
SIM-NCM-25-01,166,0.8497,200.0,0.09581,-0.017084
SIM-NCM-25-01,166,0.8497,500.0,0.097668,-0.019367
SIM-NCM-25-01,166,0.8497,1000.0,0.095532,-0.020724
SIM-NCM-25-01,166,0.8497,2000.0,0.095268,-0.022201
SIM-NCM-25-01,166,0.8497,5000.0,0.096435,-0.023341
SIM-NCM-25-01,166,0.8497,10000.0,0.096687,-0.024767
SIM-NCM-25-01,212,0.7992,10.0,0.122686,-0.009709
SIM-NCM-25-01,212,0.7992,20.0,0.122792,-0.014055
SIM-NCM-25-01,212,0.7992,50.0,0.121196,-0.015493
SIM-NCM-25-01,212,0.7992,100.0,0.117742,-0.016678
SIM-NCM-25-01,212,0.7992,200.0,0.119082,-0.017949
SIM-NCM-25-01,212,0.7992,500.0,0.12121,-0.020732
SIM-NCM-25-01,212,0.7992,1000.0,0.120627,-0.023318
SIM-NCM-25-01,212,0.7992,2000.0,0.121217,-0.021252
SIM-NCM-25-01,212,0.7992,5000.0,0.122022,-0.022342
SIM-NCM-25-01,212,0.7992,10000.0,0.121478,-0.026268
SIM-NCM-25-01,240,0.7501,10.0,0.151837,-0.012749
SIM-NCM-25-01,240,0.7501,20.0,0.147137,-0.013351
SIM-NCM-25-01,240,0.7501,50.0,0.148839,-0.015604
SIM-NCM-25-01,240,0.7501,100.0,0.150249,-0.018282
SIM-NCM-25-01,240,0.7501,200.0,0.150013,-0.019961
SIM-NCM-25-01,240,0.7501,500.0,0.149777,-0.019605
SIM-NCM-25-01,240,0.7501,1000.0,0.148319,-0.022652
SIM-NCM-25-01,240,0.7501,2000.0,0.148899,-0.022532
SIM-NCM-25-01,240,0.7501,5000.0,0.150347,-0.024416
SIM-NCM-25-01,240,0.7501,10000.0,0.1495,-0.02726
SIM-NCM-25-01,267,0.7009,10.0,0.181307,-0.012134
SIM-NCM-25-01,267,0.7009,20.0,0.175649,-0.013798
SIM-NCM-25-01,267,0.7009,50.0,0.176611,-0.016829
SIM-NCM-25-01,267,0.7009,100.0,0.176273,-0.01678
SIM-NCM-25-01,267,0.7009,200.0,0.179012,-0.017797
SIM-NCM-25-01,267,0.7009,500.0,0.178396,-0.021509
SIM-NCM-25-01,267,0.7009,1000.0,0.174258,-0.022263
SIM-NCM-25-01,267,0.7009,2000.0,0.180031,-0.022188
SIM-NCM-25-01,267,0.7009,5000.0,0.177365,-0.024547
SIM-NCM-25-01,267,0.7009,10000.0,0.177592,-0.025705
SIM-NCM-25-02,42,0.9494,10.0,0.041838,-0.011803
SIM-NCM-25-02,42,0.9494,20.0,0.042308,-0.013321
SIM-NCM-25-02,42,0.9494,50.0,0.041833,-0.014938
SIM-NCM-25-02,42,0.9494,100.0,0.042438,-0.016636
SIM-NCM-25-02,42,0.9494,200.0,0.042926,-0.019997
SIM-NCM-25-02,42,0.9494,500.0,0.041848,-0.018432
SIM-NCM-25-02,42,0.9494,1000.0,0.042692,-0.021943
SIM-NCM-25-02,42,0.9494,2000.0,0.042636,-0.020526
SIM-NCM-25-02,42,0.9494,5000.0,0.042774,-0.023611
SIM-NCM-25-02,42,0.9494,10000.0,0.042806,-0.024436
SIM-NCM-25-02,105,0.9005,10.0,0.070422,-0.013826
SIM-NCM-25-02,105,0.9005,20.0,0.070963,-0.012789
SIM-NCM-25-02,105,0.9005,50.0,0.071205,-0.015533
SIM-NCM-25-02,105,0.9005,100.0,0.070384,-0.016191
SIM-NCM-25-02,105,0.9005,200.0,0.06999,-0.017325
SIM-NCM-25-02,105,0.9005,500.0,0.070363,-0.018551
SIM-NCM-25-02,105,0.9005,1000.0,0.07008,-0.022401
SIM-NCM-25-02,105,0.9005,2000.0,0.069583,-0.021968
SIM-NCM-25-02,105,0.9005,5000.0,0.069228,-0.022645
SIM-NCM-25-02,105,0.9005,10000.0,0.070923,-0.026149
SIM-NCM-25-02,165,0.8494,10.0,0.095127,-0.01231
SIM-NCM-25-02,165,0.8494,20.0,0.095022,-0.016014
SIM-NCM-25-02,165,0.8494,50.0,0.094566,-0.014425
SIM-NCM-25-02,165,0.8494,100.0,0.094199,-0.017165
SIM-NCM-25-02,165,0.8494,200.0,0.09369,-0.018606
SIM-NCM-25-02,165,0.8494,500.0,0.094252,-0.019489
SIM-NCM-25-02,165,0.8494,1000.0,0.093026,-0.019709
SIM-NCM-25-02,165,0.8494,2000.0,0.095477,-0.022372
SIM-NCM-25-02,165,0.8494,5000.0,0.096024,-0.022869
SIM-NCM-25-02,165,0.8494,10000.0,0.093667,-0.02522
SIM-NCM-25-02,204,0.7995,10.0,0.121271,-0.013783
SIM-NCM-25-02,204,0.7995,20.0,0.119218,-0.013174
SIM-NCM-25-02,204,0.7995,50.0,0.119217,-0.017247
SIM-NCM-25-02,204,0.7995,100.0,0.11926,-0.017062
SIM-NCM-25-02,204,0.7995,200.0,0.119096,-0.017881
SIM-NCM-25-02,204,0.7995,500.0,0.118271,-0.020165
SIM-NCM-25-02,204,0.7995,1000.0,0.120278,-0.021353
SIM-NCM-25-02,204,0.7995,2000.0,0.120672,-0.022606
SIM-NCM-25-02,204,0.7995,5000.0,0.120101,-0.02297
SIM-NCM-25-02,204,0.7995,10000.0,0.120787,-0.025526
SIM-NCM-25-02,231,0.7497,10.0,0.150907,-0.012921
SIM-NCM-25-02,231,0.7497,20.0,0.152037,-0.014023
SIM-NCM-25-02,231,0.7497,50.0,0.152324,-0.015483
SIM-NCM-25-02,231,0.7497,100.0,0.150004,-0.018367
SIM-NCM-25-02,231,0.7497,200.0,0.152242,-0.01859
SIM-NCM-25-02,231,0.7497,500.0,0.153155,-0.019807
SIM-NCM-25-02,231,0.7497,1000.0,0.149485,-0.021623
SIM-NCM-25-02,231,0.7497,2000.0,0.153276,-0.020714
SIM-NCM-25-02,231,0.7497,5000.0,0.14965,-0.026069
SIM-NCM-25-02,231,0.7497,10000.0,0.150811,-0.024899
SIM-NCM-25-02,259,0.7003,10.0,0.174173,-0.012705
SIM-NCM-25-02,259,0.7003,20.0,0.172814,-0.016702
SIM-NCM-25-02,259,0.7003,50.0,0.171536,-0.014379
SIM-NCM-25-02,259,0.7003,100.0,0.170582,-0.018618
SIM-NCM-25-02,259,0.7003,200.0,0.174412,-0.017786
SIM-NCM-25-02,259,0.7003,500.0,0.170511,-0.018786
SIM-NCM-25-02,259,0.7003,1000.0,0.171063,-0.021437
SIM-NCM-25-02,259,0.7003,2000.0,0.171651,-0.023505
SIM-NCM-25-02,259,0.7003,5000.0,0.171652,-0.024393
SIM-NCM-25-02,259,0.7003,10000.0,0.170549,-0.027085
SIM-NCM-25-03,42,0.9495,10.0,0.04131,-0.011761
SIM-NCM-25-03,42,0.9495,20.0,0.040841,-0.014414
SIM-NCM-25-03,42,0.9495,50.0,0.040481,-0.01555
SIM-NCM-25-03,42,0.9495,100.0,0.040336,-0.015045
SIM-NCM-25-03,42,0.9495,200.0,0.040827,-0.017307
SIM-NCM-25-03,42,0.9495,500.0,0.041853,-0.017735
SIM-NCM-25-03,42,0.9495,1000.0,0.041615,-0.020832
SIM-NCM-25-03,42,0.9495,2000.0,0.041495,-0.021487
SIM-NCM-25-03,42,0.9495,5000.0,0.040959,-0.024595
SIM-NCM-25-03,42,0.9495,10000.0,0.041452,-0.024223
SIM-NCM-25-03,104,0.9,10.0,0.065983,-0.012369
SIM-NCM-25-03,104,0.9,20.0,0.067394,-0.014375
SIM-NCM-25-03,104,0.9,50.0,0.066595,-0.015798
SIM-NCM-25-03,104,0.9,100.0,0.067597,-0.014798
SIM-NCM-25-03,104,0.9,200.0,0.067524,-0.018444
SIM-NCM-25-03,104,0.9,500.0,0.067671,-0.018784
SIM-NCM-25-03,104,0.9,1000.0,0.067988,-0.02003
SIM-NCM-25-03,104,0.9,2000.0,0.068188,-0.020988
SIM-NCM-25-03,104,0.9,5000.0,0.067912,-0.023329
SIM-NCM-25-03,104,0.9,10000.0,0.068227,-0.026427
SIM-NCM-25-03,164,0.8502,10.0,0.093507,-0.014342
SIM-NCM-25-03,164,0.8502,20.0,0.096685,-0.01366
SIM-NCM-25-03,164,0.8502,50.0,0.094332,-0.016896
SIM-NCM-25-03,164,0.8502,100.0,0.093884,-0.018087
SIM-NCM-25-03,164,0.8502,200.0,0.093283,-0.017591
SIM-NCM-25-03,164,0.8502,500.0,0.093439,-0.018711
SIM-NCM-25-03,164,0.8502,1000.0,0.095064,-0.020865
SIM-NCM-25-03,164,0.8502,2000.0,0.094569,-0.021629
SIM-NCM-25-03,164,0.8502,5000.0,0.094488,-0.023629
SIM-NCM-25-03,164,0.8502,10000.0,0.096221,-0.026629
SIM-NCM-25-03,207,0.8006,10.0,0.124732,-0.012997
SIM-NCM-25-03,207,0.8006,20.0,0.123051,-0.013742
SIM-NCM-25-03,207,0.8006,50.0,0.122869,-0.015836
SIM-NCM-25-03,207,0.8006,100.0,0.125487,-0.017389
SIM-NCM-25-03,207,0.8006,200.0,0.12482,-0.018654
SIM-NCM-25-03,207,0.8006,500.0,0.1232,-0.018635
SIM-NCM-25-03,207,0.8006,1000.0,0.125121,-0.022109
SIM-NCM-25-03,207,0.8006,2000.0,0.124761,-0.022872
SIM-NCM-25-03,207,0.8006,5000.0,0.125182,-0.023594
SIM-NCM-25-03,207,0.8006,10000.0,0.126163,-0.026883
SIM-NCM-25-03,235,0.7493,10.0,0.151584,-0.012714
SIM-NCM-25-03,235,0.7493,20.0,0.152518,-0.01222
SIM-NCM-25-03,235,0.7493,50.0,0.153019,-0.015749
SIM-NCM-25-03,235,0.7493,100.0,0.151283,-0.018229
SIM-NCM-25-03,235,0.7493,200.0,0.154844,-0.018837
SIM-NCM-25-03,235,0.7493,500.0,0.155315,-0.020274
SIM-NCM-25-03,235,0.7493,1000.0,0.151013,-0.023418
SIM-NCM-25-03,235,0.7493,2000.0,0.151851,-0.022799
SIM-NCM-25-03,235,0.7493,5000.0,0.150975,-0.023841
SIM-NCM-25-03,235,0.7493,10000.0,0.152243,-0.026325
SIM-NCM-25-03,262,0.7009,10.0,0.170587,-0.014414
SIM-NCM-25-03,262,0.7009,20.0,0.168695,-0.014845
SIM-NCM-25-03,262,0.7009,50.0,0.170367,-0.016288
SIM-NCM-25-03,262,0.7009,100.0,0.168366,-0.016498
SIM-NCM-25-03,262,0.7009,200.0,0.168259,-0.019376
SIM-NCM-25-03,262,0.7009,500.0,0.16949,-0.019256
SIM-NCM-25-03,262,0.7009,1000.0,0.170271,-0.022272
SIM-NCM-25-03,262,0.7009,2000.0,0.170783,-0.024312
SIM-NCM-25-03,262,0.7009,5000.0,0.167588,-0.025389
SIM-NCM-25-03,262,0.7009,10000.0,0.167518,-0.025833
SIM-NCM-26-01,26,0.9499,10.0,0.049743,-0.012843
SIM-NCM-26-01,26,0.9499,20.0,0.049612,-0.012718
SIM-NCM-26-01,26,0.9499,50.0,0.051424,-0.015623
SIM-NCM-26-01,26,0.9499,100.0,0.049978,-0.015272
SIM-NCM-26-01,26,0.9499,200.0,0.052677,-0.017692
SIM-NCM-26-01,26,0.9499,500.0,0.050989,-0.019569
SIM-NCM-26-01,26,0.9499,1000.0,0.0503,-0.019302
SIM-NCM-26-01,26,0.9499,2000.0,0.05145,-0.021827
SIM-NCM-26-01,26,0.9499,5000.0,0.050627,-0.022112
SIM-NCM-26-01,26,0.9499,10000.0,0.050389,-0.023649
SIM-NCM-26-01,72,0.9003,10.0,0.090031,-0.011059
SIM-NCM-26-01,72,0.9003,20.0,0.089972,-0.014194
SIM-NCM-26-01,72,0.9003,50.0,0.090623,-0.016281
SIM-NCM-26-01,72,0.9003,100.0,0.091573,-0.017909
SIM-NCM-26-01,72,0.9003,200.0,0.091663,-0.016829
SIM-NCM-26-01,72,0.9003,500.0,0.088934,-0.019176
SIM-NCM-26-01,72,0.9003,1000.0,0.088964,-0.020124
SIM-NCM-26-01,72,0.9003,2000.0,0.090265,-0.023123
SIM-NCM-26-01,72,0.9003,5000.0,0.091975,-0.023652
SIM-NCM-26-01,72,0.9003,10000.0,0.090775,-0.023304
SIM-NCM-26-01,119,0.8503,10.0,0.127162,-0.012546
SIM-NCM-26-01,119,0.8503,20.0,0.124745,-0.013379
SIM-NCM-26-01,119,0.8503,50.0,0.124551,-0.016334
SIM-NCM-26-01,119,0.8503,100.0,0.126001,-0.016699
SIM-NCM-26-01,119,0.8503,200.0,0.125517,-0.018622
SIM-NCM-26-01,119,0.8503,500.0,0.127451,-0.020612
SIM-NCM-26-01,119,0.8503,1000.0,0.123454,-0.02091
SIM-NCM-26-01,119,0.8503,2000.0,0.128709,-0.022971
SIM-NCM-26-01,119,0.8503,5000.0,0.124726,-0.023631
SIM-NCM-26-01,119,0.8503,10000.0,0.12603,-0.026308
SIM-NCM-26-01,151,0.8009,10.0,0.162297,-0.010194
SIM-NCM-26-01,151,0.8009,20.0,0.156708,-0.014662
SIM-NCM-26-01,151,0.8009,50.0,0.159337,-0.01661
SIM-NCM-26-01,151,0.8009,100.0,0.157495,-0.016973
SIM-NCM-26-01,151,0.8009,200.0,0.162683,-0.016076
SIM-NCM-26-01,151,0.8009,500.0,0.162241,-0.019865
SIM-NCM-26-01,151,0.8009,1000.0,0.159907,-0.021453
SIM-NCM-26-01,151,0.8009,2000.0,0.161779,-0.023384
SIM-NCM-26-01,151,0.8009,5000.0,0.161509,-0.023993
SIM-NCM-26-01,151,0.8009,10000.0,0.156743,-0.025329
SIM-NCM-26-01,172,0.7504,10.0,0.200578,-0.012949
SIM-NCM-26-01,172,0.7504,20.0,0.19526,-0.016166
SIM-NCM-26-01,172,0.7504,50.0,0.195649,-0.014967
SIM-NCM-26-01,172,0.7504,100.0,0.199045,-0.017244
SIM-NCM-26-01,172,0.7504,200.0,0.199071,-0.019628
SIM-NCM-26-01,172,0.7504,500.0,0.19888,-0.020346
SIM-NCM-26-01,172,0.7504,1000.0,0.196455,-0.021763
SIM-NCM-26-01,172,0.7504,2000.0,0.199183,-0.022147
SIM-NCM-26-01,172,0.7504,5000.0,0.193664,-0.02462
SIM-NCM-26-01,172,0.7504,10000.0,0.197321,-0.026198
SIM-NCM-26-01,192,0.7007,10.0,0.236453,-0.012363
SIM-NCM-26-01,192,0.7007,20.0,0.238953,-0.015548
SIM-NCM-26-01,192,0.7007,50.0,0.241811,-0.016766
SIM-NCM-26-01,192,0.7007,100.0,0.237603,-0.016036
SIM-NCM-26-01,192,0.7007,200.0,0.241379,-0.01878
SIM-NCM-26-01,192,0.7007,500.0,0.240079,-0.01854
SIM-NCM-26-01,192,0.7007,1000.0,0.236312,-0.0222
SIM-NCM-26-01,192,0.7007,2000.0,0.243844,-0.024376
SIM-NCM-26-01,192,0.7007,5000.0,0.238592,-0.025447
SIM-NCM-26-01,192,0.7007,10000.0,0.241154,-0.025029
SIM-NCM-26-02,26,0.9495,10.0,0.051053,-0.012149
SIM-NCM-26-02,26,0.9495,20.0,0.050872,-0.012548
SIM-NCM-26-02,26,0.9495,50.0,0.051457,-0.01403
SIM-NCM-26-02,26,0.9495,100.0,0.051598,-0.015059
SIM-NCM-26-02,26,0.9495,200.0,0.052079,-0.01716
SIM-NCM-26-02,26,0.9495,500.0,0.051711,-0.019546
SIM-NCM-26-02,26,0.9495,1000.0,0.05175,-0.020948
SIM-NCM-26-02,26,0.9495,2000.0,0.052256,-0.021057
SIM-NCM-26-02,26,0.9495,5000.0,0.051783,-0.024136
SIM-NCM-26-02,26,0.9495,10000.0,0.050992,-0.022817
SIM-NCM-26-02,73,0.8995,10.0,0.090617,-0.012326
SIM-NCM-26-02,73,0.8995,20.0,0.088465,-0.012337
SIM-NCM-26-02,73,0.8995,50.0,0.088608,-0.017221
SIM-NCM-26-02,73,0.8995,100.0,0.090748,-0.014373
SIM-NCM-26-02,73,0.8995,200.0,0.090222,-0.018927
SIM-NCM-26-02,73,0.8995,500.0,0.090096,-0.019268
SIM-NCM-26-02,73,0.8995,1000.0,0.087645,-0.021535
SIM-NCM-26-02,73,0.8995,2000.0,0.089955,-0.020103
SIM-NCM-26-02,73,0.8995,5000.0,0.090296,-0.022647
SIM-NCM-26-02,73,0.8995,10000.0,0.088893,-0.024853
SIM-NCM-26-02,119,0.8497,10.0,0.130593,-0.012276
SIM-NCM-26-02,119,0.8497,20.0,0.128997,-0.013719
SIM-NCM-26-02,119,0.8497,50.0,0.13178,-0.014026
SIM-NCM-26-02,119,0.8497,100.0,0.126123,-0.016572
SIM-NCM-26-02,119,0.8497,200.0,0.128779,-0.017166
SIM-NCM-26-02,119,0.8497,500.0,0.128683,-0.020456
SIM-NCM-26-02,119,0.8497,1000.0,0.127307,-0.020529
SIM-NCM-26-02,119,0.8497,2000.0,0.130757,-0.021485
SIM-NCM-26-02,119,0.8497,5000.0,0.13006,-0.023729
SIM-NCM-26-02,119,0.8497,10000.0,0.125584,-0.025166
SIM-NCM-26-02,142,0.8013,10.0,0.15731,-0.011465
SIM-NCM-26-02,142,0.8013,20.0,0.159042,-0.013231
SIM-NCM-26-02,142,0.8013,50.0,0.159091,-0.01833
SIM-NCM-26-02,142,0.8013,100.0,0.156643,-0.017288
SIM-NCM-26-02,142,0.8013,200.0,0.158402,-0.018399
SIM-NCM-26-02,142,0.8013,500.0,0.156228,-0.020122
SIM-NCM-26-02,142,0.8013,1000.0,0.157994,-0.022236
SIM-NCM-26-02,142,0.8013,2000.0,0.157863,-0.021888
SIM-NCM-26-02,142,0.8013,5000.0,0.155494,-0.024428
SIM-NCM-26-02,142,0.8013,10000.0,0.158383,-0.024508
SIM-NCM-26-02,163,0.75,10.0,0.198417,-0.011993
SIM-NCM-26-02,163,0.75,20.0,0.200611,-0.014776
SIM-NCM-26-02,163,0.75,50.0,0.196628,-0.017102
SIM-NCM-26-02,163,0.75,100.0,0.200772,-0.017777
SIM-NCM-26-02,163,0.75,200.0,0.199122,-0.019679
SIM-NCM-26-02,163,0.75,500.0,0.205903,-0.019901
SIM-NCM-26-02,163,0.75,1000.0,0.199165,-0.022175
SIM-NCM-26-02,163,0.75,2000.0,0.195732,-0.024568
SIM-NCM-26-02,163,0.75,5000.0,0.202131,-0.026232
SIM-NCM-26-02,163,0.75,10000.0,0.197725,-0.025165
SIM-NCM-26-02,184,0.7005,10.0,0.233967,-0.01447
SIM-NCM-26-02,184,0.7005,20.0,0.235769,-0.013667
SIM-NCM-26-02,184,0.7005,50.0,0.232917,-0.016175
SIM-NCM-26-02,184,0.7005,100.0,0.232593,-0.017553
SIM-NCM-26-02,184,0.7005,200.0,0.232171,-0.019601
SIM-NCM-26-02,184,0.7005,500.0,0.232584,-0.021733
SIM-NCM-26-02,184,0.7005,1000.0,0.233931,-0.023887
SIM-NCM-26-02,184,0.7005,2000.0,0.23395,-0.024111
SIM-NCM-26-02,184,0.7005,5000.0,0.238537,-0.025447
SIM-NCM-26-02,184,0.7005,10000.0,0.23672,-0.025814
SIM-NCM-26-03,25,0.9505,10.0,0.053385,-0.010832
SIM-NCM-26-03,25,0.9505,20.0,0.052472,-0.012336
SIM-NCM-26-03,25,0.9505,50.0,0.052848,-0.016363
SIM-NCM-26-03,25,0.9505,100.0,0.052532,-0.015856
SIM-NCM-26-03,25,0.9505,200.0,0.051581,-0.016976
SIM-NCM-26-03,25,0.9505,500.0,0.052331,-0.018055
SIM-NCM-26-03,25,0.9505,1000.0,0.052312,-0.020753
SIM-NCM-26-03,25,0.9505,2000.0,0.052512,-0.021609
SIM-NCM-26-03,25,0.9505,5000.0,0.052955,-0.022815
SIM-NCM-26-03,25,0.9505,10000.0,0.053139,-0.024724
SIM-NCM-26-03,73,0.8997,10.0,0.088875,-0.013356
SIM-NCM-26-03,73,0.8997,20.0,0.088515,-0.012853
SIM-NCM-26-03,73,0.8997,50.0,0.087965,-0.015926
SIM-NCM-26-03,73,0.8997,100.0,0.088574,-0.015288
SIM-NCM-26-03,73,0.8997,200.0,0.088433,-0.018072
SIM-NCM-26-03,73,0.8997,500.0,0.086962,-0.018466
SIM-NCM-26-03,73,0.8997,1000.0,0.087826,-0.020666
SIM-NCM-26-03,73,0.8997,2000.0,0.088103,-0.021618
SIM-NCM-26-03,73,0.8997,5000.0,0.088528,-0.024408
SIM-NCM-26-03,73,0.8997,10000.0,0.08763,-0.022797
SIM-NCM-26-03,118,0.8496,10.0,0.123346,-0.011568
SIM-NCM-26-03,118,0.8496,20.0,0.120751,-0.013843
SIM-NCM-26-03,118,0.8496,50.0,0.122466,-0.014464
SIM-NCM-26-03,118,0.8496,100.0,0.122322,-0.018054
SIM-NCM-26-03,118,0.8496,200.0,0.121792,-0.01717
SIM-NCM-26-03,118,0.8496,500.0,0.122217,-0.020457
SIM-NCM-26-03,118,0.8496,1000.0,0.122789,-0.021065
SIM-NCM-26-03,118,0.8496,2000.0,0.121963,-0.021652
SIM-NCM-26-03,118,0.8496,5000.0,0.121785,-0.02509
SIM-NCM-26-03,118,0.8496,10000.0,0.1216,-0.025364
SIM-NCM-26-03,142,0.8004,10.0,0.160937,-0.011095
SIM-NCM-26-03,142,0.8004,20.0,0.159311,-0.014653
SIM-NCM-26-03,142,0.8004,50.0,0.160066,-0.014091
SIM-NCM-26-03,142,0.8004,100.0,0.158849,-0.016516
SIM-NCM-26-03,142,0.8004,200.0,0.16306,-0.016684
SIM-NCM-26-03,142,0.8004,500.0,0.158043,-0.019986
SIM-NCM-26-03,142,0.8004,1000.0,0.161689,-0.02059
SIM-NCM-26-03,142,0.8004,2000.0,0.159317,-0.021513
SIM-NCM-26-03,142,0.8004,5000.0,0.163735,-0.026295
SIM-NCM-26-03,142,0.8004,10000.0,0.162317,-0.026427
SIM-NCM-26-03,163,0.7499,10.0,0.200135,-0.013152
SIM-NCM-26-03,163,0.7499,20.0,0.195731,-0.013069
SIM-NCM-26-03,163,0.7499,50.0,0.19524,-0.017175
SIM-NCM-26-03,163,0.7499,100.0,0.20182,-0.016136
SIM-NCM-26-03,163,0.7499,200.0,0.198923,-0.017066
SIM-NCM-26-03,163,0.7499,500.0,0.198595,-0.020929
SIM-NCM-26-03,163,0.7499,1000.0,0.200248,-0.022559
SIM-NCM-26-03,163,0.7499,2000.0,0.198119,-0.022163
SIM-NCM-26-03,163,0.7499,5000.0,0.198125,-0.025169
SIM-NCM-26-03,163,0.7499,10000.0,0.197952,-0.025067
SIM-NCM-26-03,185,0.7001,10.0,0.237429,-0.012247
SIM-NCM-26-03,185,0.7001,20.0,0.23728,-0.015115
SIM-NCM-26-03,185,0.7001,50.0,0.235022,-0.01665
SIM-NCM-26-03,185,0.7001,100.0,0.23677,-0.017897
SIM-NCM-26-03,185,0.7001,200.0,0.238915,-0.019118
SIM-NCM-26-03,185,0.7001,500.0,0.235771,-0.022263
SIM-NCM-26-03,185,0.7001,1000.0,0.234413,-0.022732
SIM-NCM-26-03,185,0.7001,2000.0,0.235014,-0.022398
SIM-NCM-26-03,185,0.7001,5000.0,0.239092,-0.025295
SIM-NCM-26-03,185,0.7001,10000.0,0.23452,-0.027182
SIM-NCM-27-01,20,0.9505,10.0,0.061204,-0.012609
SIM-NCM-27-01,20,0.9505,20.0,0.060965,-0.010125
SIM-NCM-27-01,20,0.9505,50.0,0.06115,-0.014915
SIM-NCM-27-01,20,0.9505,100.0,0.061305,-0.015574
SIM-NCM-27-01,20,0.9505,200.0,0.060943,-0.0167
SIM-NCM-27-01,20,0.9505,500.0,0.060504,-0.019012
SIM-NCM-27-01,20,0.9505,1000.0,0.060556,-0.0219
SIM-NCM-27-01,20,0.9505,2000.0,0.060298,-0.022076
SIM-NCM-27-01,20,0.9505,5000.0,0.061351,-0.022982
SIM-NCM-27-01,20,0.9505,10000.0,0.060058,-0.024665
SIM-NCM-27-01,53,0.8996,10.0,0.107281,-0.013423
SIM-NCM-27-01,53,0.8996,20.0,0.106749,-0.012114
SIM-NCM-27-01,53,0.8996,50.0,0.105553,-0.014129
SIM-NCM-27-01,53,0.8996,100.0,0.105314,-0.016663
SIM-NCM-27-01,53,0.8996,200.0,0.107108,-0.018111
SIM-NCM-27-01,53,0.8996,500.0,0.104644,-0.019623
SIM-NCM-27-01,53,0.8996,1000.0,0.106163,-0.019461
SIM-NCM-27-01,53,0.8996,2000.0,0.105968,-0.021824
SIM-NCM-27-01,53,0.8996,5000.0,0.10766,-0.024383
SIM-NCM-27-01,53,0.8996,10000.0,0.107321,-0.025659
SIM-NCM-27-01,87,0.8497,10.0,0.150932,-0.011246
SIM-NCM-27-01,87,0.8497,20.0,0.149015,-0.014714
SIM-NCM-27-01,87,0.8497,50.0,0.151375,-0.014969
SIM-NCM-27-01,87,0.8497,100.0,0.149339,-0.015783
SIM-NCM-27-01,87,0.8497,200.0,0.149427,-0.017063
SIM-NCM-27-01,87,0.8497,500.0,0.152079,-0.01913
SIM-NCM-27-01,87,0.8497,1000.0,0.150906,-0.021333
SIM-NCM-27-01,87,0.8497,2000.0,0.149767,-0.021128
SIM-NCM-27-01,87,0.8497,5000.0,0.152372,-0.023627
SIM-NCM-27-01,87,0.8497,10000.0,0.151048,-0.025253
SIM-NCM-27-01,108,0.7994,10.0,0.200758,-0.011868
SIM-NCM-27-01,108,0.7994,20.0,0.198421,-0.014149
SIM-NCM-27-01,108,0.7994,50.0,0.193817,-0.016191
SIM-NCM-27-01,108,0.7994,100.0,0.19646,-0.018208
SIM-NCM-27-01,108,0.7994,200.0,0.199213,-0.018305
SIM-NCM-27-01,108,0.7994,500.0,0.198211,-0.021722
SIM-NCM-27-01,108,0.7994,1000.0,0.198351,-0.020457
SIM-NCM-27-01,108,0.7994,2000.0,0.199531,-0.022475
SIM-NCM-27-01,108,0.7994,5000.0,0.198244,-0.023695
SIM-NCM-27-01,108,0.7994,10000.0,0.195941,-0.025741
SIM-NCM-27-01,125,0.7488,10.0,0.241749,-0.013238
SIM-NCM-27-01,125,0.7488,20.0,0.246544,-0.014259
SIM-NCM-27-01,125,0.7488,50.0,0.245203,-0.0163
SIM-NCM-27-01,125,0.7488,100.0,0.244332,-0.01762
SIM-NCM-27-01,125,0.7488,200.0,0.244528,-0.018114
SIM-NCM-27-01,125,0.7488,500.0,0.245576,-0.022392
SIM-NCM-27-01,125,0.7488,1000.0,0.244679,-0.022781
SIM-NCM-27-01,125,0.7488,2000.0,0.248197,-0.022119
SIM-NCM-27-01,125,0.7488,5000.0,0.245891,-0.024503
SIM-NCM-27-01,125,0.7488,10000.0,0.244182,-0.026312
SIM-NCM-27-01,140,0.7014,10.0,0.291627,-0.012383
SIM-NCM-27-01,140,0.7014,20.0,0.290387,-0.014943
SIM-NCM-27-01,140,0.7014,50.0,0.286246,-0.016262
SIM-NCM-27-01,140,0.7014,100.0,0.292545,-0.016653
SIM-NCM-27-01,140,0.7014,200.0,0.286351,-0.018555
SIM-NCM-27-01,140,0.7014,500.0,0.293528,-0.021485
SIM-NCM-27-01,140,0.7014,1000.0,0.294745,-0.021583
SIM-NCM-27-01,140,0.7014,2000.0,0.289015,-0.022984
SIM-NCM-27-01,140,0.7014,5000.0,0.295688,-0.025309
SIM-NCM-27-01,140,0.7014,10000.0,0.291124,-0.026786
SIM-NCM-27-02,20,0.9499,10.0,0.064007,-0.012939
SIM-NCM-27-02,20,0.9499,20.0,0.063563,-0.013249
SIM-NCM-27-02,20,0.9499,50.0,0.063305,-0.013392
SIM-NCM-27-02,20,0.9499,100.0,0.06377,-0.019353
SIM-NCM-27-02,20,0.9499,200.0,0.063116,-0.019388
SIM-NCM-27-02,20,0.9499,500.0,0.063868,-0.018733
SIM-NCM-27-02,20,0.9499,1000.0,0.063708,-0.02177
SIM-NCM-27-02,20,0.9499,2000.0,0.064311,-0.023195
SIM-NCM-27-02,20,0.9499,5000.0,0.064089,-0.024255
SIM-NCM-27-02,20,0.9499,10000.0,0.064194,-0.023243
SIM-NCM-27-02,51,0.9008,10.0,0.104999,-0.012793
SIM-NCM-27-02,51,0.9008,20.0,0.108048,-0.015553
SIM-NCM-27-02,51,0.9008,50.0,0.107179,-0.014889
SIM-NCM-27-02,51,0.9008,100.0,0.107437,-0.015381
SIM-NCM-27-02,51,0.9008,200.0,0.10691,-0.016514
SIM-NCM-27-02,51,0.9008,500.0,0.106689,-0.019279
SIM-NCM-27-02,51,0.9008,1000.0,0.106223,-0.020126
SIM-NCM-27-02,51,0.9008,2000.0,0.1073,-0.022362
SIM-NCM-27-02,51,0.9008,5000.0,0.107561,-0.023725
SIM-NCM-27-02,51,0.9008,10000.0,0.10566,-0.024122
SIM-NCM-27-02,87,0.8506,10.0,0.155242,-0.011079
SIM-NCM-27-02,87,0.8506,20.0,0.156576,-0.012745
SIM-NCM-27-02,87,0.8506,50.0,0.156598,-0.01614
SIM-NCM-27-02,87,0.8506,100.0,0.156867,-0.014905
SIM-NCM-27-02,87,0.8506,200.0,0.158376,-0.017828
SIM-NCM-27-02,87,0.8506,500.0,0.156336,-0.020026
SIM-NCM-27-02,87,0.8506,1000.0,0.155756,-0.02067
SIM-NCM-27-02,87,0.8506,2000.0,0.154468,-0.022116
SIM-NCM-27-02,87,0.8506,5000.0,0.154823,-0.024295
SIM-NCM-27-02,87,0.8506,10000.0,0.154128,-0.024312
SIM-NCM-27-02,115,0.8006,10.0,0.201902,-0.014987
SIM-NCM-27-02,115,0.8006,20.0,0.206617,-0.013963
SIM-NCM-27-02,115,0.8006,50.0,0.204747,-0.013711
SIM-NCM-27-02,115,0.8006,100.0,0.203338,-0.017366
SIM-NCM-27-02,115,0.8006,200.0,0.203709,-0.017789
SIM-NCM-27-02,115,0.8006,500.0,0.203574,-0.019191
SIM-NCM-27-02,115,0.8006,1000.0,0.203751,-0.021989
SIM-NCM-27-02,115,0.8006,2000.0,0.200992,-0.02257
SIM-NCM-27-02,115,0.8006,5000.0,0.201147,-0.023126
SIM-NCM-27-02,115,0.8006,10000.0,0.203151,-0.02542
SIM-NCM-27-02,132,0.749,10.0,0.248104,-0.012229
SIM-NCM-27-02,132,0.749,20.0,0.248907,-0.014233
SIM-NCM-27-02,132,0.749,50.0,0.249231,-0.013893
SIM-NCM-27-02,132,0.749,100.0,0.251726,-0.017391
SIM-NCM-27-02,132,0.749,200.0,0.244439,-0.018994
SIM-NCM-27-02,132,0.749,500.0,0.250258,-0.019645
SIM-NCM-27-02,132,0.749,1000.0,0.248562,-0.021439
SIM-NCM-27-02,132,0.749,2000.0,0.251494,-0.022365
SIM-NCM-27-02,132,0.749,5000.0,0.246966,-0.023761
SIM-NCM-27-02,132,0.749,10000.0,0.249533,-0.026472
SIM-NCM-27-02,147,0.7011,10.0,0.302797,-0.011802
SIM-NCM-27-02,147,0.7011,20.0,0.299035,-0.015496
SIM-NCM-27-02,147,0.7011,50.0,0.301956,-0.016397
SIM-NCM-27-02,147,0.7011,100.0,0.300918,-0.017977
SIM-NCM-27-02,147,0.7011,200.0,0.302631,-0.0175
SIM-NCM-27-02,147,0.7011,500.0,0.305173,-0.022027
SIM-NCM-27-02,147,0.7011,1000.0,0.296715,-0.019684
SIM-NCM-27-02,147,0.7011,2000.0,0.304273,-0.023846
SIM-NCM-27-02,147,0.7011,5000.0,0.306208,-0.024259
SIM-NCM-27-02,147,0.7011,10000.0,0.306112,-0.026072
SIM-NCM-27-03,20,0.9492,10.0,0.06513,-0.013241
SIM-NCM-27-03,20,0.9492,20.0,0.064939,-0.013578
SIM-NCM-27-03,20,0.9492,50.0,0.064134,-0.016818
SIM-NCM-27-03,20,0.9492,100.0,0.064719,-0.015951
SIM-NCM-27-03,20,0.9492,200.0,0.064341,-0.017255
SIM-NCM-27-03,20,0.9492,500.0,0.064309,-0.019662
SIM-NCM-27-03,20,0.9492,1000.0,0.063461,-0.022862
SIM-NCM-27-03,20,0.9492,2000.0,0.063649,-0.021282
SIM-NCM-27-03,20,0.9492,5000.0,0.064542,-0.023673
SIM-NCM-27-03,20,0.9492,10000.0,0.063771,-0.0274
SIM-NCM-27-03,52,0.9001,10.0,0.104307,-0.012712
SIM-NCM-27-03,52,0.9001,20.0,0.104668,-0.012549
SIM-NCM-27-03,52,0.9001,50.0,0.104347,-0.015712
SIM-NCM-27-03,52,0.9001,100.0,0.105077,-0.017599
SIM-NCM-27-03,52,0.9001,200.0,0.104186,-0.016721
SIM-NCM-27-03,52,0.9001,500.0,0.103425,-0.019418
SIM-NCM-27-03,52,0.9001,1000.0,0.103822,-0.020687
SIM-NCM-27-03,52,0.9001,2000.0,0.105623,-0.021411
SIM-NCM-27-03,52,0.9001,5000.0,0.105181,-0.02438
SIM-NCM-27-03,52,0.9001,10000.0,0.102841,-0.022419
SIM-NCM-27-03,87,0.8501,10.0,0.155643,-0.012866
SIM-NCM-27-03,87,0.8501,20.0,0.154734,-0.014844
SIM-NCM-27-03,87,0.8501,50.0,0.156851,-0.014708
SIM-NCM-27-03,87,0.8501,100.0,0.157309,-0.018098
SIM-NCM-27-03,87,0.8501,200.0,0.154944,-0.019059
SIM-NCM-27-03,87,0.8501,500.0,0.157618,-0.019152
SIM-NCM-27-03,87,0.8501,1000.0,0.157666,-0.019954
SIM-NCM-27-03,87,0.8501,2000.0,0.156023,-0.022796
SIM-NCM-27-03,87,0.8501,5000.0,0.156908,-0.022969
SIM-NCM-27-03,87,0.8501,10000.0,0.154652,-0.024938
SIM-NCM-27-03,110,0.8001,10.0,0.190136,-0.011924
SIM-NCM-27-03,110,0.8001,20.0,0.193673,-0.014419
SIM-NCM-27-03,110,0.8001,50.0,0.188486,-0.017191
SIM-NCM-27-03,110,0.8001,100.0,0.191972,-0.018367
SIM-NCM-27-03,110,0.8001,200.0,0.19408,-0.019136
SIM-NCM-27-03,110,0.8001,500.0,0.193038,-0.01911
SIM-NCM-27-03,110,0.8001,1000.0,0.192572,-0.021476
SIM-NCM-27-03,110,0.8001,2000.0,0.192614,-0.022071
SIM-NCM-27-03,110,0.8001,5000.0,0.193286,-0.023077
SIM-NCM-27-03,110,0.8001,10000.0,0.18995,-0.025088
SIM-NCM-27-03,126,0.75,10.0,0.234912,-0.014491
SIM-NCM-27-03,126,0.75,20.0,0.238537,-0.015348
SIM-NCM-27-03,126,0.75,50.0,0.239592,-0.017755
SIM-NCM-27-03,126,0.75,100.0,0.237926,-0.01746
SIM-NCM-27-03,126,0.75,200.0,0.238724,-0.017453
SIM-NCM-27-03,126,0.75,500.0,0.235468,-0.019939
SIM-NCM-27-03,126,0.75,1000.0,0.240203,-0.022706
SIM-NCM-27-03,126,0.75,2000.0,0.23719,-0.022231
SIM-NCM-27-03,126,0.75,5000.0,0.234473,-0.024492
SIM-NCM-27-03,126,0.75,10000.0,0.240379,-0.025263
SIM-NCM-27-03,143,0.6993,10.0,0.294095,-0.014454
SIM-NCM-27-03,143,0.6993,20.0,0.294758,-0.014532
SIM-NCM-27-03,143,0.6993,50.0,0.295679,-0.016443
SIM-NCM-27-03,143,0.6993,100.0,0.291751,-0.01947
SIM-NCM-27-03,143,0.6993,200.0,0.294104,-0.019698
SIM-NCM-27-03,143,0.6993,500.0,0.293971,-0.021761
SIM-NCM-27-03,143,0.6993,1000.0,0.293488,-0.021809
SIM-NCM-27-03,143,0.6993,2000.0,0.297964,-0.024942
SIM-NCM-27-03,143,0.6993,5000.0,0.296113,-0.024941
SIM-NCM-27-03,143,0.6993,10000.0,0.29708,-0.025958
SIM-NCM-28-01,69,0.9505,10.0,0.040706,-0.0117
SIM-NCM-28-01,69,0.9505,20.0,0.040359,-0.012368
SIM-NCM-28-01,69,0.9505,50.0,0.041182,-0.015611
SIM-NCM-28-01,69,0.9505,100.0,0.041089,-0.016455
SIM-NCM-28-01,69,0.9505,200.0,0.040915,-0.015173
SIM-NCM-28-01,69,0.9505,500.0,0.041184,-0.018953
SIM-NCM-28-01,69,0.9505,1000.0,0.041031,-0.020951
SIM-NCM-28-01,69,0.9505,2000.0,0.041329,-0.022481
SIM-NCM-28-01,69,0.9505,5000.0,0.041143,-0.024463
SIM-NCM-28-01,69,0.9505,10000.0,0.041263,-0.024693
SIM-NCM-28-01,159,0.9002,10.0,0.066766,-0.01343
SIM-NCM-28-01,159,0.9002,20.0,0.06621,-0.012592
SIM-NCM-28-01,159,0.9002,50.0,0.066208,-0.015033
SIM-NCM-28-01,159,0.9002,100.0,0.066892,-0.015182
SIM-NCM-28-01,159,0.9002,200.0,0.06688,-0.016973
SIM-NCM-28-01,159,0.9002,500.0,0.065962,-0.018607
SIM-NCM-28-01,159,0.9002,1000.0,0.068721,-0.02174
SIM-NCM-28-01,159,0.9002,2000.0,0.06784,-0.021527
SIM-NCM-28-01,159,0.9002,5000.0,0.067255,-0.023813
SIM-NCM-28-01,159,0.9002,10000.0,0.067134,-0.024701
SIM-NCM-28-01,253,0.8501,10.0,0.099573,-0.011993
SIM-NCM-28-01,253,0.8501,20.0,0.098115,-0.010813
SIM-NCM-28-01,253,0.8501,50.0,0.097892,-0.016581
SIM-NCM-28-01,253,0.8501,100.0,0.096732,-0.018222
SIM-NCM-28-01,253,0.8501,200.0,0.097112,-0.017575
SIM-NCM-28-01,253,0.8501,500.0,0.097631,-0.020232
SIM-NCM-28-01,253,0.8501,1000.0,0.097792,-0.021277
SIM-NCM-28-01,253,0.8501,2000.0,0.097969,-0.022343
SIM-NCM-28-01,253,0.8501,5000.0,0.098049,-0.025003
SIM-NCM-28-01,253,0.8501,10000.0,0.098685,-0.024206
SIM-NCM-28-01,319,0.7998,10.0,0.122341,-0.011409
SIM-NCM-28-01,319,0.7998,20.0,0.119999,-0.012252
SIM-NCM-28-01,319,0.7998,50.0,0.12102,-0.013443
SIM-NCM-28-01,319,0.7998,100.0,0.121982,-0.016689
SIM-NCM-28-01,319,0.7998,200.0,0.118908,-0.01949
SIM-NCM-28-01,319,0.7998,500.0,0.120696,-0.019899
SIM-NCM-28-01,319,0.7998,1000.0,0.119863,-0.020021
SIM-NCM-28-01,319,0.7998,2000.0,0.119519,-0.021151
SIM-NCM-28-01,319,0.7998,5000.0,0.119356,-0.024635
SIM-NCM-28-01,319,0.7998,10000.0,0.119166,-0.025238
SIM-NCM-28-01,360,0.7503,10.0,0.144082,-0.013243
SIM-NCM-28-01,360,0.7503,20.0,0.145869,-0.014044
SIM-NCM-28-01,360,0.7503,50.0,0.149394,-0.015776
SIM-NCM-28-01,360,0.7503,100.0,0.144408,-0.017016
SIM-NCM-28-01,360,0.7503,200.0,0.142877,-0.018937
SIM-NCM-28-01,360,0.7503,500.0,0.144492,-0.019874
SIM-NCM-28-01,360,0.7503,1000.0,0.145446,-0.021887
SIM-NCM-28-01,360,0.7503,2000.0,0.146284,-0.021267
SIM-NCM-28-01,360,0.7503,5000.0,0.14641,-0.024199
SIM-NCM-28-01,360,0.7503,10000.0,0.146998,-0.024783
SIM-NCM-28-01,402,0.7002,10.0,0.173958,-0.012838
SIM-NCM-28-01,402,0.7002,20.0,0.177321,-0.014767
SIM-NCM-28-01,402,0.7002,50.0,0.174528,-0.018193
SIM-NCM-28-01,402,0.7002,100.0,0.175137,-0.017038
SIM-NCM-28-01,402,0.7002,200.0,0.175804,-0.019321
SIM-NCM-28-01,402,0.7002,500.0,0.174615,-0.02013
SIM-NCM-28-01,402,0.7002,1000.0,0.173261,-0.022719
SIM-NCM-28-01,402,0.7002,2000.0,0.174923,-0.024256
SIM-NCM-28-01,402,0.7002,5000.0,0.17663,-0.024735
SIM-NCM-28-01,402,0.7002,10000.0,0.174196,-0.02715
SIM-NCM-28-02,71,0.95,10.0,0.042717,-0.012481
SIM-NCM-28-02,71,0.95,20.0,0.041625,-0.011912
SIM-NCM-28-02,71,0.95,50.0,0.042222,-0.014822
SIM-NCM-28-02,71,0.95,100.0,0.041936,-0.017427
SIM-NCM-28-02,71,0.95,200.0,0.041965,-0.017626
SIM-NCM-28-02,71,0.95,500.0,0.042782,-0.018878
SIM-NCM-28-02,71,0.95,1000.0,0.042455,-0.020939
SIM-NCM-28-02,71,0.95,2000.0,0.041805,-0.023504
SIM-NCM-28-02,71,0.95,5000.0,0.04159,-0.022491
SIM-NCM-28-02,71,0.95,10000.0,0.042327,-0.025949
SIM-NCM-28-02,160,0.8999,10.0,0.068402,-0.013124
SIM-NCM-28-02,160,0.8999,20.0,0.069128,-0.012449
SIM-NCM-28-02,160,0.8999,50.0,0.069839,-0.014876
SIM-NCM-28-02,160,0.8999,100.0,0.067844,-0.017531
SIM-NCM-28-02,160,0.8999,200.0,0.067757,-0.017669
SIM-NCM-28-02,160,0.8999,500.0,0.06943,-0.019638
SIM-NCM-28-02,160,0.8999,1000.0,0.068371,-0.021633
SIM-NCM-28-02,160,0.8999,2000.0,0.068102,-0.020193
SIM-NCM-28-02,160,0.8999,5000.0,0.067611,-0.023891
SIM-NCM-28-02,160,0.8999,10000.0,0.067879,-0.024417
SIM-NCM-28-02,252,0.8501,10.0,0.095946,-0.012759
SIM-NCM-28-02,252,0.8501,20.0,0.096157,-0.014151
SIM-NCM-28-02,252,0.8501,50.0,0.093448,-0.013366
SIM-NCM-28-02,252,0.8501,100.0,0.095879,-0.01568
SIM-NCM-28-02,252,0.8501,200.0,0.095026,-0.016604
SIM-NCM-28-02,252,0.8501,500.0,0.097812,-0.020777
SIM-NCM-28-02,252,0.8501,1000.0,0.095805,-0.021322
SIM-NCM-28-02,252,0.8501,2000.0,0.093952,-0.02239
SIM-NCM-28-02,252,0.8501,5000.0,0.096847,-0.022126
SIM-NCM-28-02,252,0.8501,10000.0,0.095381,-0.023839
SIM-NCM-28-02,316,0.7999,10.0,0.122758,-0.011827
SIM-NCM-28-02,316,0.7999,20.0,0.125326,-0.015031
SIM-NCM-28-02,316,0.7999,50.0,0.124859,-0.016091
SIM-NCM-28-02,316,0.7999,100.0,0.124198,-0.016784
SIM-NCM-28-02,316,0.7999,200.0,0.125453,-0.018242
SIM-NCM-28-02,316,0.7999,500.0,0.123942,-0.019397
SIM-NCM-28-02,316,0.7999,1000.0,0.122745,-0.020401
SIM-NCM-28-02,316,0.7999,2000.0,0.123998,-0.022677
SIM-NCM-28-02,316,0.7999,5000.0,0.124846,-0.024851
SIM-NCM-28-02,316,0.7999,10000.0,0.124158,-0.024445
SIM-NCM-28-02,357,0.7504,10.0,0.141248,-0.013053
SIM-NCM-28-02,357,0.7504,20.0,0.142851,-0.015459
SIM-NCM-28-02,357,0.7504,50.0,0.144795,-0.016624
SIM-NCM-28-02,357,0.7504,100.0,0.14362,-0.01618
SIM-NCM-28-02,357,0.7504,200.0,0.141826,-0.018292
SIM-NCM-28-02,357,0.7504,500.0,0.142741,-0.019879
SIM-NCM-28-02,357,0.7504,1000.0,0.141561,-0.022679
SIM-NCM-28-02,357,0.7504,2000.0,0.144778,-0.024705
SIM-NCM-28-02,357,0.7504,5000.0,0.142441,-0.02505
SIM-NCM-28-02,357,0.7504,10000.0,0.143337,-0.0257
SIM-NCM-28-02,399,0.6996,10.0,0.164007,-0.012737
SIM-NCM-28-02,399,0.6996,20.0,0.165797,-0.012514
SIM-NCM-28-02,399,0.6996,50.0,0.169371,-0.015254
SIM-NCM-28-02,399,0.6996,100.0,0.170662,-0.017365
SIM-NCM-28-02,399,0.6996,200.0,0.165555,-0.018227
SIM-NCM-28-02,399,0.6996,500.0,0.170867,-0.021079
SIM-NCM-28-02,399,0.6996,1000.0,0.166332,-0.022457
SIM-NCM-28-02,399,0.6996,2000.0,0.165873,-0.023881
SIM-NCM-28-02,399,0.6996,5000.0,0.168244,-0.025499
SIM-NCM-28-02,399,0.6996,10000.0,0.168457,-0.027099
SIM-NCM-28-03,71,0.9496,10.0,0.043181,-0.014008
SIM-NCM-28-03,71,0.9496,20.0,0.042732,-0.013849
SIM-NCM-28-03,71,0.9496,50.0,0.043284,-0.016267
SIM-NCM-28-03,71,0.9496,100.0,0.043346,-0.016673
SIM-NCM-28-03,71,0.9496,200.0,0.044092,-0.015261
SIM-NCM-28-03,71,0.9496,500.0,0.044004,-0.020458
SIM-NCM-28-03,71,0.9496,1000.0,0.043477,-0.020835
SIM-NCM-28-03,71,0.9496,2000.0,0.043798,-0.020421
SIM-NCM-28-03,71,0.9496,5000.0,0.043078,-0.023681
SIM-NCM-28-03,71,0.9496,10000.0,0.043834,-0.023736
SIM-NCM-28-03,160,0.9004,10.0,0.065988,-0.013718
SIM-NCM-28-03,160,0.9004,20.0,0.065919,-0.013812
SIM-NCM-28-03,160,0.9004,50.0,0.064183,-0.015834
SIM-NCM-28-03,160,0.9004,100.0,0.06587,-0.016031
SIM-NCM-28-03,160,0.9004,200.0,0.065147,-0.017118
SIM-NCM-28-03,160,0.9004,500.0,0.066576,-0.018976
SIM-NCM-28-03,160,0.9004,1000.0,0.065722,-0.020685
SIM-NCM-28-03,160,0.9004,2000.0,0.065109,-0.021329
SIM-NCM-28-03,160,0.9004,5000.0,0.066035,-0.022923
SIM-NCM-28-03,160,0.9004,10000.0,0.065148,-0.026433
SIM-NCM-28-03,252,0.8501,10.0,0.097372,-0.011017
SIM-NCM-28-03,252,0.8501,20.0,0.097296,-0.01476
SIM-NCM-28-03,252,0.8501,50.0,0.096212,-0.016614
SIM-NCM-28-03,252,0.8501,100.0,0.097884,-0.016368
SIM-NCM-28-03,252,0.8501,200.0,0.097687,-0.016976
SIM-NCM-28-03,252,0.8501,500.0,0.096036,-0.021948
SIM-NCM-28-03,252,0.8501,1000.0,0.097583,-0.020778
SIM-NCM-28-03,252,0.8501,2000.0,0.097622,-0.021994
SIM-NCM-28-03,252,0.8501,5000.0,0.096632,-0.025507
SIM-NCM-28-03,252,0.8501,10000.0,0.097237,-0.025355
SIM-NCM-28-03,319,0.8005,10.0,0.119376,-0.011821
SIM-NCM-28-03,319,0.8005,20.0,0.117133,-0.011337
SIM-NCM-28-03,319,0.8005,50.0,0.121238,-0.016797
SIM-NCM-28-03,319,0.8005,100.0,0.118745,-0.017143
SIM-NCM-28-03,319,0.8005,200.0,0.118724,-0.018128
SIM-NCM-28-03,319,0.8005,500.0,0.120039,-0.018953
SIM-NCM-28-03,319,0.8005,1000.0,0.119732,-0.022725
SIM-NCM-28-03,319,0.8005,2000.0,0.119158,-0.022231
SIM-NCM-28-03,319,0.8005,5000.0,0.119777,-0.026068
SIM-NCM-28-03,319,0.8005,10000.0,0.118237,-0.024841
SIM-NCM-28-03,361,0.7502,10.0,0.14785,-0.011428
SIM-NCM-28-03,361,0.7502,20.0,0.146498,-0.014136
SIM-NCM-28-03,361,0.7502,50.0,0.145416,-0.015748
SIM-NCM-28-03,361,0.7502,100.0,0.146187,-0.016948
SIM-NCM-28-03,361,0.7502,200.0,0.149397,-0.018437
SIM-NCM-28-03,361,0.7502,500.0,0.147618,-0.020611
SIM-NCM-28-03,361,0.7502,1000.0,0.147125,-0.021107
SIM-NCM-28-03,361,0.7502,2000.0,0.147262,-0.022788
SIM-NCM-28-03,361,0.7502,5000.0,0.14738,-0.024546
SIM-NCM-28-03,361,0.7502,10000.0,0.149574,-0.025953
SIM-NCM-28-03,403,0.7001,10.0,0.177509,-0.013173
SIM-NCM-28-03,403,0.7001,20.0,0.17923,-0.014023
SIM-NCM-28-03,403,0.7001,50.0,0.177686,-0.017181
SIM-NCM-28-03,403,0.7001,100.0,0.179721,-0.019372
SIM-NCM-28-03,403,0.7001,200.0,0.17801,-0.018475
SIM-NCM-28-03,403,0.7001,500.0,0.181772,-0.020218
SIM-NCM-28-03,403,0.7001,1000.0,0.178976,-0.022876
SIM-NCM-28-03,403,0.7001,2000.0,0.178083,-0.021641
SIM-NCM-28-03,403,0.7001,5000.0,0.180647,-0.025065
SIM-NCM-28-03,403,0.7001,10000.0,0.181217,-0.026479
SIM-NCM-29-01,48,0.9499,10.0,0.052316,-0.012888
SIM-NCM-29-01,48,0.9499,20.0,0.05235,-0.01228
SIM-NCM-29-01,48,0.9499,50.0,0.052916,-0.015382
SIM-NCM-29-01,48,0.9499,100.0,0.052298,-0.015682
SIM-NCM-29-01,48,0.9499,200.0,0.051155,-0.018803
SIM-NCM-29-01,48,0.9499,500.0,0.052859,-0.020118
SIM-NCM-29-01,48,0.9499,1000.0,0.052616,-0.022785
SIM-NCM-29-01,48,0.9499,2000.0,0.052017,-0.021755
SIM-NCM-29-01,48,0.9499,5000.0,0.051918,-0.022874
SIM-NCM-29-01,48,0.9499,10000.0,0.051947,-0.024746
SIM-NCM-29-01,114,0.9,10.0,0.087249,-0.01201
SIM-NCM-29-01,114,0.9,20.0,0.089133,-0.012534
SIM-NCM-29-01,114,0.9,50.0,0.087707,-0.016373
SIM-NCM-29-01,114,0.9,100.0,0.087195,-0.017085
SIM-NCM-29-01,114,0.9,200.0,0.087889,-0.018589
SIM-NCM-29-01,114,0.9,500.0,0.086573,-0.01847
SIM-NCM-29-01,114,0.9,1000.0,0.087923,-0.018065
SIM-NCM-29-01,114,0.9,2000.0,0.088964,-0.02223
SIM-NCM-29-01,114,0.9,5000.0,0.087798,-0.024861
SIM-NCM-29-01,114,0.9,10000.0,0.087303,-0.024228
SIM-NCM-29-01,183,0.8499,10.0,0.125475,-0.013298
SIM-NCM-29-01,183,0.8499,20.0,0.123703,-0.015159
SIM-NCM-29-01,183,0.8499,50.0,0.127557,-0.017948
SIM-NCM-29-01,183,0.8499,100.0,0.125922,-0.01642
SIM-NCM-29-01,183,0.8499,200.0,0.124913,-0.0169
SIM-NCM-29-01,183,0.8499,500.0,0.124132,-0.019429
SIM-NCM-29-01,183,0.8499,1000.0,0.124737,-0.021767
SIM-NCM-29-01,183,0.8499,2000.0,0.125901,-0.020915
SIM-NCM-29-01,183,0.8499,5000.0,0.125244,-0.023514
SIM-NCM-29-01,183,0.8499,10000.0,0.124714,-0.025231
SIM-NCM-29-01,225,0.7998,10.0,0.16113,-0.010944
SIM-NCM-29-01,225,0.7998,20.0,0.15672,-0.013622
SIM-NCM-29-01,225,0.7998,50.0,0.160143,-0.016503
SIM-NCM-29-01,225,0.7998,100.0,0.15877,-0.016932
SIM-NCM-29-01,225,0.7998,200.0,0.163884,-0.018166
SIM-NCM-29-01,225,0.7998,500.0,0.160121,-0.019
SIM-NCM-29-01,225,0.7998,1000.0,0.159802,-0.019459
SIM-NCM-29-01,225,0.7998,2000.0,0.158836,-0.021588
SIM-NCM-29-01,225,0.7998,5000.0,0.158582,-0.023415
SIM-NCM-29-01,225,0.7998,10000.0,0.162181,-0.026525
SIM-NCM-29-01,255,0.7502,10.0,0.196232,-0.012039
SIM-NCM-29-01,255,0.7502,20.0,0.200042,-0.015253
SIM-NCM-29-01,255,0.7502,50.0,0.19576,-0.016489
SIM-NCM-29-01,255,0.7502,100.0,0.195179,-0.017904
SIM-NCM-29-01,255,0.7502,200.0,0.198608,-0.016081
SIM-NCM-29-01,255,0.7502,500.0,0.197412,-0.020049
SIM-NCM-29-01,255,0.7502,1000.0,0.197225,-0.022043
SIM-NCM-29-01,255,0.7502,2000.0,0.199068,-0.023684
SIM-NCM-29-01,255,0.7502,5000.0,0.199801,-0.024665
SIM-NCM-29-01,255,0.7502,10000.0,0.200078,-0.02422
SIM-NCM-29-01,287,0.6991,10.0,0.236097,-0.014159
SIM-NCM-29-01,287,0.6991,20.0,0.231079,-0.013595
SIM-NCM-29-01,287,0.6991,50.0,0.231645,-0.01609
SIM-NCM-29-01,287,0.6991,100.0,0.237835,-0.017132
SIM-NCM-29-01,287,0.6991,200.0,0.232784,-0.019568
SIM-NCM-29-01,287,0.6991,500.0,0.232846,-0.019313
SIM-NCM-29-01,287,0.6991,1000.0,0.234474,-0.021743
SIM-NCM-29-01,287,0.6991,2000.0,0.233483,-0.023361
SIM-NCM-29-01,287,0.6991,5000.0,0.23218,-0.025971
SIM-NCM-29-01,287,0.6991,10000.0,0.237622,-0.025164
SIM-NCM-29-02,47,0.9504,10.0,0.051188,-0.011771
SIM-NCM-29-02,47,0.9504,20.0,0.051268,-0.013014
SIM-NCM-29-02,47,0.9504,50.0,0.051092,-0.017251
SIM-NCM-29-02,47,0.9504,100.0,0.050601,-0.015023
SIM-NCM-29-02,47,0.9504,200.0,0.05169,-0.015901
SIM-NCM-29-02,47,0.9504,500.0,0.051733,-0.017128
SIM-NCM-29-02,47,0.9504,1000.0,0.050277,-0.020264
SIM-NCM-29-02,47,0.9504,2000.0,0.050395,-0.022157
SIM-NCM-29-02,47,0.9504,5000.0,0.050461,-0.022545
SIM-NCM-29-02,47,0.9504,10000.0,0.050727,-0.025777
SIM-NCM-29-02,114,0.9002,10.0,0.085973,-0.013164
SIM-NCM-29-02,114,0.9002,20.0,0.086245,-0.012382
SIM-NCM-29-02,114,0.9002,50.0,0.086297,-0.01507
SIM-NCM-29-02,114,0.9002,100.0,0.087368,-0.01756
SIM-NCM-29-02,114,0.9002,200.0,0.087686,-0.018224
SIM-NCM-29-02,114,0.9002,500.0,0.087043,-0.018592
SIM-NCM-29-02,114,0.9002,1000.0,0.085764,-0.019816
SIM-NCM-29-02,114,0.9002,2000.0,0.086617,-0.023052
SIM-NCM-29-02,114,0.9002,5000.0,0.087142,-0.022207
SIM-NCM-29-02,114,0.9002,10000.0,0.087183,-0.023373
SIM-NCM-29-02,181,0.8499,10.0,0.124624,-0.011228
SIM-NCM-29-02,181,0.8499,20.0,0.123037,-0.013444
SIM-NCM-29-02,181,0.8499,50.0,0.125047,-0.013659
SIM-NCM-29-02,181,0.8499,100.0,0.124605,-0.01714
SIM-NCM-29-02,181,0.8499,200.0,0.120747,-0.019147
SIM-NCM-29-02,181,0.8499,500.0,0.123163,-0.018372
SIM-NCM-29-02,181,0.8499,1000.0,0.122999,-0.019141
SIM-NCM-29-02,181,0.8499,2000.0,0.123806,-0.022736
SIM-NCM-29-02,181,0.8499,5000.0,0.121807,-0.024289
SIM-NCM-29-02,181,0.8499,10000.0,0.123562,-0.022803
SIM-NCM-29-02,224,0.7994,10.0,0.160761,-0.013271
SIM-NCM-29-02,224,0.7994,20.0,0.160662,-0.014756
SIM-NCM-29-02,224,0.7994,50.0,0.158769,-0.016328
SIM-NCM-29-02,224,0.7994,100.0,0.160042,-0.018051
SIM-NCM-29-02,224,0.7994,200.0,0.161176,-0.016278
SIM-NCM-29-02,224,0.7994,500.0,0.160971,-0.018819
SIM-NCM-29-02,224,0.7994,1000.0,0.159266,-0.019028
SIM-NCM-29-02,224,0.7994,2000.0,0.159851,-0.023462
SIM-NCM-29-02,224,0.7994,5000.0,0.161488,-0.02374
SIM-NCM-29-02,224,0.7994,10000.0,0.162804,-0.025169
SIM-NCM-29-02,254,0.7496,10.0,0.193052,-0.013337
SIM-NCM-29-02,254,0.7496,20.0,0.194509,-0.015861
SIM-NCM-29-02,254,0.7496,50.0,0.196338,-0.01518
SIM-NCM-29-02,254,0.7496,100.0,0.193192,-0.018543
SIM-NCM-29-02,254,0.7496,200.0,0.195788,-0.018418
SIM-NCM-29-02,254,0.7496,500.0,0.195751,-0.018412
SIM-NCM-29-02,254,0.7496,1000.0,0.200242,-0.022587
SIM-NCM-29-02,254,0.7496,2000.0,0.197549,-0.022881
SIM-NCM-29-02,254,0.7496,5000.0,0.19443,-0.023925
SIM-NCM-29-02,254,0.7496,10000.0,0.196183,-0.025537
SIM-NCM-29-02,283,0.7,10.0,0.226343,-0.013708
SIM-NCM-29-02,283,0.7,20.0,0.222479,-0.014
SIM-NCM-29-02,283,0.7,50.0,0.230568,-0.016161
SIM-NCM-29-02,283,0.7,100.0,0.228123,-0.017109
SIM-NCM-29-02,283,0.7,200.0,0.229879,-0.019215
SIM-NCM-29-02,283,0.7,500.0,0.22803,-0.019949
SIM-NCM-29-02,283,0.7,1000.0,0.22568,-0.021949
SIM-NCM-29-02,283,0.7,2000.0,0.227805,-0.023119
SIM-NCM-29-02,283,0.7,5000.0,0.229013,-0.024888
SIM-NCM-29-02,283,0.7,10000.0,0.230231,-0.026494
SIM-NCM-29-03,49,0.9502,10.0,0.053572,-0.012601
SIM-NCM-29-03,49,0.9502,20.0,0.053594,-0.014168
SIM-NCM-29-03,49,0.9502,50.0,0.053647,-0.016878
SIM-NCM-29-03,49,0.9502,100.0,0.053917,-0.014258
SIM-NCM-29-03,49,0.9502,200.0,0.053978,-0.019081
SIM-NCM-29-03,49,0.9502,500.0,0.054044,-0.019391
SIM-NCM-29-03,49,0.9502,1000.0,0.054404,-0.021462
SIM-NCM-29-03,49,0.9502,2000.0,0.054476,-0.020895
SIM-NCM-29-03,49,0.9502,5000.0,0.055061,-0.023403
SIM-NCM-29-03,49,0.9502,10000.0,0.052815,-0.022448
SIM-NCM-29-03,117,0.8997,10.0,0.090456,-0.01251
SIM-NCM-29-03,117,0.8997,20.0,0.090977,-0.014319
SIM-NCM-29-03,117,0.8997,50.0,0.089899,-0.01574
SIM-NCM-29-03,117,0.8997,100.0,0.092403,-0.014646
SIM-NCM-29-03,117,0.8997,200.0,0.089977,-0.017166
SIM-NCM-29-03,117,0.8997,500.0,0.091621,-0.019875
SIM-NCM-29-03,117,0.8997,1000.0,0.090023,-0.021516
SIM-NCM-29-03,117,0.8997,2000.0,0.091546,-0.021989
SIM-NCM-29-03,117,0.8997,5000.0,0.092389,-0.024015
SIM-NCM-29-03,117,0.8997,10000.0,0.092522,-0.024113
SIM-NCM-29-03,185,0.8498,10.0,0.125071,-0.012259
SIM-NCM-29-03,185,0.8498,20.0,0.12455,-0.015085
SIM-NCM-29-03,185,0.8498,50.0,0.123965,-0.016219
SIM-NCM-29-03,185,0.8498,100.0,0.123567,-0.01667
SIM-NCM-29-03,185,0.8498,200.0,0.124441,-0.017329
SIM-NCM-29-03,185,0.8498,500.0,0.124289,-0.018784
SIM-NCM-29-03,185,0.8498,1000.0,0.123266,-0.022528
SIM-NCM-29-03,185,0.8498,2000.0,0.125396,-0.022537
SIM-NCM-29-03,185,0.8498,5000.0,0.123285,-0.025502
SIM-NCM-29-03,185,0.8498,10000.0,0.124878,-0.02506
SIM-NCM-29-03,225,0.8005,10.0,0.159891,-0.01327
SIM-NCM-29-03,225,0.8005,20.0,0.16114,-0.013991
SIM-NCM-29-03,225,0.8005,50.0,0.164768,-0.016452
SIM-NCM-29-03,225,0.8005,100.0,0.160763,-0.016238
SIM-NCM-29-03,225,0.8005,200.0,0.160385,-0.016277
SIM-NCM-29-03,225,0.8005,500.0,0.159518,-0.020842
SIM-NCM-29-03,225,0.8005,1000.0,0.160624,-0.021236
SIM-NCM-29-03,225,0.8005,2000.0,0.163678,-0.022514
SIM-NCM-29-03,225,0.8005,5000.0,0.164285,-0.025593
SIM-NCM-29-03,225,0.8005,10000.0,0.162345,-0.024473
SIM-NCM-29-03,257,0.7495,10.0,0.20095,-0.012893
SIM-NCM-29-03,257,0.7495,20.0,0.201762,-0.014263
SIM-NCM-29-03,257,0.7495,50.0,0.200033,-0.015334
SIM-NCM-29-03,257,0.7495,100.0,0.20126,-0.017497
SIM-NCM-29-03,257,0.7495,200.0,0.200934,-0.018843
SIM-NCM-29-03,257,0.7495,500.0,0.198249,-0.020226
SIM-NCM-29-03,257,0.7495,1000.0,0.201959,-0.023508
SIM-NCM-29-03,257,0.7495,2000.0,0.19966,-0.024147
SIM-NCM-29-03,257,0.7495,5000.0,0.201955,-0.025121
SIM-NCM-29-03,257,0.7495,10000.0,0.199036,-0.024441
SIM-NCM-29-03,287,0.6997,10.0,0.237579,-0.01421
SIM-NCM-29-03,287,0.6997,20.0,0.242017,-0.016031
SIM-NCM-29-03,287,0.6997,50.0,0.236135,-0.015863
SIM-NCM-29-03,287,0.6997,100.0,0.240328,-0.01683
SIM-NCM-29-03,287,0.6997,200.0,0.239854,-0.018716
SIM-NCM-29-03,287,0.6997,500.0,0.237839,-0.01853
SIM-NCM-29-03,287,0.6997,1000.0,0.239156,-0.019057
SIM-NCM-29-03,287,0.6997,2000.0,0.23712,-0.022055
SIM-NCM-29-03,287,0.6997,5000.0,0.236072,-0.024819
SIM-NCM-29-03,287,0.6997,10000.0,0.238458,-0.027307
SIM-NCM-30-01,31,0.95,10.0,0.062668,-0.013051
SIM-NCM-30-01,31,0.95,20.0,0.061322,-0.013549
SIM-NCM-30-01,31,0.95,50.0,0.062142,-0.015029
SIM-NCM-30-01,31,0.95,100.0,0.061776,-0.016631
SIM-NCM-30-01,31,0.95,200.0,0.061494,-0.018196
SIM-NCM-30-01,31,0.95,500.0,0.06065,-0.019095
SIM-NCM-30-01,31,0.95,1000.0,0.06131,-0.019525
SIM-NCM-30-01,31,0.95,2000.0,0.062071,-0.022197
SIM-NCM-30-01,31,0.95,5000.0,0.062537,-0.022937
SIM-NCM-30-01,31,0.95,10000.0,0.062365,-0.025396
SIM-NCM-30-01,84,0.8997,10.0,0.109905,-0.01193
SIM-NCM-30-01,84,0.8997,20.0,0.109937,-0.014947
SIM-NCM-30-01,84,0.8997,50.0,0.10954,-0.012899
SIM-NCM-30-01,84,0.8997,100.0,0.1086,-0.018716
SIM-NCM-30-01,84,0.8997,200.0,0.109251,-0.016389
SIM-NCM-30-01,84,0.8997,500.0,0.107399,-0.020224
SIM-NCM-30-01,84,0.8997,1000.0,0.110111,-0.019265
SIM-NCM-30-01,84,0.8997,2000.0,0.10799,-0.021598
SIM-NCM-30-01,84,0.8997,5000.0,0.110263,-0.022398
SIM-NCM-30-01,84,0.8997,10000.0,0.109429,-0.023284
SIM-NCM-30-01,136,0.8501,10.0,0.155446,-0.013562
SIM-NCM-30-01,136,0.8501,20.0,0.1506,-0.012967
SIM-NCM-30-01,136,0.8501,50.0,0.155634,-0.015249
SIM-NCM-30-01,136,0.8501,100.0,0.151543,-0.016949
SIM-NCM-30-01,136,0.8501,200.0,0.153138,-0.015975
SIM-NCM-30-01,136,0.8501,500.0,0.152848,-0.022355
SIM-NCM-30-01,136,0.8501,1000.0,0.155813,-0.021254
SIM-NCM-30-01,136,0.8501,2000.0,0.154699,-0.022923
SIM-NCM-30-01,136,0.8501,5000.0,0.156756,-0.023977
SIM-NCM-30-01,136,0.8501,10000.0,0.151659,-0.026647
SIM-NCM-30-01,172,0.8012,10.0,0.202311,-0.014626
SIM-NCM-30-01,172,0.8012,20.0,0.203018,-0.014045
SIM-NCM-30-01,172,0.8012,50.0,0.202636,-0.015292
SIM-NCM-30-01,172,0.8012,100.0,0.200667,-0.017107
SIM-NCM-30-01,172,0.8012,200.0,0.199605,-0.019515
SIM-NCM-30-01,172,0.8012,500.0,0.197265,-0.020941
SIM-NCM-30-01,172,0.8012,1000.0,0.202391,-0.023032
SIM-NCM-30-01,172,0.8012,2000.0,0.199747,-0.023212
SIM-NCM-30-01,172,0.8012,5000.0,0.200092,-0.02522
SIM-NCM-30-01,172,0.8012,10000.0,0.200842,-0.027355
SIM-NCM-30-01,196,0.75,10.0,0.251199,-0.012428
SIM-NCM-30-01,196,0.75,20.0,0.244583,-0.013143
SIM-NCM-30-01,196,0.75,50.0,0.249378,-0.017698
SIM-NCM-30-01,196,0.75,100.0,0.250293,-0.018865
SIM-NCM-30-01,196,0.75,200.0,0.250605,-0.01676
SIM-NCM-30-01,196,0.75,500.0,0.250258,-0.021707
SIM-NCM-30-01,196,0.75,1000.0,0.25273,-0.022025
SIM-NCM-30-01,196,0.75,2000.0,0.248165,-0.022964
SIM-NCM-30-01,196,0.75,5000.0,0.247447,-0.023921
SIM-NCM-30-01,196,0.75,10000.0,0.250901,-0.024684
SIM-NCM-30-01,219,0.6996,10.0,0.291192,-0.014331
SIM-NCM-30-01,219,0.6996,20.0,0.285045,-0.014645
SIM-NCM-30-01,219,0.6996,50.0,0.286933,-0.016078
SIM-NCM-30-01,219,0.6996,100.0,0.293929,-0.017093
SIM-NCM-30-01,219,0.6996,200.0,0.287994,-0.019444
SIM-NCM-30-01,219,0.6996,500.0,0.289442,-0.020612
SIM-NCM-30-01,219,0.6996,1000.0,0.284945,-0.021125
SIM-NCM-30-01,219,0.6996,2000.0,0.286217,-0.022751
SIM-NCM-30-01,219,0.6996,5000.0,0.287077,-0.024757
SIM-NCM-30-01,219,0.6996,10000.0,0.28647,-0.025626
SIM-NCM-30-02,32,0.9497,10.0,0.061094,-0.011617
SIM-NCM-30-02,32,0.9497,20.0,0.05989,-0.012046
SIM-NCM-30-02,32,0.9497,50.0,0.060615,-0.014657
SIM-NCM-30-02,32,0.9497,100.0,0.060095,-0.017228
SIM-NCM-30-02,32,0.9497,200.0,0.059902,-0.017023
SIM-NCM-30-02,32,0.9497,500.0,0.06114,-0.021539
SIM-NCM-30-02,32,0.9497,1000.0,0.059893,-0.019111
SIM-NCM-30-02,32,0.9497,2000.0,0.060212,-0.019731
SIM-NCM-30-02,32,0.9497,5000.0,0.059045,-0.023781
SIM-NCM-30-02,32,0.9497,10000.0,0.061877,-0.023855
SIM-NCM-30-02,84,0.9002,10.0,0.105466,-0.01124
SIM-NCM-30-02,84,0.9002,20.0,0.107685,-0.013628
SIM-NCM-30-02,84,0.9002,50.0,0.105448,-0.016571
SIM-NCM-30-02,84,0.9002,100.0,0.104269,-0.017086
SIM-NCM-30-02,84,0.9002,200.0,0.10645,-0.018604
SIM-NCM-30-02,84,0.9002,500.0,0.107107,-0.020762
SIM-NCM-30-02,84,0.9002,1000.0,0.108138,-0.019441
SIM-NCM-30-02,84,0.9002,2000.0,0.106616,-0.024391
SIM-NCM-30-02,84,0.9002,5000.0,0.105275,-0.023222
SIM-NCM-30-02,84,0.9002,10000.0,0.106949,-0.026081
SIM-NCM-30-02,136,0.8496,10.0,0.15603,-0.014687
SIM-NCM-30-02,136,0.8496,20.0,0.153956,-0.01555
SIM-NCM-30-02,136,0.8496,50.0,0.155591,-0.016404
SIM-NCM-30-02,136,0.8496,100.0,0.154175,-0.016642
SIM-NCM-30-02,136,0.8496,200.0,0.154562,-0.016776
SIM-NCM-30-02,136,0.8496,500.0,0.150094,-0.019815
SIM-NCM-30-02,136,0.8496,1000.0,0.152764,-0.021389
SIM-NCM-30-02,136,0.8496,2000.0,0.153988,-0.022936
SIM-NCM-30-02,136,0.8496,5000.0,0.156402,-0.024373
SIM-NCM-30-02,136,0.8496,10000.0,0.155416,-0.024098
SIM-NCM-30-02,164,0.7992,10.0,0.202327,-0.014208
SIM-NCM-30-02,164,0.7992,20.0,0.203623,-0.015244
SIM-NCM-30-02,164,0.7992,50.0,0.199775,-0.016249
SIM-NCM-30-02,164,0.7992,100.0,0.20512,-0.015398
SIM-NCM-30-02,164,0.7992,200.0,0.205364,-0.019663
SIM-NCM-30-02,164,0.7992,500.0,0.203399,-0.018615
SIM-NCM-30-02,164,0.7992,1000.0,0.201918,-0.021701
SIM-NCM-30-02,164,0.7992,2000.0,0.205306,-0.02249
SIM-NCM-30-02,164,0.7992,5000.0,0.204706,-0.025912
SIM-NCM-30-02,164,0.7992,10000.0,0.206139,-0.025211
SIM-NCM-30-02,187,0.7509,10.0,0.244954,-0.012234
SIM-NCM-30-02,187,0.7509,20.0,0.250821,-0.013291
SIM-NCM-30-02,187,0.7509,50.0,0.253352,-0.016276
SIM-NCM-30-02,187,0.7509,100.0,0.251922,-0.016293
SIM-NCM-30-02,187,0.7509,200.0,0.253684,-0.018589
SIM-NCM-30-02,187,0.7509,500.0,0.24905,-0.021333
SIM-NCM-30-02,187,0.7509,1000.0,0.251912,-0.021884
SIM-NCM-30-02,187,0.7509,2000.0,0.25023,-0.021902
SIM-NCM-30-02,187,0.7509,5000.0,0.250087,-0.02573
SIM-NCM-30-02,187,0.7509,10000.0,0.249906,-0.026341
SIM-NCM-30-02,211,0.7,10.0,0.28888,-0.010672
SIM-NCM-30-02,211,0.7,20.0,0.294836,-0.016373
SIM-NCM-30-02,211,0.7,50.0,0.294152,-0.015796
SIM-NCM-30-02,211,0.7,100.0,0.291685,-0.018397
SIM-NCM-30-02,211,0.7,200.0,0.292163,-0.018388
SIM-NCM-30-02,211,0.7,500.0,0.292993,-0.019622
SIM-NCM-30-02,211,0.7,1000.0,0.290763,-0.02137
SIM-NCM-30-02,211,0.7,2000.0,0.293122,-0.022576
SIM-NCM-30-02,211,0.7,5000.0,0.285195,-0.024509
SIM-NCM-30-02,211,0.7,10000.0,0.287752,-0.026853
SIM-NCM-30-03,31,0.9502,10.0,0.059678,-0.012753
SIM-NCM-30-03,31,0.9502,20.0,0.059559,-0.012922
SIM-NCM-30-03,31,0.9502,50.0,0.060611,-0.015564
SIM-NCM-30-03,31,0.9502,100.0,0.0595,-0.015945
SIM-NCM-30-03,31,0.9502,200.0,0.059654,-0.01712
SIM-NCM-30-03,31,0.9502,500.0,0.060094,-0.019329
SIM-NCM-30-03,31,0.9502,1000.0,0.059482,-0.021445
SIM-NCM-30-03,31,0.9502,2000.0,0.060577,-0.022332
SIM-NCM-30-03,31,0.9502,5000.0,0.059865,-0.023478
SIM-NCM-30-03,31,0.9502,10000.0,0.059759,-0.023425
SIM-NCM-30-03,84,0.8999,10.0,0.109526,-0.012808
SIM-NCM-30-03,84,0.8999,20.0,0.112293,-0.013295
SIM-NCM-30-03,84,0.8999,50.0,0.110983,-0.015399
SIM-NCM-30-03,84,0.8999,100.0,0.111101,-0.014704
SIM-NCM-30-03,84,0.8999,200.0,0.109685,-0.017778
SIM-NCM-30-03,84,0.8999,500.0,0.112008,-0.019125
SIM-NCM-30-03,84,0.8999,1000.0,0.110796,-0.01967
SIM-NCM-30-03,84,0.8999,2000.0,0.111278,-0.02145
SIM-NCM-30-03,84,0.8999,5000.0,0.112101,-0.024999
SIM-NCM-30-03,84,0.8999,10000.0,0.110487,-0.026281
SIM-NCM-30-03,135,0.8503,10.0,0.158128,-0.010713
SIM-NCM-30-03,135,0.8503,20.0,0.155047,-0.011829
SIM-NCM-30-03,135,0.8503,50.0,0.157981,-0.014198
SIM-NCM-30-03,135,0.8503,100.0,0.15949,-0.015617
SIM-NCM-30-03,135,0.8503,200.0,0.1578,-0.017886
SIM-NCM-30-03,135,0.8503,500.0,0.158481,-0.018894
SIM-NCM-30-03,135,0.8503,1000.0,0.157802,-0.020696
SIM-NCM-30-03,135,0.8503,2000.0,0.157701,-0.021128
SIM-NCM-30-03,135,0.8503,5000.0,0.155919,-0.023335
SIM-NCM-30-03,135,0.8503,10000.0,0.155224,-0.025465
SIM-NCM-30-03,168,0.799,10.0,0.200754,-0.013584
SIM-NCM-30-03,168,0.799,20.0,0.20336,-0.01606
SIM-NCM-30-03,168,0.799,50.0,0.202577,-0.014825
SIM-NCM-30-03,168,0.799,100.0,0.201309,-0.01705
SIM-NCM-30-03,168,0.799,200.0,0.200701,-0.019469
SIM-NCM-30-03,168,0.799,500.0,0.2002,-0.019219
SIM-NCM-30-03,168,0.799,1000.0,0.202953,-0.021469
SIM-NCM-30-03,168,0.799,2000.0,0.203504,-0.021617
SIM-NCM-30-03,168,0.799,5000.0,0.202742,-0.023572
SIM-NCM-30-03,168,0.799,10000.0,0.201187,-0.024713
SIM-NCM-30-03,192,0.7492,10.0,0.25049,-0.013971
SIM-NCM-30-03,192,0.7492,20.0,0.251791,-0.016395
SIM-NCM-30-03,192,0.7492,50.0,0.249818,-0.017499
SIM-NCM-30-03,192,0.7492,100.0,0.247916,-0.017733
SIM-NCM-30-03,192,0.7492,200.0,0.250154,-0.018097
SIM-NCM-30-03,192,0.7492,500.0,0.247305,-0.01898
SIM-NCM-30-03,192,0.7492,1000.0,0.244712,-0.019824
SIM-NCM-30-03,192,0.7492,2000.0,0.24748,-0.021614
SIM-NCM-30-03,192,0.7492,5000.0,0.246092,-0.024027
SIM-NCM-30-03,192,0.7492,10000.0,0.249463,-0.026055
SIM-NCM-30-03,215,0.7002,10.0,0.292353,-0.011619
SIM-NCM-30-03,215,0.7002,20.0,0.285937,-0.015564
SIM-NCM-30-03,215,0.7002,50.0,0.287698,-0.015443
SIM-NCM-30-03,215,0.7002,100.0,0.288108,-0.015933
SIM-NCM-30-03,215,0.7002,200.0,0.286777,-0.018661
SIM-NCM-30-03,215,0.7002,500.0,0.281076,-0.021383
SIM-NCM-30-03,215,0.7002,1000.0,0.2866,-0.021561
SIM-NCM-30-03,215,0.7002,2000.0,0.284564,-0.021543
SIM-NCM-30-03,215,0.7002,5000.0,0.286707,-0.024556
SIM-NCM-30-03,215,0.7002,10000.0,0.286239,-0.026101
SIM-NCM-31-01,46,0.9493,10.0,0.043129,-0.013644
SIM-NCM-31-01,46,0.9493,20.0,0.042654,-0.011307
SIM-NCM-31-01,46,0.9493,50.0,0.043138,-0.015383
SIM-NCM-31-01,46,0.9493,100.0,0.043876,-0.015999
SIM-NCM-31-01,46,0.9493,200.0,0.043199,-0.018781
SIM-NCM-31-01,46,0.9493,500.0,0.044165,-0.018798
SIM-NCM-31-01,46,0.9493,1000.0,0.042977,-0.018433
SIM-NCM-31-01,46,0.9493,2000.0,0.043051,-0.021407
SIM-NCM-31-01,46,0.9493,5000.0,0.042923,-0.021712
SIM-NCM-31-01,46,0.9493,10000.0,0.042738,-0.024298
SIM-NCM-31-01,108,0.8997,10.0,0.067095,-0.012996
SIM-NCM-31-01,108,0.8997,20.0,0.067627,-0.014207
SIM-NCM-31-01,108,0.8997,50.0,0.066887,-0.015363
SIM-NCM-31-01,108,0.8997,100.0,0.068182,-0.016238
SIM-NCM-31-01,108,0.8997,200.0,0.067305,-0.018186
SIM-NCM-31-01,108,0.8997,500.0,0.066806,-0.019052
SIM-NCM-31-01,108,0.8997,1000.0,0.068292,-0.019883
SIM-NCM-31-01,108,0.8997,2000.0,0.067124,-0.022726
SIM-NCM-31-01,108,0.8997,5000.0,0.06656,-0.024269
SIM-NCM-31-01,108,0.8997,10000.0,0.0672,-0.024602
SIM-NCM-31-01,170,0.8503,10.0,0.096325,-0.011555
SIM-NCM-31-01,170,0.8503,20.0,0.094741,-0.014282
SIM-NCM-31-01,170,0.8503,50.0,0.095536,-0.015851
SIM-NCM-31-01,170,0.8503,100.0,0.094367,-0.015817
SIM-NCM-31-01,170,0.8503,200.0,0.097154,-0.016926
SIM-NCM-31-01,170,0.8503,500.0,0.095917,-0.018093
SIM-NCM-31-01,170,0.8503,1000.0,0.095301,-0.023149
SIM-NCM-31-01,170,0.8503,2000.0,0.095216,-0.023003
SIM-NCM-31-01,170,0.8503,5000.0,0.095646,-0.023745
SIM-NCM-31-01,170,0.8503,10000.0,0.097503,-0.026407
SIM-NCM-31-01,215,0.8001,10.0,0.125832,-0.014326
SIM-NCM-31-01,215,0.8001,20.0,0.126305,-0.014611
SIM-NCM-31-01,215,0.8001,50.0,0.125297,-0.015844
SIM-NCM-31-01,215,0.8001,100.0,0.123623,-0.017803
SIM-NCM-31-01,215,0.8001,200.0,0.125213,-0.018627
SIM-NCM-31-01,215,0.8001,500.0,0.123688,-0.016961
SIM-NCM-31-01,215,0.8001,1000.0,0.12548,-0.020567
SIM-NCM-31-01,215,0.8001,2000.0,0.127136,-0.022058
SIM-NCM-31-01,215,0.8001,5000.0,0.126965,-0.023411
SIM-NCM-31-01,215,0.8001,10000.0,0.128857,-0.026637
SIM-NCM-31-01,244,0.7499,10.0,0.147205,-0.013154
SIM-NCM-31-01,244,0.7499,20.0,0.149004,-0.015024
SIM-NCM-31-01,244,0.7499,50.0,0.147018,-0.016077
SIM-NCM-31-01,244,0.7499,100.0,0.146916,-0.015571
SIM-NCM-31-01,244,0.7499,200.0,0.150186,-0.018367
SIM-NCM-31-01,244,0.7499,500.0,0.147343,-0.019796
SIM-NCM-31-01,244,0.7499,1000.0,0.147095,-0.021299
SIM-NCM-31-01,244,0.7499,2000.0,0.14881,-0.023936
SIM-NCM-31-01,244,0.7499,5000.0,0.147762,-0.025972
SIM-NCM-31-01,244,0.7499,10000.0,0.145911,-0.025567
SIM-NCM-31-01,274,0.6998,10.0,0.176925,-0.014468
SIM-NCM-31-01,274,0.6998,20.0,0.178671,-0.014486
SIM-NCM-31-01,274,0.6998,50.0,0.178502,-0.016154
SIM-NCM-31-01,274,0.6998,100.0,0.177642,-0.018011
SIM-NCM-31-01,274,0.6998,200.0,0.177766,-0.017993
SIM-NCM-31-01,274,0.6998,500.0,0.180621,-0.020435
SIM-NCM-31-01,274,0.6998,1000.0,0.179222,-0.021869
SIM-NCM-31-01,274,0.6998,2000.0,0.180379,-0.024176
SIM-NCM-31-01,274,0.6998,5000.0,0.178256,-0.024339
SIM-NCM-31-01,274,0.6998,10000.0,0.175356,-0.02624
SIM-NCM-31-02,44,0.9499,10.0,0.040018,-0.013682
SIM-NCM-31-02,44,0.9499,20.0,0.040075,-0.013681
SIM-NCM-31-02,44,0.9499,50.0,0.039956,-0.014813
SIM-NCM-31-02,44,0.9499,100.0,0.039621,-0.01609
SIM-NCM-31-02,44,0.9499,200.0,0.040206,-0.017201
SIM-NCM-31-02,44,0.9499,500.0,0.039375,-0.019894
SIM-NCM-31-02,44,0.9499,1000.0,0.040351,-0.020553
SIM-NCM-31-02,44,0.9499,2000.0,0.03991,-0.020907
SIM-NCM-31-02,44,0.9499,5000.0,0.040768,-0.022085
SIM-NCM-31-02,44,0.9499,10000.0,0.040308,-0.024057
SIM-NCM-31-02,108,0.9,10.0,0.06663,-0.013949
SIM-NCM-31-02,108,0.9,20.0,0.066684,-0.014952
SIM-NCM-31-02,108,0.9,50.0,0.067375,-0.016505
SIM-NCM-31-02,108,0.9,100.0,0.06596,-0.017812
SIM-NCM-31-02,108,0.9,200.0,0.066651,-0.01619
SIM-NCM-31-02,108,0.9,500.0,0.066751,-0.019446
SIM-NCM-31-02,108,0.9,1000.0,0.066318,-0.021717
SIM-NCM-31-02,108,0.9,2000.0,0.066588,-0.019959
SIM-NCM-31-02,108,0.9,5000.0,0.066642,-0.022937
SIM-NCM-31-02,108,0.9,10000.0,0.066894,-0.025187
SIM-NCM-31-02,172,0.8503,10.0,0.094996,-0.013531
SIM-NCM-31-02,172,0.8503,20.0,0.093667,-0.013748
SIM-NCM-31-02,172,0.8503,50.0,0.094388,-0.014925
SIM-NCM-31-02,172,0.8503,100.0,0.094905,-0.017253
SIM-NCM-31-02,172,0.8503,200.0,0.093441,-0.01844
SIM-NCM-31-02,172,0.8503,500.0,0.092623,-0.020303
SIM-NCM-31-02,172,0.8503,1000.0,0.094263,-0.020904
SIM-NCM-31-02,172,0.8503,2000.0,0.092919,-0.02229
SIM-NCM-31-02,172,0.8503,5000.0,0.093894,-0.023304
SIM-NCM-31-02,172,0.8503,10000.0,0.091596,-0.023689
SIM-NCM-31-02,214,0.7993,10.0,0.117737,-0.012566
SIM-NCM-31-02,214,0.7993,20.0,0.116198,-0.01463
SIM-NCM-31-02,214,0.7993,50.0,0.119229,-0.016709
SIM-NCM-31-02,214,0.7993,100.0,0.118235,-0.017487
SIM-NCM-31-02,214,0.7993,200.0,0.118991,-0.018207
SIM-NCM-31-02,214,0.7993,500.0,0.118497,-0.019618
SIM-NCM-31-02,214,0.7993,1000.0,0.118546,-0.023159
SIM-NCM-31-02,214,0.7993,2000.0,0.118485,-0.022771
SIM-NCM-31-02,214,0.7993,5000.0,0.117605,-0.023081
SIM-NCM-31-02,214,0.7993,10000.0,0.119166,-0.025375
SIM-NCM-31-02,243,0.7495,10.0,0.151539,-0.013765
SIM-NCM-31-02,243,0.7495,20.0,0.151389,-0.014006
SIM-NCM-31-02,243,0.7495,50.0,0.15104,-0.015707
SIM-NCM-31-02,243,0.7495,100.0,0.15177,-0.016726
SIM-NCM-31-02,243,0.7495,200.0,0.1507,-0.018244
SIM-NCM-31-02,243,0.7495,500.0,0.150053,-0.018602
SIM-NCM-31-02,243,0.7495,1000.0,0.148411,-0.021153
SIM-NCM-31-02,243,0.7495,2000.0,0.151483,-0.022669
SIM-NCM-31-02,243,0.7495,5000.0,0.151129,-0.025557
SIM-NCM-31-02,243,0.7495,10000.0,0.14883,-0.025811
SIM-NCM-31-02,271,0.7005,10.0,0.177729,-0.013388
SIM-NCM-31-02,271,0.7005,20.0,0.176944,-0.015252
SIM-NCM-31-02,271,0.7005,50.0,0.177305,-0.015412
SIM-NCM-31-02,271,0.7005,100.0,0.174969,-0.018598
SIM-NCM-31-02,271,0.7005,200.0,0.175355,-0.018216
SIM-NCM-31-02,271,0.7005,500.0,0.180197,-0.019669
SIM-NCM-31-02,271,0.7005,1000.0,0.178497,-0.020918
SIM-NCM-31-02,271,0.7005,2000.0,0.17684,-0.022065
SIM-NCM-31-02,271,0.7005,5000.0,0.177975,-0.024093
SIM-NCM-31-02,271,0.7005,10000.0,0.179182,-0.025961
SIM-NCM-31-03,46,0.9496,10.0,0.043017,-0.01293
SIM-NCM-31-03,46,0.9496,20.0,0.04459,-0.013716
SIM-NCM-31-03,46,0.9496,50.0,0.043767,-0.014865
SIM-NCM-31-03,46,0.9496,100.0,0.044919,-0.015318
SIM-NCM-31-03,46,0.9496,200.0,0.044647,-0.02016
SIM-NCM-31-03,46,0.9496,500.0,0.043919,-0.019571
SIM-NCM-31-03,46,0.9496,1000.0,0.043495,-0.019687
SIM-NCM-31-03,46,0.9496,2000.0,0.044353,-0.021548
SIM-NCM-31-03,46,0.9496,5000.0,0.044136,-0.022487
SIM-NCM-31-03,46,0.9496,10000.0,0.044796,-0.025199
SIM-NCM-31-03,108,0.9,10.0,0.069302,-0.012145
SIM-NCM-31-03,108,0.9,20.0,0.070258,-0.01269
SIM-NCM-31-03,108,0.9,50.0,0.069996,-0.014306
SIM-NCM-31-03,108,0.9,100.0,0.069192,-0.018013
SIM-NCM-31-03,108,0.9,200.0,0.069223,-0.017641
SIM-NCM-31-03,108,0.9,500.0,0.070716,-0.018628
SIM-NCM-31-03,108,0.9,1000.0,0.069639,-0.019987
SIM-NCM-31-03,108,0.9,2000.0,0.069306,-0.022562
SIM-NCM-31-03,108,0.9,5000.0,0.069972,-0.022895
SIM-NCM-31-03,108,0.9,10000.0,0.069716,-0.023208
SIM-NCM-31-03,172,0.8503,10.0,0.095144,-0.013358
SIM-NCM-31-03,172,0.8503,20.0,0.09516,-0.014115
SIM-NCM-31-03,172,0.8503,50.0,0.09452,-0.015464
SIM-NCM-31-03,172,0.8503,100.0,0.096462,-0.018546
SIM-NCM-31-03,172,0.8503,200.0,0.093427,-0.018123
SIM-NCM-31-03,172,0.8503,500.0,0.096999,-0.01947
SIM-NCM-31-03,172,0.8503,1000.0,0.094862,-0.021603
SIM-NCM-31-03,172,0.8503,2000.0,0.095533,-0.02366
SIM-NCM-31-03,172,0.8503,5000.0,0.094383,-0.026264
SIM-NCM-31-03,172,0.8503,10000.0,0.096995,-0.025315
SIM-NCM-31-03,213,0.7998,10.0,0.119442,-0.011101
SIM-NCM-31-03,213,0.7998,20.0,0.121597,-0.015267
SIM-NCM-31-03,213,0.7998,50.0,0.122856,-0.014803
SIM-NCM-31-03,213,0.7998,100.0,0.121842,-0.016485
SIM-NCM-31-03,213,0.7998,200.0,0.1195,-0.018437
SIM-NCM-31-03,213,0.7998,500.0,0.121248,-0.019373
SIM-NCM-31-03,213,0.7998,1000.0,0.121352,-0.021986
SIM-NCM-31-03,213,0.7998,2000.0,0.120843,-0.021186
SIM-NCM-31-03,213,0.7998,5000.0,0.121181,-0.025536
SIM-NCM-31-03,213,0.7998,10000.0,0.121944,-0.025746
SIM-NCM-31-03,243,0.7497,10.0,0.148043,-0.011952
SIM-NCM-31-03,243,0.7497,20.0,0.146379,-0.014846
SIM-NCM-31-03,243,0.7497,50.0,0.149439,-0.014125
SIM-NCM-31-03,243,0.7497,100.0,0.145667,-0.017639
SIM-NCM-31-03,243,0.7497,200.0,0.146929,-0.018904
SIM-NCM-31-03,243,0.7497,500.0,0.144385,-0.020837
SIM-NCM-31-03,243,0.7497,1000.0,0.148309,-0.019669
SIM-NCM-31-03,243,0.7497,2000.0,0.149679,-0.023214
SIM-NCM-31-03,243,0.7497,5000.0,0.148146,-0.023442
SIM-NCM-31-03,243,0.7497,10000.0,0.145545,-0.025704
SIM-NCM-31-03,271,0.7009,10.0,0.175123,-0.013223
SIM-NCM-31-03,271,0.7009,20.0,0.17679,-0.012262
SIM-NCM-31-03,271,0.7009,50.0,0.176941,-0.014846
SIM-NCM-31-03,271,0.7009,100.0,0.173488,-0.016589
SIM-NCM-31-03,271,0.7009,200.0,0.178694,-0.017478
SIM-NCM-31-03,271,0.7009,500.0,0.170656,-0.021277
SIM-NCM-31-03,271,0.7009,1000.0,0.173232,-0.021106
SIM-NCM-31-03,271,0.7009,2000.0,0.172638,-0.024802
SIM-NCM-31-03,271,0.7009,5000.0,0.172123,-0.023502
SIM-NCM-31-03,271,0.7009,10000.0,0.174202,-0.026496
SIM-NCM-32-01,28,0.9505,10.0,0.055004,-0.013087
SIM-NCM-32-01,28,0.9505,20.0,0.055407,-0.013982
SIM-NCM-32-01,28,0.9505,50.0,0.053317,-0.014488
SIM-NCM-32-01,28,0.9505,100.0,0.054109,-0.014501
SIM-NCM-32-01,28,0.9505,200.0,0.053637,-0.015987
SIM-NCM-32-01,28,0.9505,500.0,0.055111,-0.020575
SIM-NCM-32-01,28,0.9505,1000.0,0.054096,-0.019437
SIM-NCM-32-01,28,0.9505,2000.0,0.053432,-0.022617
SIM-NCM-32-01,28,0.9505,5000.0,0.053409,-0.024267
SIM-NCM-32-01,28,0.9505,10000.0,0.054085,-0.024558
SIM-NCM-32-01,75,0.8996,10.0,0.086733,-0.013069
SIM-NCM-32-01,75,0.8996,20.0,0.087104,-0.014658
SIM-NCM-32-01,75,0.8996,50.0,0.086945,-0.015476
SIM-NCM-32-01,75,0.8996,100.0,0.087219,-0.015544
SIM-NCM-32-01,75,0.8996,200.0,0.088242,-0.018236
SIM-NCM-32-01,75,0.8996,500.0,0.087734,-0.018929
SIM-NCM-32-01,75,0.8996,1000.0,0.087439,-0.020089
SIM-NCM-32-01,75,0.8996,2000.0,0.087784,-0.022401
SIM-NCM-32-01,75,0.8996,5000.0,0.086663,-0.023423
SIM-NCM-32-01,75,0.8996,10000.0,0.086428,-0.024486
SIM-NCM-32-01,123,0.8502,10.0,0.130348,-0.011255
SIM-NCM-32-01,123,0.8502,20.0,0.128031,-0.014655
SIM-NCM-32-01,123,0.8502,50.0,0.129095,-0.016347
SIM-NCM-32-01,123,0.8502,100.0,0.129511,-0.0157
SIM-NCM-32-01,123,0.8502,200.0,0.129417,-0.018663
SIM-NCM-32-01,123,0.8502,500.0,0.128712,-0.020325
SIM-NCM-32-01,123,0.8502,1000.0,0.128786,-0.020598
SIM-NCM-32-01,123,0.8502,2000.0,0.128822,-0.021629
SIM-NCM-32-01,123,0.8502,5000.0,0.12708,-0.021918
SIM-NCM-32-01,123,0.8502,10000.0,0.127758,-0.026604
SIM-NCM-32-01,146,0.801,10.0,0.15973,-0.012825
SIM-NCM-32-01,146,0.801,20.0,0.1586,-0.016088
SIM-NCM-32-01,146,0.801,50.0,0.156951,-0.014842
SIM-NCM-32-01,146,0.801,100.0,0.155889,-0.016902
SIM-NCM-32-01,146,0.801,200.0,0.159566,-0.017976
SIM-NCM-32-01,146,0.801,500.0,0.15816,-0.01906
SIM-NCM-32-01,146,0.801,1000.0,0.159365,-0.021864
SIM-NCM-32-01,146,0.801,2000.0,0.157838,-0.02184
SIM-NCM-32-01,146,0.801,5000.0,0.158169,-0.024608
SIM-NCM-32-01,146,0.801,10000.0,0.159658,-0.022929
SIM-NCM-32-01,168,0.7503,10.0,0.201837,-0.012462
SIM-NCM-32-01,168,0.7503,20.0,0.205335,-0.015563
SIM-NCM-32-01,168,0.7503,50.0,0.20338,-0.015846
SIM-NCM-32-01,168,0.7503,100.0,0.199455,-0.016576
SIM-NCM-32-01,168,0.7503,200.0,0.202291,-0.018268
SIM-NCM-32-01,168,0.7503,500.0,0.199868,-0.020209
SIM-NCM-32-01,168,0.7503,1000.0,0.203106,-0.022229
SIM-NCM-32-01,168,0.7503,2000.0,0.203912,-0.022484
SIM-NCM-32-01,168,0.7503,5000.0,0.201183,-0.025237
SIM-NCM-32-01,168,0.7503,10000.0,0.203156,-0.025013
SIM-NCM-32-01,189,0.7003,10.0,0.235211,-0.011459
SIM-NCM-32-01,189,0.7003,20.0,0.230933,-0.012962
SIM-NCM-32-01,189,0.7003,50.0,0.229957,-0.014472
SIM-NCM-32-01,189,0.7003,100.0,0.232945,-0.016305
SIM-NCM-32-01,189,0.7003,200.0,0.228686,-0.018205
SIM-NCM-32-01,189,0.7003,500.0,0.227894,-0.019461
SIM-NCM-32-01,189,0.7003,1000.0,0.230094,-0.021496
SIM-NCM-32-01,189,0.7003,2000.0,0.227828,-0.02303
SIM-NCM-32-01,189,0.7003,5000.0,0.234134,-0.025699
SIM-NCM-32-01,189,0.7003,10000.0,0.229719,-0.024925
SIM-NCM-32-02,27,0.9498,10.0,0.053414,-0.011564
SIM-NCM-32-02,27,0.9498,20.0,0.054123,-0.012167
SIM-NCM-32-02,27,0.9498,50.0,0.054629,-0.013275
SIM-NCM-32-02,27,0.9498,100.0,0.053871,-0.017095
SIM-NCM-32-02,27,0.9498,200.0,0.054175,-0.01788
SIM-NCM-32-02,27,0.9498,500.0,0.054753,-0.01809
SIM-NCM-32-02,27,0.9498,1000.0,0.05495,-0.021087
SIM-NCM-32-02,27,0.9498,2000.0,0.05383,-0.021267
SIM-NCM-32-02,27,0.9498,5000.0,0.053374,-0.021624
SIM-NCM-32-02,27,0.9498,10000.0,0.054114,-0.026597
SIM-NCM-32-02,76,0.9002,10.0,0.088096,-0.012094
SIM-NCM-32-02,76,0.9002,20.0,0.090194,-0.014212
SIM-NCM-32-02,76,0.9002,50.0,0.089147,-0.015796
SIM-NCM-32-02,76,0.9002,100.0,0.089076,-0.017766
SIM-NCM-32-02,76,0.9002,200.0,0.087782,-0.018769
SIM-NCM-32-02,76,0.9002,500.0,0.088525,-0.019711
SIM-NCM-32-02,76,0.9002,1000.0,0.090111,-0.019817
SIM-NCM-32-02,76,0.9002,2000.0,0.088909,-0.020821
SIM-NCM-32-02,76,0.9002,5000.0,0.08848,-0.025336
SIM-NCM-32-02,76,0.9002,10000.0,0.087978,-0.024882
SIM-NCM-32-02,122,0.8502,10.0,0.12934,-0.011914
SIM-NCM-32-02,122,0.8502,20.0,0.127678,-0.01399
SIM-NCM-32-02,122,0.8502,50.0,0.12734,-0.016172
SIM-NCM-32-02,122,0.8502,100.0,0.127209,-0.016271
SIM-NCM-32-02,122,0.8502,200.0,0.127793,-0.020877
SIM-NCM-32-02,122,0.8502,500.0,0.127251,-0.021578
SIM-NCM-32-02,122,0.8502,1000.0,0.127649,-0.02103
SIM-NCM-32-02,122,0.8502,2000.0,0.127035,-0.022958
SIM-NCM-32-02,122,0.8502,5000.0,0.126893,-0.023468
SIM-NCM-32-02,122,0.8502,10000.0,0.127003,-0.026448
SIM-NCM-32-02,148,0.7995,10.0,0.162332,-0.012666
SIM-NCM-32-02,148,0.7995,20.0,0.165392,-0.016341
SIM-NCM-32-02,148,0.7995,50.0,0.161059,-0.01421
SIM-NCM-32-02,148,0.7995,100.0,0.163266,-0.016336
SIM-NCM-32-02,148,0.7995,200.0,0.162969,-0.019602
SIM-NCM-32-02,148,0.7995,500.0,0.165368,-0.017283
SIM-NCM-32-02,148,0.7995,1000.0,0.166289,-0.021766
SIM-NCM-32-02,148,0.7995,2000.0,0.163836,-0.021988
SIM-NCM-32-02,148,0.7995,5000.0,0.164223,-0.022872
SIM-NCM-32-02,148,0.7995,10000.0,0.162687,-0.02542
SIM-NCM-32-02,169,0.7507,10.0,0.192589,-0.01299
SIM-NCM-32-02,169,0.7507,20.0,0.195084,-0.014687
SIM-NCM-32-02,169,0.7507,50.0,0.196151,-0.016636
SIM-NCM-32-02,169,0.7507,100.0,0.197003,-0.015755
SIM-NCM-32-02,169,0.7507,200.0,0.19304,-0.018722
SIM-NCM-32-02,169,0.7507,500.0,0.194323,-0.018945
SIM-NCM-32-02,169,0.7507,1000.0,0.195464,-0.02216
SIM-NCM-32-02,169,0.7507,2000.0,0.19362,-0.023351
SIM-NCM-32-02,169,0.7507,5000.0,0.195327,-0.024048
SIM-NCM-32-02,169,0.7507,10000.0,0.197007,-0.026001
SIM-NCM-32-02,190,0.7005,10.0,0.229219,-0.015921
SIM-NCM-32-02,190,0.7005,20.0,0.229874,-0.015547
SIM-NCM-32-02,190,0.7005,50.0,0.230395,-0.017479
SIM-NCM-32-02,190,0.7005,100.0,0.232488,-0.018213
SIM-NCM-32-02,190,0.7005,200.0,0.227089,-0.019074
SIM-NCM-32-02,190,0.7005,500.0,0.230629,-0.019632
SIM-NCM-32-02,190,0.7005,1000.0,0.229912,-0.020833
SIM-NCM-32-02,190,0.7005,2000.0,0.231146,-0.022281
SIM-NCM-32-02,190,0.7005,5000.0,0.225671,-0.024116
SIM-NCM-32-02,190,0.7005,10000.0,0.231476,-0.026953
SIM-NCM-32-03,27,0.9502,10.0,0.051541,-0.009794
SIM-NCM-32-03,27,0.9502,20.0,0.051379,-0.013954
SIM-NCM-32-03,27,0.9502,50.0,0.051444,-0.013735
SIM-NCM-32-03,27,0.9502,100.0,0.051997,-0.017325
SIM-NCM-32-03,27,0.9502,200.0,0.050969,-0.016251
SIM-NCM-32-03,27,0.9502,500.0,0.051964,-0.020376
SIM-NCM-32-03,27,0.9502,1000.0,0.051381,-0.018163
SIM-NCM-32-03,27,0.9502,2000.0,0.050935,-0.021833
SIM-NCM-32-03,27,0.9502,5000.0,0.051605,-0.023147
SIM-NCM-32-03,27,0.9502,10000.0,0.050507,-0.023676
SIM-NCM-32-03,75,0.8992,10.0,0.089487,-0.013545
SIM-NCM-32-03,75,0.8992,20.0,0.091113,-0.011788
SIM-NCM-32-03,75,0.8992,50.0,0.092052,-0.01597
SIM-NCM-32-03,75,0.8992,100.0,0.091257,-0.01787
SIM-NCM-32-03,75,0.8992,200.0,0.0893,-0.017824
SIM-NCM-32-03,75,0.8992,500.0,0.090327,-0.018432
SIM-NCM-32-03,75,0.8992,1000.0,0.090094,-0.020846
SIM-NCM-32-03,75,0.8992,2000.0,0.090803,-0.020888
SIM-NCM-32-03,75,0.8992,5000.0,0.090145,-0.023143
SIM-NCM-32-03,75,0.8992,10000.0,0.091579,-0.023916
SIM-NCM-32-03,121,0.8505,10.0,0.12787,-0.01235
SIM-NCM-32-03,121,0.8505,20.0,0.125939,-0.01392
SIM-NCM-32-03,121,0.8505,50.0,0.128075,-0.014808
SIM-NCM-32-03,121,0.8505,100.0,0.125962,-0.018647
SIM-NCM-32-03,121,0.8505,200.0,0.121707,-0.016468
SIM-NCM-32-03,121,0.8505,500.0,0.124943,-0.019635
SIM-NCM-32-03,121,0.8505,1000.0,0.125632,-0.020495
SIM-NCM-32-03,121,0.8505,2000.0,0.125139,-0.023537
SIM-NCM-32-03,121,0.8505,5000.0,0.127165,-0.025245
SIM-NCM-32-03,121,0.8505,10000.0,0.126365,-0.023944
SIM-NCM-32-03,159,0.7994,10.0,0.164254,-0.01315
SIM-NCM-32-03,159,0.7994,20.0,0.166047,-0.015116
SIM-NCM-32-03,159,0.7994,50.0,0.165473,-0.014581
SIM-NCM-32-03,159,0.7994,100.0,0.16455,-0.017819
SIM-NCM-32-03,159,0.7994,200.0,0.161762,-0.018318
SIM-NCM-32-03,159,0.7994,500.0,0.167123,-0.019669
SIM-NCM-32-03,159,0.7994,1000.0,0.163534,-0.021209
SIM-NCM-32-03,159,0.7994,2000.0,0.165228,-0.022496
SIM-NCM-32-03,159,0.7994,5000.0,0.163644,-0.025169
SIM-NCM-32-03,159,0.7994,10000.0,0.16629,-0.024783
SIM-NCM-32-03,181,0.75,10.0,0.193122,-0.01206
SIM-NCM-32-03,181,0.75,20.0,0.195954,-0.013589
SIM-NCM-32-03,181,0.75,50.0,0.19514,-0.017192
SIM-NCM-32-03,181,0.75,100.0,0.1928,-0.01788
SIM-NCM-32-03,181,0.75,200.0,0.195605,-0.018112
SIM-NCM-32-03,181,0.75,500.0,0.19732,-0.020249
SIM-NCM-32-03,181,0.75,1000.0,0.19645,-0.021434
SIM-NCM-32-03,181,0.75,2000.0,0.199501,-0.023748
SIM-NCM-32-03,181,0.75,5000.0,0.195681,-0.025446
SIM-NCM-32-03,181,0.75,10000.0,0.198891,-0.025665
SIM-NCM-32-03,203,0.6991,10.0,0.228984,-0.013058
SIM-NCM-32-03,203,0.6991,20.0,0.227338,-0.015147
SIM-NCM-32-03,203,0.6991,50.0,0.228038,-0.015691
SIM-NCM-32-03,203,0.6991,100.0,0.224593,-0.015809
SIM-NCM-32-03,203,0.6991,200.0,0.226117,-0.018155
SIM-NCM-32-03,203,0.6991,500.0,0.228778,-0.019963
SIM-NCM-32-03,203,0.6991,1000.0,0.22784,-0.021347
SIM-NCM-32-03,203,0.6991,2000.0,0.228648,-0.023931
SIM-NCM-32-03,203,0.6991,5000.0,0.22557,-0.026281
SIM-NCM-32-03,203,0.6991,10000.0,0.227575,-0.025683
SIM-NCM-33-01,21,0.9488,10.0,0.064002,-0.01074
SIM-NCM-33-01,21,0.9488,20.0,0.06193,-0.014644
SIM-NCM-33-01,21,0.9488,50.0,0.062853,-0.015748
SIM-NCM-33-01,21,0.9488,100.0,0.063665,-0.015373
SIM-NCM-33-01,21,0.9488,200.0,0.063207,-0.017375
SIM-NCM-33-01,21,0.9488,500.0,0.063878,-0.018874
SIM-NCM-33-01,21,0.9488,1000.0,0.062414,-0.021485
SIM-NCM-33-01,21,0.9488,2000.0,0.064188,-0.022441
SIM-NCM-33-01,21,0.9488,5000.0,0.063051,-0.022674
SIM-NCM-33-01,21,0.9488,10000.0,0.062995,-0.025046
SIM-NCM-33-01,53,0.9006,10.0,0.108627,-0.010645
SIM-NCM-33-01,53,0.9006,20.0,0.108248,-0.012913
SIM-NCM-33-01,53,0.9006,50.0,0.109347,-0.015041
SIM-NCM-33-01,53,0.9006,100.0,0.107132,-0.015296
SIM-NCM-33-01,53,0.9006,200.0,0.107106,-0.016727
SIM-NCM-33-01,53,0.9006,500.0,0.105329,-0.019948
SIM-NCM-33-01,53,0.9006,1000.0,0.107648,-0.02219
SIM-NCM-33-01,53,0.9006,2000.0,0.107585,-0.022459
SIM-NCM-33-01,53,0.9006,5000.0,0.106952,-0.024736
SIM-NCM-33-01,53,0.9006,10000.0,0.10791,-0.024197
SIM-NCM-33-01,90,0.8504,10.0,0.152338,-0.012226
SIM-NCM-33-01,90,0.8504,20.0,0.15113,-0.013326
SIM-NCM-33-01,90,0.8504,50.0,0.155495,-0.014523
SIM-NCM-33-01,90,0.8504,100.0,0.153722,-0.015531
SIM-NCM-33-01,90,0.8504,200.0,0.15268,-0.017435
SIM-NCM-33-01,90,0.8504,500.0,0.152488,-0.019779
SIM-NCM-33-01,90,0.8504,1000.0,0.153401,-0.022244
SIM-NCM-33-01,90,0.8504,2000.0,0.154539,-0.023349
SIM-NCM-33-01,90,0.8504,5000.0,0.151771,-0.023697
SIM-NCM-33-01,90,0.8504,10000.0,0.152761,-0.025426
SIM-NCM-33-01,112,0.7998,10.0,0.202269,-0.014542
SIM-NCM-33-01,112,0.7998,20.0,0.203455,-0.014296
SIM-NCM-33-01,112,0.7998,50.0,0.202208,-0.015494
SIM-NCM-33-01,112,0.7998,100.0,0.201826,-0.016833
SIM-NCM-33-01,112,0.7998,200.0,0.207692,-0.017431
SIM-NCM-33-01,112,0.7998,500.0,0.205444,-0.01974
SIM-NCM-33-01,112,0.7998,1000.0,0.201768,-0.019285
SIM-NCM-33-01,112,0.7998,2000.0,0.205054,-0.02061
SIM-NCM-33-01,112,0.7998,5000.0,0.20338,-0.022679
SIM-NCM-33-01,112,0.7998,10000.0,0.200013,-0.025564
SIM-NCM-33-01,129,0.7483,10.0,0.246727,-0.013985
SIM-NCM-33-01,129,0.7483,20.0,0.242735,-0.015883
SIM-NCM-33-01,129,0.7483,50.0,0.245205,-0.015404
SIM-NCM-33-01,129,0.7483,100.0,0.245685,-0.017671
SIM-NCM-33-01,129,0.7483,200.0,0.244642,-0.019262
SIM-NCM-33-01,129,0.7483,500.0,0.246235,-0.018997
SIM-NCM-33-01,129,0.7483,1000.0,0.249142,-0.021576
SIM-NCM-33-01,129,0.7483,2000.0,0.250525,-0.023144
SIM-NCM-33-01,129,0.7483,5000.0,0.246202,-0.024646
SIM-NCM-33-01,129,0.7483,10000.0,0.241379,-0.025035
SIM-NCM-33-01,145,0.7004,10.0,0.290426,-0.010375
SIM-NCM-33-01,145,0.7004,20.0,0.28489,-0.01361
SIM-NCM-33-01,145,0.7004,50.0,0.291533,-0.014747
SIM-NCM-33-01,145,0.7004,100.0,0.285818,-0.018568
SIM-NCM-33-01,145,0.7004,200.0,0.288988,-0.017834
SIM-NCM-33-01,145,0.7004,500.0,0.289669,-0.018511
SIM-NCM-33-01,145,0.7004,1000.0,0.288689,-0.021179
SIM-NCM-33-01,145,0.7004,2000.0,0.290095,-0.022457
SIM-NCM-33-01,145,0.7004,5000.0,0.290859,-0.02637
SIM-NCM-33-01,145,0.7004,10000.0,0.290062,-0.025848
SIM-NCM-33-02,21,0.9494,10.0,0.063525,-0.013348
SIM-NCM-33-02,21,0.9494,20.0,0.063145,-0.012852
SIM-NCM-33-02,21,0.9494,50.0,0.06349,-0.014129
SIM-NCM-33-02,21,0.9494,100.0,0.063196,-0.016426
SIM-NCM-33-02,21,0.9494,200.0,0.064003,-0.018274
SIM-NCM-33-02,21,0.9494,500.0,0.063029,-0.01689
SIM-NCM-33-02,21,0.9494,1000.0,0.06463,-0.018832
SIM-NCM-33-02,21,0.9494,2000.0,0.062634,-0.022129
SIM-NCM-33-02,21,0.9494,5000.0,0.063804,-0.023402
SIM-NCM-33-02,21,0.9494,10000.0,0.063356,-0.026154
SIM-NCM-33-02,55,0.8996,10.0,0.107696,-0.010994
SIM-NCM-33-02,55,0.8996,20.0,0.106417,-0.013488
SIM-NCM-33-02,55,0.8996,50.0,0.108617,-0.015848
SIM-NCM-33-02,55,0.8996,100.0,0.105196,-0.01602
SIM-NCM-33-02,55,0.8996,200.0,0.106726,-0.018256
SIM-NCM-33-02,55,0.8996,500.0,0.106965,-0.018858
SIM-NCM-33-02,55,0.8996,1000.0,0.108878,-0.020148
SIM-NCM-33-02,55,0.8996,2000.0,0.107309,-0.021135
SIM-NCM-33-02,55,0.8996,5000.0,0.105791,-0.023042
SIM-NCM-33-02,55,0.8996,10000.0,0.108137,-0.024466
SIM-NCM-33-02,90,0.8498,10.0,0.158383,-0.013245
SIM-NCM-33-02,90,0.8498,20.0,0.15879,-0.014497
SIM-NCM-33-02,90,0.8498,50.0,0.160883,-0.015585
SIM-NCM-33-02,90,0.8498,100.0,0.155208,-0.019604
SIM-NCM-33-02,90,0.8498,200.0,0.159732,-0.018325
SIM-NCM-33-02,90,0.8498,500.0,0.156055,-0.017443
SIM-NCM-33-02,90,0.8498,1000.0,0.156756,-0.019028
SIM-NCM-33-02,90,0.8498,2000.0,0.1548,-0.023393
SIM-NCM-33-02,90,0.8498,5000.0,0.158399,-0.024383
SIM-NCM-33-02,90,0.8498,10000.0,0.157691,-0.025571
SIM-NCM-33-02,109,0.7989,10.0,0.207076,-0.011911
SIM-NCM-33-02,109,0.7989,20.0,0.202927,-0.01469
SIM-NCM-33-02,109,0.7989,50.0,0.208485,-0.016877
SIM-NCM-33-02,109,0.7989,100.0,0.205815,-0.018887
SIM-NCM-33-02,109,0.7989,200.0,0.208608,-0.01811
SIM-NCM-33-02,109,0.7989,500.0,0.204886,-0.018709
SIM-NCM-33-02,109,0.7989,1000.0,0.208888,-0.020487
SIM-NCM-33-02,109,0.7989,2000.0,0.205553,-0.021843
SIM-NCM-33-02,109,0.7989,5000.0,0.208091,-0.02633
SIM-NCM-33-02,109,0.7989,10000.0,0.208477,-0.024656
SIM-NCM-33-02,125,0.7497,10.0,0.246958,-0.012043
SIM-NCM-33-02,125,0.7497,20.0,0.249562,-0.011955
SIM-NCM-33-02,125,0.7497,50.0,0.252048,-0.01565
SIM-NCM-33-02,125,0.7497,100.0,0.24785,-0.016821
SIM-NCM-33-02,125,0.7497,200.0,0.246613,-0.020335
SIM-NCM-33-02,125,0.7497,500.0,0.250256,-0.019266
SIM-NCM-33-02,125,0.7497,1000.0,0.249594,-0.021869
SIM-NCM-33-02,125,0.7497,2000.0,0.251736,-0.023193
SIM-NCM-33-02,125,0.7497,5000.0,0.256117,-0.023591
SIM-NCM-33-02,125,0.7497,10000.0,0.246471,-0.026394
SIM-NCM-33-02,142,0.6995,10.0,0.279042,-0.014436
SIM-NCM-33-02,142,0.6995,20.0,0.287095,-0.01283
SIM-NCM-33-02,142,0.6995,50.0,0.282533,-0.013811
SIM-NCM-33-02,142,0.6995,100.0,0.283801,-0.016919
SIM-NCM-33-02,142,0.6995,200.0,0.285364,-0.01844
SIM-NCM-33-02,142,0.6995,500.0,0.284172,-0.020628
SIM-NCM-33-02,142,0.6995,1000.0,0.279429,-0.021016
SIM-NCM-33-02,142,0.6995,2000.0,0.283302,-0.02294
SIM-NCM-33-02,142,0.6995,5000.0,0.28269,-0.027369
SIM-NCM-33-02,142,0.6995,10000.0,0.287215,-0.027002
SIM-NCM-33-03,21,0.9489,10.0,0.062284,-0.010066
SIM-NCM-33-03,21,0.9489,20.0,0.062129,-0.014467
SIM-NCM-33-03,21,0.9489,50.0,0.062728,-0.016244
SIM-NCM-33-03,21,0.9489,100.0,0.061884,-0.015253
SIM-NCM-33-03,21,0.9489,200.0,0.062943,-0.016786
SIM-NCM-33-03,21,0.9489,500.0,0.062808,-0.020286
SIM-NCM-33-03,21,0.9489,1000.0,0.063826,-0.020097
SIM-NCM-33-03,21,0.9489,2000.0,0.062751,-0.021957
SIM-NCM-33-03,21,0.9489,5000.0,0.06282,-0.021662
SIM-NCM-33-03,21,0.9489,10000.0,0.062519,-0.023441
SIM-NCM-33-03,53,0.901,10.0,0.106109,-0.012178
SIM-NCM-33-03,53,0.901,20.0,0.108386,-0.012137
SIM-NCM-33-03,53,0.901,50.0,0.106329,-0.016763
SIM-NCM-33-03,53,0.901,100.0,0.10604,-0.017153
SIM-NCM-33-03,53,0.901,200.0,0.109348,-0.017405
SIM-NCM-33-03,53,0.901,500.0,0.106972,-0.019601
SIM-NCM-33-03,53,0.901,1000.0,0.105957,-0.021242
SIM-NCM-33-03,53,0.901,2000.0,0.107481,-0.021981
SIM-NCM-33-03,53,0.901,5000.0,0.109095,-0.023246
SIM-NCM-33-03,53,0.901,10000.0,0.106825,-0.025693
SIM-NCM-33-03,91,0.8497,10.0,0.152249,-0.011727
SIM-NCM-33-03,91,0.8497,20.0,0.153014,-0.01557
SIM-NCM-33-03,91,0.8497,50.0,0.154317,-0.014033
SIM-NCM-33-03,91,0.8497,100.0,0.155275,-0.017412
SIM-NCM-33-03,91,0.8497,200.0,0.152704,-0.017552
SIM-NCM-33-03,91,0.8497,500.0,0.152083,-0.019435
SIM-NCM-33-03,91,0.8497,1000.0,0.155581,-0.019381
SIM-NCM-33-03,91,0.8497,2000.0,0.154088,-0.020867
SIM-NCM-33-03,91,0.8497,5000.0,0.155072,-0.025121
SIM-NCM-33-03,91,0.8497,10000.0,0.150686,-0.027468
SIM-NCM-33-03,114,0.7999,10.0,0.203839,-0.013002
SIM-NCM-33-03,114,0.7999,20.0,0.199653,-0.014328
SIM-NCM-33-03,114,0.7999,50.0,0.204701,-0.015563
SIM-NCM-33-03,114,0.7999,100.0,0.203113,-0.016213
SIM-NCM-33-03,114,0.7999,200.0,0.206681,-0.017433
SIM-NCM-33-03,114,0.7999,500.0,0.207703,-0.019296
SIM-NCM-33-03,114,0.7999,1000.0,0.205112,-0.023055
SIM-NCM-33-03,114,0.7999,2000.0,0.204853,-0.022129
SIM-NCM-33-03,114,0.7999,5000.0,0.203536,-0.025
SIM-NCM-33-03,114,0.7999,10000.0,0.202371,-0.022706
SIM-NCM-33-03,131,0.7488,10.0,0.249029,-0.013005
SIM-NCM-33-03,131,0.7488,20.0,0.250559,-0.013575
SIM-NCM-33-03,131,0.7488,50.0,0.251662,-0.01744
SIM-NCM-33-03,131,0.7488,100.0,0.248838,-0.017258
SIM-NCM-33-03,131,0.7488,200.0,0.253997,-0.019734
SIM-NCM-33-03,131,0.7488,500.0,0.251613,-0.020559
SIM-NCM-33-03,131,0.7488,1000.0,0.25332,-0.020808
SIM-NCM-33-03,131,0.7488,2000.0,0.252841,-0.022402
SIM-NCM-33-03,131,0.7488,5000.0,0.249297,-0.023672
SIM-NCM-33-03,131,0.7488,10000.0,0.247502,-0.025425
SIM-NCM-33-03,148,0.6985,10.0,0.303764,-0.011491
SIM-NCM-33-03,148,0.6985,20.0,0.301447,-0.014352
SIM-NCM-33-03,148,0.6985,50.0,0.300622,-0.016335
SIM-NCM-33-03,148,0.6985,100.0,0.303804,-0.018194
SIM-NCM-33-03,148,0.6985,200.0,0.30515,-0.016922
SIM-NCM-33-03,148,0.6985,500.0,0.303167,-0.021031
SIM-NCM-33-03,148,0.6985,1000.0,0.296471,-0.023898
SIM-NCM-33-03,148,0.6985,2000.0,0.302076,-0.023188
SIM-NCM-33-03,148,0.6985,5000.0,0.29732,-0.024128
SIM-NCM-33-03,148,0.6985,10000.0,0.298597,-0.027679
SIM-NCM-34-01,21,0.9503,10.0,0.04128,-0.012647
SIM-NCM-34-01,21,0.9503,20.0,0.040693,-0.013637
SIM-NCM-34-01,21,0.9503,50.0,0.041783,-0.015342
SIM-NCM-34-01,21,0.9503,100.0,0.04177,-0.016154
SIM-NCM-34-01,21,0.9503,200.0,0.041336,-0.015907
SIM-NCM-34-01,21,0.9503,500.0,0.041275,-0.020704
SIM-NCM-34-01,21,0.9503,1000.0,0.041706,-0.020352
SIM-NCM-34-01,21,0.9503,2000.0,0.041027,-0.022119
SIM-NCM-34-01,21,0.9503,5000.0,0.041417,-0.023759
SIM-NCM-34-01,21,0.9503,10000.0,0.040712,-0.024837
SIM-NCM-34-01,59,0.9006,10.0,0.066472,-0.013009
SIM-NCM-34-01,59,0.9006,20.0,0.065359,-0.011958
SIM-NCM-34-01,59,0.9006,50.0,0.066372,-0.014961
SIM-NCM-34-01,59,0.9006,100.0,0.066203,-0.015478
SIM-NCM-34-01,59,0.9006,200.0,0.066161,-0.018233
SIM-NCM-34-01,59,0.9006,500.0,0.066622,-0.019867
SIM-NCM-34-01,59,0.9006,1000.0,0.065752,-0.022099
SIM-NCM-34-01,59,0.9006,2000.0,0.065853,-0.022014
SIM-NCM-34-01,59,0.9006,5000.0,0.067773,-0.022859
SIM-NCM-34-01,59,0.9006,10000.0,0.065463,-0.026283
SIM-NCM-34-01,98,0.8495,10.0,0.096529,-0.012691
SIM-NCM-34-01,98,0.8495,20.0,0.095582,-0.014594
SIM-NCM-34-01,98,0.8495,50.0,0.095883,-0.016013
SIM-NCM-34-01,98,0.8495,100.0,0.094396,-0.016422
SIM-NCM-34-01,98,0.8495,200.0,0.094603,-0.017618
SIM-NCM-34-01,98,0.8495,500.0,0.09525,-0.019104
SIM-NCM-34-01,98,0.8495,1000.0,0.095706,-0.021534
SIM-NCM-34-01,98,0.8495,2000.0,0.097086,-0.022762
SIM-NCM-34-01,98,0.8495,5000.0,0.096059,-0.024957
SIM-NCM-34-01,98,0.8495,10000.0,0.096343,-0.026033
SIM-NCM-34-01,128,0.7998,10.0,0.121489,-0.01446
SIM-NCM-34-01,128,0.7998,20.0,0.121858,-0.014066
SIM-NCM-34-01,128,0.7998,50.0,0.121912,-0.016877
SIM-NCM-34-01,128,0.7998,100.0,0.119497,-0.014958
SIM-NCM-34-01,128,0.7998,200.0,0.123431,-0.020454
SIM-NCM-34-01,128,0.7998,500.0,0.123866,-0.018787
SIM-NCM-34-01,128,0.7998,1000.0,0.121405,-0.022322
SIM-NCM-34-01,128,0.7998,2000.0,0.12374,-0.022053
SIM-NCM-34-01,128,0.7998,5000.0,0.122437,-0.023672
SIM-NCM-34-01,128,0.7998,10000.0,0.122488,-0.025289
SIM-NCM-34-01,145,0.7514,10.0,0.153643,-0.012363
SIM-NCM-34-01,145,0.7514,20.0,0.152681,-0.013728
SIM-NCM-34-01,145,0.7514,50.0,0.152807,-0.01523
SIM-NCM-34-01,145,0.7514,100.0,0.14956,-0.017781
SIM-NCM-34-01,145,0.7514,200.0,0.148476,-0.018386
SIM-NCM-34-01,145,0.7514,500.0,0.148038,-0.020484
SIM-NCM-34-01,145,0.7514,1000.0,0.150022,-0.022524
SIM-NCM-34-01,145,0.7514,2000.0,0.148691,-0.022439
SIM-NCM-34-01,145,0.7514,5000.0,0.152156,-0.022081
SIM-NCM-34-01,145,0.7514,10000.0,0.151038,-0.025475
SIM-NCM-34-01,163,0.7002,10.0,0.1793,-0.013943
SIM-NCM-34-01,163,0.7002,20.0,0.183316,-0.014268
SIM-NCM-34-01,163,0.7002,50.0,0.182036,-0.01629
SIM-NCM-34-01,163,0.7002,100.0,0.18175,-0.017482
SIM-NCM-34-01,163,0.7002,200.0,0.187393,-0.019128
SIM-NCM-34-01,163,0.7002,500.0,0.185242,-0.020455
SIM-NCM-34-01,163,0.7002,1000.0,0.185335,-0.021453
SIM-NCM-34-01,163,0.7002,2000.0,0.181453,-0.022594
SIM-NCM-34-01,163,0.7002,5000.0,0.183475,-0.023687
SIM-NCM-34-01,163,0.7002,10000.0,0.180955,-0.026295
SIM-NCM-34-02,22,0.9493,10.0,0.043087,-0.011603
SIM-NCM-34-02,22,0.9493,20.0,0.043991,-0.013622
SIM-NCM-34-02,22,0.9493,50.0,0.042983,-0.015146
SIM-NCM-34-02,22,0.9493,100.0,0.042883,-0.016981
SIM-NCM-34-02,22,0.9493,200.0,0.043736,-0.01726
SIM-NCM-34-02,22,0.9493,500.0,0.042574,-0.017819
SIM-NCM-34-02,22,0.9493,1000.0,0.04253,-0.018798
SIM-NCM-34-02,22,0.9493,2000.0,0.043013,-0.020584
SIM-NCM-34-02,22,0.9493,5000.0,0.042403,-0.022617
SIM-NCM-34-02,22,0.9493,10000.0,0.043317,-0.021797
SIM-NCM-34-02,59,0.9,10.0,0.066942,-0.013443
SIM-NCM-34-02,59,0.9,20.0,0.066669,-0.012863
SIM-NCM-34-02,59,0.9,50.0,0.066231,-0.015819
SIM-NCM-34-02,59,0.9,100.0,0.067019,-0.016051
SIM-NCM-34-02,59,0.9,200.0,0.067966,-0.01743
SIM-NCM-34-02,59,0.9,500.0,0.066959,-0.019068
SIM-NCM-34-02,59,0.9,1000.0,0.06814,-0.021228
SIM-NCM-34-02,59,0.9,2000.0,0.065635,-0.022339
SIM-NCM-34-02,59,0.9,5000.0,0.066927,-0.022603
SIM-NCM-34-02,59,0.9,10000.0,0.067325,-0.024316
SIM-NCM-34-02,98,0.8495,10.0,0.095404,-0.012394
SIM-NCM-34-02,98,0.8495,20.0,0.094942,-0.01436
SIM-NCM-34-02,98,0.8495,50.0,0.095773,-0.016298
SIM-NCM-34-02,98,0.8495,100.0,0.095363,-0.018133
SIM-NCM-34-02,98,0.8495,200.0,0.09526,-0.01861
SIM-NCM-34-02,98,0.8495,500.0,0.09713,-0.019379
SIM-NCM-34-02,98,0.8495,1000.0,0.095693,-0.022693
SIM-NCM-34-02,98,0.8495,2000.0,0.093996,-0.022694
SIM-NCM-34-02,98,0.8495,5000.0,0.09602,-0.023655
SIM-NCM-34-02,98,0.8495,10000.0,0.09528,-0.025159
SIM-NCM-34-02,128,0.8004,10.0,0.121834,-0.012326
SIM-NCM-34-02,128,0.8004,20.0,0.124121,-0.013388
SIM-NCM-34-02,128,0.8004,50.0,0.123883,-0.015615
SIM-NCM-34-02,128,0.8004,100.0,0.123351,-0.017151
SIM-NCM-34-02,128,0.8004,200.0,0.12193,-0.017598
SIM-NCM-34-02,128,0.8004,500.0,0.121781,-0.020134
SIM-NCM-34-02,128,0.8004,1000.0,0.122498,-0.021323
SIM-NCM-34-02,128,0.8004,2000.0,0.122934,-0.021054
SIM-NCM-34-02,128,0.8004,5000.0,0.124944,-0.024561
SIM-NCM-34-02,128,0.8004,10000.0,0.122217,-0.027586
SIM-NCM-34-02,146,0.7496,10.0,0.143439,-0.013533
SIM-NCM-34-02,146,0.7496,20.0,0.144207,-0.016175
SIM-NCM-34-02,146,0.7496,50.0,0.146089,-0.014961
SIM-NCM-34-02,146,0.7496,100.0,0.144917,-0.017895
SIM-NCM-34-02,146,0.7496,200.0,0.14587,-0.018391
SIM-NCM-34-02,146,0.7496,500.0,0.146987,-0.018918
SIM-NCM-34-02,146,0.7496,1000.0,0.147497,-0.021865
SIM-NCM-34-02,146,0.7496,2000.0,0.146053,-0.023323
SIM-NCM-34-02,146,0.7496,5000.0,0.144155,-0.025585
SIM-NCM-34-02,146,0.7496,10000.0,0.146332,-0.025048
SIM-NCM-34-02,164,0.6988,10.0,0.172977,-0.013934
SIM-NCM-34-02,164,0.6988,20.0,0.169486,-0.0138
SIM-NCM-34-02,164,0.6988,50.0,0.174895,-0.016002
SIM-NCM-34-02,164,0.6988,100.0,0.174441,-0.016033
SIM-NCM-34-02,164,0.6988,200.0,0.17361,-0.018
SIM-NCM-34-02,164,0.6988,500.0,0.172968,-0.021982
SIM-NCM-34-02,164,0.6988,1000.0,0.173363,-0.022736
SIM-NCM-34-02,164,0.6988,2000.0,0.171158,-0.023453
SIM-NCM-34-02,164,0.6988,5000.0,0.167344,-0.026816
SIM-NCM-34-02,164,0.6988,10000.0,0.169346,-0.026964
SIM-NCM-34-03,22,0.9494,10.0,0.042165,-0.012002
SIM-NCM-34-03,22,0.9494,20.0,0.042705,-0.014213
SIM-NCM-34-03,22,0.9494,50.0,0.043059,-0.016457
SIM-NCM-34-03,22,0.9494,100.0,0.042473,-0.018049
SIM-NCM-34-03,22,0.9494,200.0,0.042808,-0.0186
SIM-NCM-34-03,22,0.9494,500.0,0.041381,-0.019023
SIM-NCM-34-03,22,0.9494,1000.0,0.043011,-0.018856
SIM-NCM-34-03,22,0.9494,2000.0,0.042134,-0.020288
SIM-NCM-34-03,22,0.9494,5000.0,0.04189,-0.022594
SIM-NCM-34-03,22,0.9494,10000.0,0.042935,-0.025616
SIM-NCM-34-03,59,0.9003,10.0,0.067555,-0.012408
SIM-NCM-34-03,59,0.9003,20.0,0.06721,-0.013464
SIM-NCM-34-03,59,0.9003,50.0,0.067676,-0.014154
SIM-NCM-34-03,59,0.9003,100.0,0.067007,-0.017045
SIM-NCM-34-03,59,0.9003,200.0,0.067516,-0.01595
SIM-NCM-34-03,59,0.9003,500.0,0.066205,-0.020118
SIM-NCM-34-03,59,0.9003,1000.0,0.065515,-0.020686
SIM-NCM-34-03,59,0.9003,2000.0,0.067303,-0.020754
SIM-NCM-34-03,59,0.9003,5000.0,0.066296,-0.022795
SIM-NCM-34-03,59,0.9003,10000.0,0.067134,-0.02518
SIM-NCM-34-03,98,0.8504,10.0,0.093236,-0.013383
SIM-NCM-34-03,98,0.8504,20.0,0.093709,-0.011622
SIM-NCM-34-03,98,0.8504,50.0,0.093355,-0.014176
SIM-NCM-34-03,98,0.8504,100.0,0.092303,-0.015635
SIM-NCM-34-03,98,0.8504,200.0,0.0939,-0.016641
SIM-NCM-34-03,98,0.8504,500.0,0.094379,-0.019797
SIM-NCM-34-03,98,0.8504,1000.0,0.093636,-0.023184
SIM-NCM-34-03,98,0.8504,2000.0,0.094116,-0.022511
SIM-NCM-34-03,98,0.8504,5000.0,0.09555,-0.022934
SIM-NCM-34-03,98,0.8504,10000.0,0.095192,-0.025868
SIM-NCM-34-03,118,0.7996,10.0,0.120784,-0.012191
SIM-NCM-34-03,118,0.7996,20.0,0.11949,-0.015867
SIM-NCM-34-03,118,0.7996,50.0,0.121216,-0.015766
SIM-NCM-34-03,118,0.7996,100.0,0.119164,-0.017323
SIM-NCM-34-03,118,0.7996,200.0,0.119328,-0.016921
SIM-NCM-34-03,118,0.7996,500.0,0.119677,-0.019977
SIM-NCM-34-03,118,0.7996,1000.0,0.119938,-0.021658
SIM-NCM-34-03,118,0.7996,2000.0,0.119708,-0.024172
SIM-NCM-34-03,118,0.7996,5000.0,0.118783,-0.022753
SIM-NCM-34-03,118,0.7996,10000.0,0.120841,-0.024095
SIM-NCM-34-03,136,0.7489,10.0,0.151837,-0.011444
SIM-NCM-34-03,136,0.7489,20.0,0.146735,-0.014338
SIM-NCM-34-03,136,0.7489,50.0,0.150688,-0.014339
SIM-NCM-34-03,136,0.7489,100.0,0.15126,-0.016762
SIM-NCM-34-03,136,0.7489,200.0,0.150715,-0.018795
SIM-NCM-34-03,136,0.7489,500.0,0.153134,-0.020987
SIM-NCM-34-03,136,0.7489,1000.0,0.152703,-0.021417
SIM-NCM-34-03,136,0.7489,2000.0,0.148555,-0.021315
SIM-NCM-34-03,136,0.7489,5000.0,0.14765,-0.025606
SIM-NCM-34-03,136,0.7489,10000.0,0.150676,-0.026004
SIM-NCM-34-03,154,0.6987,10.0,0.177935,-0.013699
SIM-NCM-34-03,154,0.6987,20.0,0.176357,-0.014621
SIM-NCM-34-03,154,0.6987,50.0,0.176775,-0.018126
SIM-NCM-34-03,154,0.6987,100.0,0.176754,-0.017087
SIM-NCM-34-03,154,0.6987,200.0,0.179084,-0.019387
SIM-NCM-34-03,154,0.6987,500.0,0.174308,-0.018686
SIM-NCM-34-03,154,0.6987,1000.0,0.174711,-0.022476
SIM-NCM-34-03,154,0.6987,2000.0,0.177792,-0.02387
SIM-NCM-34-03,154,0.6987,5000.0,0.174997,-0.023874
SIM-NCM-34-03,154,0.6987,10000.0,0.175016,-0.025845
SIM-NCM-35-01,16,0.9493,10.0,0.051866,-0.012472
SIM-NCM-35-01,16,0.9493,20.0,0.051641,-0.012274
SIM-NCM-35-01,16,0.9493,50.0,0.051346,-0.013254
SIM-NCM-35-01,16,0.9493,100.0,0.050928,-0.016643
SIM-NCM-35-01,16,0.9493,200.0,0.051899,-0.021419
SIM-NCM-35-01,16,0.9493,500.0,0.051362,-0.01877
SIM-NCM-35-01,16,0.9493,1000.0,0.05137,-0.019507
SIM-NCM-35-01,16,0.9493,2000.0,0.050789,-0.02129
SIM-NCM-35-01,16,0.9493,5000.0,0.050935,-0.023419
SIM-NCM-35-01,16,0.9493,10000.0,0.050821,-0.024173
SIM-NCM-35-01,39,0.9,10.0,0.090654,-0.011958
SIM-NCM-35-01,39,0.9,20.0,0.092193,-0.014362
SIM-NCM-35-01,39,0.9,50.0,0.091556,-0.014589
SIM-NCM-35-01,39,0.9,100.0,0.091195,-0.016494
SIM-NCM-35-01,39,0.9,200.0,0.089617,-0.018102
SIM-NCM-35-01,39,0.9,500.0,0.090069,-0.017791
SIM-NCM-35-01,39,0.9,1000.0,0.089345,-0.021829
SIM-NCM-35-01,39,0.9,2000.0,0.091889,-0.020462
SIM-NCM-35-01,39,0.9,5000.0,0.091059,-0.023945
SIM-NCM-35-01,39,0.9,10000.0,0.089888,-0.023703
SIM-NCM-35-01,68,0.8497,10.0,0.122418,-0.012135
SIM-NCM-35-01,68,0.8497,20.0,0.123077,-0.01457
SIM-NCM-35-01,68,0.8497,50.0,0.121913,-0.014919
SIM-NCM-35-01,68,0.8497,100.0,0.123169,-0.016618
SIM-NCM-35-01,68,0.8497,200.0,0.124507,-0.017785
SIM-NCM-35-01,68,0.8497,500.0,0.122217,-0.020954
SIM-NCM-35-01,68,0.8497,1000.0,0.124429,-0.021755
SIM-NCM-35-01,68,0.8497,2000.0,0.122779,-0.022103
SIM-NCM-35-01,68,0.8497,5000.0,0.124019,-0.02382
SIM-NCM-35-01,68,0.8497,10000.0,0.121147,-0.024971
SIM-NCM-35-01,86,0.8014,10.0,0.162144,-0.011537
SIM-NCM-35-01,86,0.8014,20.0,0.160866,-0.015
SIM-NCM-35-01,86,0.8014,50.0,0.162423,-0.016484
SIM-NCM-35-01,86,0.8014,100.0,0.164593,-0.01781
SIM-NCM-35-01,86,0.8014,200.0,0.165759,-0.019594
SIM-NCM-35-01,86,0.8014,500.0,0.161838,-0.019291
SIM-NCM-35-01,86,0.8014,1000.0,0.165145,-0.021061
SIM-NCM-35-01,86,0.8014,2000.0,0.161322,-0.022538
SIM-NCM-35-01,86,0.8014,5000.0,0.162672,-0.024735
SIM-NCM-35-01,86,0.8014,10000.0,0.16215,-0.024215
SIM-NCM-35-01,100,0.7486,10.0,0.20291,-0.011919
SIM-NCM-35-01,100,0.7486,20.0,0.205454,-0.01569
SIM-NCM-35-01,100,0.7486,50.0,0.205012,-0.015228
SIM-NCM-35-01,100,0.7486,100.0,0.206602,-0.015963
SIM-NCM-35-01,100,0.7486,200.0,0.20255,-0.016691
SIM-NCM-35-01,100,0.7486,500.0,0.204128,-0.019448
SIM-NCM-35-01,100,0.7486,1000.0,0.207704,-0.020091
SIM-NCM-35-01,100,0.7486,2000.0,0.20549,-0.023963
SIM-NCM-35-01,100,0.7486,5000.0,0.204731,-0.025168
SIM-NCM-35-01,100,0.7486,10000.0,0.204108,-0.025648
SIM-NCM-35-01,113,0.6996,10.0,0.229059,-0.012309
SIM-NCM-35-01,113,0.6996,20.0,0.2323,-0.015579
SIM-NCM-35-01,113,0.6996,50.0,0.229212,-0.016616
SIM-NCM-35-01,113,0.6996,100.0,0.235476,-0.017805
SIM-NCM-35-01,113,0.6996,200.0,0.231249,-0.019054
SIM-NCM-35-01,113,0.6996,500.0,0.234642,-0.021387
SIM-NCM-35-01,113,0.6996,1000.0,0.232668,-0.021119
SIM-NCM-35-01,113,0.6996,2000.0,0.237521,-0.022513
SIM-NCM-35-01,113,0.6996,5000.0,0.233002,-0.025026
SIM-NCM-35-01,113,0.6996,10000.0,0.232741,-0.0265
SIM-NCM-35-02,17,0.949,10.0,0.054202,-0.012796
SIM-NCM-35-02,17,0.949,20.0,0.053291,-0.013681
SIM-NCM-35-02,17,0.949,50.0,0.053565,-0.013886
SIM-NCM-35-02,17,0.949,100.0,0.053932,-0.015719
SIM-NCM-35-02,17,0.949,200.0,0.053442,-0.018598
SIM-NCM-35-02,17,0.949,500.0,0.052931,-0.018484
SIM-NCM-35-02,17,0.949,1000.0,0.053197,-0.019366
SIM-NCM-35-02,17,0.949,2000.0,0.053852,-0.022246
SIM-NCM-35-02,17,0.949,5000.0,0.053535,-0.022432
SIM-NCM-35-02,17,0.949,10000.0,0.053929,-0.024282
SIM-NCM-35-02,40,0.8998,10.0,0.08857,-0.013475
SIM-NCM-35-02,40,0.8998,20.0,0.089413,-0.013258
SIM-NCM-35-02,40,0.8998,50.0,0.088356,-0.014454
SIM-NCM-35-02,40,0.8998,100.0,0.090649,-0.015219
SIM-NCM-35-02,40,0.8998,200.0,0.089977,-0.017685
SIM-NCM-35-02,40,0.8998,500.0,0.089591,-0.018664
SIM-NCM-35-02,40,0.8998,1000.0,0.090268,-0.020204
SIM-NCM-35-02,40,0.8998,2000.0,0.089275,-0.020559
SIM-NCM-35-02,40,0.8998,5000.0,0.087795,-0.020928
SIM-NCM-35-02,40,0.8998,10000.0,0.08893,-0.024573
SIM-NCM-35-02,68,0.8499,10.0,0.12518,-0.011998
SIM-NCM-35-02,68,0.8499,20.0,0.12767,-0.013493
SIM-NCM-35-02,68,0.8499,50.0,0.125636,-0.017162
SIM-NCM-35-02,68,0.8499,100.0,0.124386,-0.017776
SIM-NCM-35-02,68,0.8499,200.0,0.125907,-0.018094
SIM-NCM-35-02,68,0.8499,500.0,0.125538,-0.018999
SIM-NCM-35-02,68,0.8499,1000.0,0.127864,-0.019218
SIM-NCM-35-02,68,0.8499,2000.0,0.124369,-0.023489
SIM-NCM-35-02,68,0.8499,5000.0,0.125356,-0.024364
SIM-NCM-35-02,68,0.8499,10000.0,0.126746,-0.024187
SIM-NCM-35-02,90,0.7986,10.0,0.166367,-0.012472
SIM-NCM-35-02,90,0.7986,20.0,0.168454,-0.011626
SIM-NCM-35-02,90,0.7986,50.0,0.169567,-0.014646
SIM-NCM-35-02,90,0.7986,100.0,0.167618,-0.017086
SIM-NCM-35-02,90,0.7986,200.0,0.166589,-0.017389
SIM-NCM-35-02,90,0.7986,500.0,0.166638,-0.017381
SIM-NCM-35-02,90,0.7986,1000.0,0.166182,-0.021435
SIM-NCM-35-02,90,0.7986,2000.0,0.168229,-0.023136
SIM-NCM-35-02,90,0.7986,5000.0,0.167763,-0.02389
SIM-NCM-35-02,90,0.7986,10000.0,0.167976,-0.025052
SIM-NCM-35-02,103,0.7498,10.0,0.194722,-0.016192
SIM-NCM-35-02,103,0.7498,20.0,0.19981,-0.014129
SIM-NCM-35-02,103,0.7498,50.0,0.194787,-0.01622
SIM-NCM-35-02,103,0.7498,100.0,0.193112,-0.016282
SIM-NCM-35-02,103,0.7498,200.0,0.193455,-0.019254
SIM-NCM-35-02,103,0.7498,500.0,0.19074,-0.02058
SIM-NCM-35-02,103,0.7498,1000.0,0.193216,-0.020796
SIM-NCM-35-02,103,0.7498,2000.0,0.19389,-0.02193
SIM-NCM-35-02,103,0.7498,5000.0,0.194213,-0.024986
SIM-NCM-35-02,103,0.7498,10000.0,0.193716,-0.0261
SIM-NCM-35-02,116,0.7016,10.0,0.23666,-0.013461
SIM-NCM-35-02,116,0.7016,20.0,0.241848,-0.014915
SIM-NCM-35-02,116,0.7016,50.0,0.239998,-0.015751
SIM-NCM-35-02,116,0.7016,100.0,0.244414,-0.018068
SIM-NCM-35-02,116,0.7016,200.0,0.243715,-0.019034
SIM-NCM-35-02,116,0.7016,500.0,0.241939,-0.021778
SIM-NCM-35-02,116,0.7016,1000.0,0.239454,-0.021228
SIM-NCM-35-02,116,0.7016,2000.0,0.232875,-0.022181
SIM-NCM-35-02,116,0.7016,5000.0,0.242423,-0.024559
SIM-NCM-35-02,116,0.7016,10000.0,0.240022,-0.028275
SIM-NCM-35-03,16,0.9517,10.0,0.050107,-0.011189
SIM-NCM-35-03,16,0.9517,20.0,0.049422,-0.014448
SIM-NCM-35-03,16,0.9517,50.0,0.050484,-0.014707
SIM-NCM-35-03,16,0.9517,100.0,0.049846,-0.016161
SIM-NCM-35-03,16,0.9517,200.0,0.050786,-0.017174
SIM-NCM-35-03,16,0.9517,500.0,0.05087,-0.020449
SIM-NCM-35-03,16,0.9517,1000.0,0.04964,-0.020646
SIM-NCM-35-03,16,0.9517,2000.0,0.050572,-0.021728
SIM-NCM-35-03,16,0.9517,5000.0,0.050855,-0.023226
SIM-NCM-35-03,16,0.9517,10000.0,0.049717,-0.025246
SIM-NCM-35-03,38,0.8998,10.0,0.083898,-0.011924
SIM-NCM-35-03,38,0.8998,20.0,0.084823,-0.013364
SIM-NCM-35-03,38,0.8998,50.0,0.084173,-0.015773
SIM-NCM-35-03,38,0.8998,100.0,0.083968,-0.015254
SIM-NCM-35-03,38,0.8998,200.0,0.083697,-0.017479
SIM-NCM-35-03,38,0.8998,500.0,0.083807,-0.019659
SIM-NCM-35-03,38,0.8998,1000.0,0.082867,-0.020186
SIM-NCM-35-03,38,0.8998,2000.0,0.084824,-0.021627
SIM-NCM-35-03,38,0.8998,5000.0,0.08502,-0.02153
SIM-NCM-35-03,38,0.8998,10000.0,0.083813,-0.024792
SIM-NCM-35-03,67,0.8505,10.0,0.121242,-0.012768
SIM-NCM-35-03,67,0.8505,20.0,0.121821,-0.01332
SIM-NCM-35-03,67,0.8505,50.0,0.121492,-0.01603
SIM-NCM-35-03,67,0.8505,100.0,0.121707,-0.017825
SIM-NCM-35-03,67,0.8505,200.0,0.122778,-0.019658
SIM-NCM-35-03,67,0.8505,500.0,0.120665,-0.019461
SIM-NCM-35-03,67,0.8505,1000.0,0.122759,-0.020324
SIM-NCM-35-03,67,0.8505,2000.0,0.120406,-0.022193
SIM-NCM-35-03,67,0.8505,5000.0,0.121812,-0.02504
SIM-NCM-35-03,67,0.8505,10000.0,0.121168,-0.023772
SIM-NCM-35-03,83,0.7996,10.0,0.160917,-0.012697
SIM-NCM-35-03,83,0.7996,20.0,0.162556,-0.013642
SIM-NCM-35-03,83,0.7996,50.0,0.164222,-0.015552
SIM-NCM-35-03,83,0.7996,100.0,0.160754,-0.01718
SIM-NCM-35-03,83,0.7996,200.0,0.161887,-0.018811
SIM-NCM-35-03,83,0.7996,500.0,0.160486,-0.020628
SIM-NCM-35-03,83,0.7996,1000.0,0.162815,-0.021594
SIM-NCM-35-03,83,0.7996,2000.0,0.161764,-0.022611
SIM-NCM-35-03,83,0.7996,5000.0,0.161947,-0.02566
SIM-NCM-35-03,83,0.7996,10000.0,0.157758,-0.025773
SIM-NCM-35-03,96,0.7502,10.0,0.194899,-0.011397
SIM-NCM-35-03,96,0.7502,20.0,0.193645,-0.013637
SIM-NCM-35-03,96,0.7502,50.0,0.19731,-0.015675
SIM-NCM-35-03,96,0.7502,100.0,0.192936,-0.019048
SIM-NCM-35-03,96,0.7502,200.0,0.189545,-0.017454
SIM-NCM-35-03,96,0.7502,500.0,0.193656,-0.019199
SIM-NCM-35-03,96,0.7502,1000.0,0.193575,-0.021742
SIM-NCM-35-03,96,0.7502,2000.0,0.197035,-0.022609
SIM-NCM-35-03,96,0.7502,5000.0,0.193827,-0.026072
SIM-NCM-35-03,96,0.7502,10000.0,0.190827,-0.025826
SIM-NCM-35-03,109,0.7011,10.0,0.232702,-0.013551
SIM-NCM-35-03,109,0.7011,20.0,0.232199,-0.014396
SIM-NCM-35-03,109,0.7011,50.0,0.235971,-0.014913
SIM-NCM-35-03,109,0.7011,100.0,0.233292,-0.017299
SIM-NCM-35-03,109,0.7011,200.0,0.235619,-0.018192
SIM-NCM-35-03,109,0.7011,500.0,0.23319,-0.021083
SIM-NCM-35-03,109,0.7011,1000.0,0.234496,-0.019406
SIM-NCM-35-03,109,0.7011,2000.0,0.230014,-0.024365
SIM-NCM-35-03,109,0.7011,5000.0,0.23776,-0.024973
SIM-NCM-35-03,109,0.7011,10000.0,0.230555,-0.025972
SIM-NCM-36-01,13,0.9481,10.0,0.061418,-0.01195
SIM-NCM-36-01,13,0.9481,20.0,0.062156,-0.013445
SIM-NCM-36-01,13,0.9481,50.0,0.061893,-0.013806
SIM-NCM-36-01,13,0.9481,100.0,0.061889,-0.015327
SIM-NCM-36-01,13,0.9481,200.0,0.060538,-0.01597
SIM-NCM-36-01,13,0.9481,500.0,0.061423,-0.018039
SIM-NCM-36-01,13,0.9481,1000.0,0.061139,-0.019415
SIM-NCM-36-01,13,0.9481,2000.0,0.06207,-0.022466
SIM-NCM-36-01,13,0.9481,5000.0,0.061379,-0.02427
SIM-NCM-36-01,13,0.9481,10000.0,0.061298,-0.025931
SIM-NCM-36-01,25,0.9002,10.0,0.105998,-0.012425
SIM-NCM-36-01,25,0.9002,20.0,0.107533,-0.01418
SIM-NCM-36-01,25,0.9002,50.0,0.105519,-0.018319
SIM-NCM-36-01,25,0.9002,100.0,0.105146,-0.01552
SIM-NCM-36-01,25,0.9002,200.0,0.104842,-0.017293
SIM-NCM-36-01,25,0.9002,500.0,0.105353,-0.019345
SIM-NCM-36-01,25,0.9002,1000.0,0.105127,-0.020479
SIM-NCM-36-01,25,0.9002,2000.0,0.104851,-0.022936
SIM-NCM-36-01,25,0.9002,5000.0,0.105981,-0.024601
SIM-NCM-36-01,25,0.9002,10000.0,0.106091,-0.023616
SIM-NCM-36-01,48,0.8495,10.0,0.158864,-0.012413
SIM-NCM-36-01,48,0.8495,20.0,0.161494,-0.014101
SIM-NCM-36-01,48,0.8495,50.0,0.159473,-0.01627
SIM-NCM-36-01,48,0.8495,100.0,0.16131,-0.013506
SIM-NCM-36-01,48,0.8495,200.0,0.16146,-0.018748
SIM-NCM-36-01,48,0.8495,500.0,0.159752,-0.019262
SIM-NCM-36-01,48,0.8495,1000.0,0.15786,-0.019656
SIM-NCM-36-01,48,0.8495,2000.0,0.162289,-0.023793
SIM-NCM-36-01,48,0.8495,5000.0,0.158666,-0.0265
SIM-NCM-36-01,48,0.8495,10000.0,0.16099,-0.024536
SIM-NCM-36-01,61,0.8003,10.0,0.201428,-0.011579
SIM-NCM-36-01,61,0.8003,20.0,0.2015,-0.014565
SIM-NCM-36-01,61,0.8003,50.0,0.205401,-0.016514
SIM-NCM-36-01,61,0.8003,100.0,0.201684,-0.017677
SIM-NCM-36-01,61,0.8003,200.0,0.20098,-0.018452
SIM-NCM-36-01,61,0.8003,500.0,0.197888,-0.020229
SIM-NCM-36-01,61,0.8003,1000.0,0.198454,-0.020789
SIM-NCM-36-01,61,0.8003,2000.0,0.199165,-0.022086
SIM-NCM-36-01,61,0.8003,5000.0,0.202368,-0.021988
SIM-NCM-36-01,61,0.8003,10000.0,0.203188,-0.025303
SIM-NCM-36-01,72,0.7499,10.0,0.253996,-0.012374
SIM-NCM-36-01,72,0.7499,20.0,0.253779,-0.013631
SIM-NCM-36-01,72,0.7499,50.0,0.259939,-0.015439
SIM-NCM-36-01,72,0.7499,100.0,0.25048,-0.017361
SIM-NCM-36-01,72,0.7499,200.0,0.260372,-0.017686
SIM-NCM-36-01,72,0.7499,500.0,0.257531,-0.0205
SIM-NCM-36-01,72,0.7499,1000.0,0.254749,-0.0205
SIM-NCM-36-01,72,0.7499,2000.0,0.25816,-0.023552
SIM-NCM-36-01,72,0.7499,5000.0,0.255425,-0.024469
SIM-NCM-36-01,72,0.7499,10000.0,0.252857,-0.025687
SIM-NCM-36-01,82,0.7005,10.0,0.287372,-0.011876
SIM-NCM-36-01,82,0.7005,20.0,0.290325,-0.014824
SIM-NCM-36-01,82,0.7005,50.0,0.288275,-0.016992
SIM-NCM-36-01,82,0.7005,100.0,0.290166,-0.016033
SIM-NCM-36-01,82,0.7005,200.0,0.28375,-0.018836
SIM-NCM-36-01,82,0.7005,500.0,0.289344,-0.019166
SIM-NCM-36-01,82,0.7005,1000.0,0.28861,-0.021409
SIM-NCM-36-01,82,0.7005,2000.0,0.291274,-0.022121
SIM-NCM-36-01,82,0.7005,5000.0,0.284678,-0.023129
SIM-NCM-36-01,82,0.7005,10000.0,0.287755,-0.027567
SIM-NCM-36-02,12,0.9502,10.0,0.059789,-0.012105
SIM-NCM-36-02,12,0.9502,20.0,0.05952,-0.013005
SIM-NCM-36-02,12,0.9502,50.0,0.059574,-0.014188
SIM-NCM-36-02,12,0.9502,100.0,0.058441,-0.015503
SIM-NCM-36-02,12,0.9502,200.0,0.059485,-0.016603
SIM-NCM-36-02,12,0.9502,500.0,0.059489,-0.020061
SIM-NCM-36-02,12,0.9502,1000.0,0.059442,-0.021584
SIM-NCM-36-02,12,0.9502,2000.0,0.059006,-0.023141
SIM-NCM-36-02,12,0.9502,5000.0,0.059378,-0.024113
SIM-NCM-36-02,12,0.9502,10000.0,0.059338,-0.024423
SIM-NCM-36-02,25,0.9002,10.0,0.107153,-0.013009
SIM-NCM-36-02,25,0.9002,20.0,0.106949,-0.014788
SIM-NCM-36-02,25,0.9002,50.0,0.106081,-0.016363
SIM-NCM-36-02,25,0.9002,100.0,0.109723,-0.015023
SIM-NCM-36-02,25,0.9002,200.0,0.106953,-0.017487
SIM-NCM-36-02,25,0.9002,500.0,0.107408,-0.018934
SIM-NCM-36-02,25,0.9002,1000.0,0.109693,-0.019429
SIM-NCM-36-02,25,0.9002,2000.0,0.109659,-0.021855
SIM-NCM-36-02,25,0.9002,5000.0,0.106689,-0.021539
SIM-NCM-36-02,25,0.9002,10000.0,0.107655,-0.024189
SIM-NCM-36-02,48,0.8508,10.0,0.155874,-0.011201
SIM-NCM-36-02,48,0.8508,20.0,0.155402,-0.013701
SIM-NCM-36-02,48,0.8508,50.0,0.15429,-0.014926
SIM-NCM-36-02,48,0.8508,100.0,0.152777,-0.015603
SIM-NCM-36-02,48,0.8508,200.0,0.156141,-0.016669
SIM-NCM-36-02,48,0.8508,500.0,0.155721,-0.019093
SIM-NCM-36-02,48,0.8508,1000.0,0.155715,-0.021008
SIM-NCM-36-02,48,0.8508,2000.0,0.154179,-0.021406
SIM-NCM-36-02,48,0.8508,5000.0,0.155552,-0.023817
SIM-NCM-36-02,48,0.8508,10000.0,0.156788,-0.02637
SIM-NCM-36-02,62,0.7994,10.0,0.199896,-0.011276
SIM-NCM-36-02,62,0.7994,20.0,0.195549,-0.014428
SIM-NCM-36-02,62,0.7994,50.0,0.202705,-0.015881
SIM-NCM-36-02,62,0.7994,100.0,0.197836,-0.01786
SIM-NCM-36-02,62,0.7994,200.0,0.198006,-0.019162
SIM-NCM-36-02,62,0.7994,500.0,0.196452,-0.019269
SIM-NCM-36-02,62,0.7994,1000.0,0.194869,-0.022105
SIM-NCM-36-02,62,0.7994,2000.0,0.194169,-0.021934
SIM-NCM-36-02,62,0.7994,5000.0,0.198591,-0.023613
SIM-NCM-36-02,62,0.7994,10000.0,0.194422,-0.025851
SIM-NCM-36-02,72,0.7493,10.0,0.249684,-0.011375
SIM-NCM-36-02,72,0.7493,20.0,0.246291,-0.013585
SIM-NCM-36-02,72,0.7493,50.0,0.247827,-0.015725
SIM-NCM-36-02,72,0.7493,100.0,0.245534,-0.019042
SIM-NCM-36-02,72,0.7493,200.0,0.246731,-0.017523
SIM-NCM-36-02,72,0.7493,500.0,0.246731,-0.019531
SIM-NCM-36-02,72,0.7493,1000.0,0.243591,-0.020251
SIM-NCM-36-02,72,0.7493,2000.0,0.24507,-0.021917
SIM-NCM-36-02,72,0.7493,5000.0,0.250357,-0.023228
SIM-NCM-36-02,72,0.7493,10000.0,0.248607,-0.026555
SIM-NCM-36-02,82,0.7006,10.0,0.302749,-0.013339
SIM-NCM-36-02,82,0.7006,20.0,0.308255,-0.015483
SIM-NCM-36-02,82,0.7006,50.0,0.308324,-0.016641
SIM-NCM-36-02,82,0.7006,100.0,0.306038,-0.018169
SIM-NCM-36-02,82,0.7006,200.0,0.301907,-0.019944
SIM-NCM-36-02,82,0.7006,500.0,0.299421,-0.020434
SIM-NCM-36-02,82,0.7006,1000.0,0.302167,-0.021696
SIM-NCM-36-02,82,0.7006,2000.0,0.300649,-0.024636
SIM-NCM-36-02,82,0.7006,5000.0,0.305335,-0.025184
SIM-NCM-36-02,82,0.7006,10000.0,0.301497,-0.025676
SIM-NCM-36-03,12,0.9514,10.0,0.059885,-0.011821
SIM-NCM-36-03,12,0.9514,20.0,0.059578,-0.011939
SIM-NCM-36-03,12,0.9514,50.0,0.059815,-0.014667
SIM-NCM-36-03,12,0.9514,100.0,0.058446,-0.016399
SIM-NCM-36-03,12,0.9514,200.0,0.059522,-0.018169
SIM-NCM-36-03,12,0.9514,500.0,0.06031,-0.019629
SIM-NCM-36-03,12,0.9514,1000.0,0.059885,-0.020987
SIM-NCM-36-03,12,0.9514,2000.0,0.059171,-0.020715
SIM-NCM-36-03,12,0.9514,5000.0,0.058845,-0.022896
SIM-NCM-36-03,12,0.9514,10000.0,0.060244,-0.023503
SIM-NCM-36-03,25,0.899,10.0,0.109584,-0.012681
SIM-NCM-36-03,25,0.899,20.0,0.10866,-0.013878
SIM-NCM-36-03,25,0.899,50.0,0.109862,-0.013773
SIM-NCM-36-03,25,0.899,100.0,0.10884,-0.014638
SIM-NCM-36-03,25,0.899,200.0,0.110115,-0.016095
SIM-NCM-36-03,25,0.899,500.0,0.106443,-0.019947
SIM-NCM-36-03,25,0.899,1000.0,0.10885,-0.021705
SIM-NCM-36-03,25,0.899,2000.0,0.10847,-0.022528
SIM-NCM-36-03,25,0.899,5000.0,0.110067,-0.024513
SIM-NCM-36-03,25,0.899,10000.0,0.109181,-0.024296
SIM-NCM-36-03,47,0.8513,10.0,0.158933,-0.014243
SIM-NCM-36-03,47,0.8513,20.0,0.161431,-0.014098
SIM-NCM-36-03,47,0.8513,50.0,0.158694,-0.014689
SIM-NCM-36-03,47,0.8513,100.0,0.158682,-0.017586
SIM-NCM-36-03,47,0.8513,200.0,0.157627,-0.01809
SIM-NCM-36-03,47,0.8513,500.0,0.158273,-0.018023
SIM-NCM-36-03,47,0.8513,1000.0,0.157815,-0.020597
SIM-NCM-36-03,47,0.8513,2000.0,0.157676,-0.023559
SIM-NCM-36-03,47,0.8513,5000.0,0.157872,-0.023242
SIM-NCM-36-03,47,0.8513,10000.0,0.155381,-0.026337
SIM-NCM-36-03,62,0.7982,10.0,0.196915,-0.013938
SIM-NCM-36-03,62,0.7982,20.0,0.199901,-0.014888
SIM-NCM-36-03,62,0.7982,50.0,0.198459,-0.014897
SIM-NCM-36-03,62,0.7982,100.0,0.196586,-0.017195
SIM-NCM-36-03,62,0.7982,200.0,0.197281,-0.017779
SIM-NCM-36-03,62,0.7982,500.0,0.196073,-0.019502
SIM-NCM-36-03,62,0.7982,1000.0,0.193993,-0.023336
SIM-NCM-36-03,62,0.7982,2000.0,0.198709,-0.022384
SIM-NCM-36-03,62,0.7982,5000.0,0.196869,-0.023204
SIM-NCM-36-03,62,0.7982,10000.0,0.19753,-0.025196
SIM-NCM-36-03,72,0.7481,10.0,0.240001,-0.012622
SIM-NCM-36-03,72,0.7481,20.0,0.236251,-0.014299
SIM-NCM-36-03,72,0.7481,50.0,0.237717,-0.017321
SIM-NCM-36-03,72,0.7481,100.0,0.239231,-0.01766
SIM-NCM-36-03,72,0.7481,200.0,0.237307,-0.019384
SIM-NCM-36-03,72,0.7481,500.0,0.23472,-0.020345
SIM-NCM-36-03,72,0.7481,1000.0,0.238125,-0.022211
SIM-NCM-36-03,72,0.7481,2000.0,0.234252,-0.0213
SIM-NCM-36-03,72,0.7481,5000.0,0.238058,-0.023705
SIM-NCM-36-03,72,0.7481,10000.0,0.237232,-0.026472
SIM-NCM-36-03,82,0.6994,10.0,0.301316,-0.013295
SIM-NCM-36-03,82,0.6994,20.0,0.303117,-0.015511
SIM-NCM-36-03,82,0.6994,50.0,0.299525,-0.016446
SIM-NCM-36-03,82,0.6994,100.0,0.307689,-0.017798
SIM-NCM-36-03,82,0.6994,200.0,0.300984,-0.021576
SIM-NCM-36-03,82,0.6994,500.0,0.307275,-0.019734
SIM-NCM-36-03,82,0.6994,1000.0,0.301506,-0.021474
SIM-NCM-36-03,82,0.6994,2000.0,0.29991,-0.024041
SIM-NCM-36-03,82,0.6994,5000.0,0.300965,-0.025332
SIM-NCM-36-03,82,0.6994,10000.0,0.303479,-0.026355
